<?xml version="1.0" encoding="UTF-8" standalone="no"?>
<databaseChangeLog xmlns="http://www.liquibase.org/xml/ns/dbchangelog"
	xmlns:ext="http://www.liquibase.org/xml/ns/dbchangelog-ext" xmlns:xsi="http://www.w3.org/2001/XMLSchema-instance"
	xsi:schemaLocation="http://www.liquibase.org/xml/ns/dbchangelog-ext http://www.liquibase.org/xml/ns/dbchangelog/dbchangelog-ext.xsd http://www.liquibase.org/xml/ns/dbchangelog http://www.liquibase.org/xml/ns/dbchangelog/dbchangelog-3.3.xsd">
	<changeSet author="generated" id="2016042716_CLAIM_T_RI_CLAIM_SETTLEMENT">
		<addColumn tableName="T_RI_CLAIM_SETTLEMENT">
			<column name="RELATED_SETTLEMENT_ID" remarks="related financial settlement id" type="NUMBER(10)" />
		</addColumn>
	</changeSet>
	<changeSet author="generated" id="2016042717_CLAIM_T_RI_CLAIM_SETTLEMENT_LOG">
		<addColumn tableName="T_RI_CLAIM_SETTLEMENT_LOG">
			<column name="RELATED_SETTLEMENT_ID" remarks="related financial settlement id" type="NUMBER(10)" />
		</addColumn>
	</changeSet>
</databaseChangeLog>
