<?xml version="1.0" encoding="UTF-8" standalone="no"?>
<databaseChangeLog xmlns="http://www.liquibase.org/xml/ns/dbchangelog" xmlns:ext="http://www.liquibase.org/xml/ns/dbchangelog-ext" xmlns:xsi="http://www.w3.org/2001/XMLSchema-instance" xsi:schemaLocation="http://www.liquibase.org/xml/ns/dbchangelog-ext http://www.liquibase.org/xml/ns/dbchangelog/dbchangelog-ext.xsd http://www.liquibase.org/xml/ns/dbchangelog http://www.liquibase.org/xml/ns/dbchangelog/dbchangelog-3.4.xsd">
    <changeSet author="jason.shi (generated)" id="1456819959385-1">
        <addColumn tableName="T_PUB_REVISION_INFO">
            <column name="END_EFFECTIVE_DATE" remarks="end effective date" type="datetime"/>
        </addColumn>
    </changeSet>
    <changeSet author="jason.shi (generated)" id="1456819959385-2">
        <addColumn tableName="T_PUB_REVISION_INFO">
            <column name="END_TIME" remarks="end time for this revision" type="datetime" />
        </addColumn>
    </changeSet>
    <changeSet author="jason.shi (generated)" id="1456819959385-3">
        <addColumn tableName="T_PUB_REVISION_INFO">
            <column name="INDEX_NUM" remarks="index number under this mater entity" type="NUMBER(5, 0)"/>
        </addColumn>
    </changeSet>
    <changeSet author="jason.shi (generated)" id="1456819959385-4">
        <addColumn tableName="T_PUB_REVISION_INFO">
            <column name="ISSUE_TIME" remarks="issue time" type="datetime"/>
        </addColumn>
    </changeSet>
    <changeSet author="jason.shi (generated)" id="1456819959385-5">
        <addColumn tableName="T_PUB_REVISION_INFO">
            <column defaultValue="N" name="IS_FIRST_EFFECTIVE_VERSION" remarks="is first effective version, NB Issue" type="CHAR(1)">
                <constraints nullable="false"/>
            </column>
        </addColumn>
    </changeSet>
    <changeSet author="jason.shi (generated)" id="1456819959385-6">
        <addColumn tableName="T_PUB_REVISION_INFO">
            <column defaultValue="N" name="IS_ROLLBACKED" remarks="is revision rollbacked" type="CHAR(1)">
                <constraints nullable="false"/>
            </column>
        </addColumn>
    </changeSet>
    <changeSet author="jason.shi (generated)" id="1456819959385-8">
        <addColumn tableName="T_PUB_REVISION_INFO">
            <column name="POLICY_ID" remarks="policy Id for this revision" type="NUMBER(10, 0)"/>
        </addColumn>
    </changeSet>
    <changeSet author="jason.shi (generated)" id="1456819959385-10">
        <addColumn tableName="T_PUB_REVISION_INFO">
            <column name="ROLLBACK_TIME" remarks="rollback time" type="datetime"/>
        </addColumn>
    </changeSet>
    <changeSet author="jason.shi (generated)" id="1456819959385-11">
        <addColumn tableName="T_PUB_REVISION_INFO">
            <column name="START_EFFECTIVE_DATE" remarks="revision effective date" type="datetime"/>
        </addColumn>
    </changeSet>
    <changeSet author="jason.shi (generated)" id="1456819959385-12">
        <addColumn tableName="T_PUB_REVISION_INFO">
            <column name="START_TIME" remarks="start time for this revision" type="datetime"/>
        </addColumn>
    </changeSet>

    <changeSet author="jason.shi (generated)" id="1456819959385-37-2">
        <sql splitStatements="false" stripComments="false">UPDATE T_PUB_REVISION_INFO A SET (END_EFFECTIVE_DATE,END_TIME,INDEX_NUM,ISSUE_TIME,POLICY_ID,ROLLBACK_TIME,START_EFFECTIVE_DATE,START_TIME) = (SELECT END_EFFECTIVE_DATE,END_TIME,INDEX_NUM,ISSUE_TIME,POLICY_ID,ROLLBACK_TIME,START_EFFECTIVE_DATE,START_TIME FROM T_PUB_SUB_REVISION_INFO B WHERE B.REVISION_ID=A.REVISION_ID AND B.MASTER_ENTITY_TYPE=1) WHERE exists (SELECT 1 from T_PUB_SUB_REVISION_INFO C  WHERE C.REVISION_ID=A.REVISION_ID AND C.MASTER_ENTITY_TYPE=1)</sql>
    </changeSet>
    

    
    

  
    <changeSet author="jason.shi (generated)" id="1456819959385-30">
        <modifyDataType columnName="LANGUAGE_ID" newDataType="varchar(10)" tableName="T_PUB_LANGUAGE"/>
    </changeSet>
    <changeSet author="jason.shi (generated)" id="1456819959385-31">
        <setColumnRemarks columnName="PARTY_ID" remarks="refer T_PTY_PARTY, don't add FK to avoid reference external table" tableName="T_PUB_USER"/>
    </changeSet>
  
</databaseChangeLog>
