<?xml version="1.0" encoding="UTF-8" standalone="no"?>
<databaseChangeLog xmlns="http://www.liquibase.org/xml/ns/dbchangelog" xmlns:ext="http://www.liquibase.org/xml/ns/dbchangelog-ext" xmlns:xsi="http://www.w3.org/2001/XMLSchema-instance" xsi:schemaLocation="http://www.liquibase.org/xml/ns/dbchangelog-ext http://www.liquibase.org/xml/ns/dbchangelog/dbchangelog-ext.xsd http://www.liquibase.org/xml/ns/dbchangelog http://www.liquibase.org/xml/ns/dbchangelog/dbchangelog-3.3.xsd">

    <changeSet author="generated" id="2016033101_T_RI_CONT_RETRO">
        <addColumn tableName="T_RI_CONT_RETRO">
            <column name="RETRO_CONTRACT_CODE" remarks="Contract ID" type="VARCHAR2(10)"/>
        </addColumn>
    </changeSet>
    <changeSet author="generated" id="2016033101_T_RI_CONT_RETRO_LOG">
        <addColumn tableName="T_RI_CONT_RETRO_LOG">
            <column name="RETRO_CONTRACT_CODE" type="VARCHAR2(10)"/>
        </addColumn>
    </changeSet>
    
</databaseChangeLog>