<?xml version="1.0" encoding="UTF-8" standalone="no"?>
<databaseChangeLog xmlns="http://www.liquibase.org/xml/ns/dbchangelog" xmlns:ext="http://www.liquibase.org/xml/ns/dbchangelog-ext" xmlns:xsi="http://www.w3.org/2001/XMLSchema-instance" xsi:schemaLocation="http://www.liquibase.org/xml/ns/dbchangelog-ext http://www.liquibase.org/xml/ns/dbchangelog/dbchangelog-ext.xsd http://www.liquibase.org/xml/ns/dbchangelog http://www.liquibase.org/xml/ns/dbchangelog/dbchangelog-3.3.xsd">
    <changeSet author="generated" id="T_RI_CLAIM_INFO_CLAIM_20160225_134000">
        <createTable remarks="claim infomation" tableName="T_RI_CLAIM_INFO">
            <column name="CLAIM_ID" remarks="claim id Primary key" type="NUMBER(10, 0)">
                <constraints nullable="false"/>
            </column>
            <column name="CLAIM_NO" remarks="claimNo" type="VARCHAR2(20)"/>
            <column name="EVENT_CODE" remarks="eventCode" type="NUMBER(10, 0)"/>
            <column name="CLAIM_BRANCH" remarks="CLAIM BRANCH" type="VARCHAR2(50)"/>
            <column name="CAUSE_OF_LOSS" remarks="CAUSE OF LOSS" type="VARCHAR2(10)"/>
            <column name="DATE_OF_REPORT" remarks="claim REPORT date" type="date"/>
            <column name="DATE_OF_LOSS_FROM" remarks="claim loss start date" type="date"/>
            <column name="DATE_OF_LOSS_TO" remarks="claim loss end  date" type="date"/>
            <column name="DATE_OF_CREATION" remarks="create claim date" type="date"/>
            <column name="LOSS_DESCRIPTION" remarks="LOSS DESCRIPTION" type="VARCHAR2(4000)"/>
            <column name="REMARK" remarks="REMARK" type="VARCHAR2(4000)"/>
            <column name="STATUS" remarks="claim status 0:open,1:close" type="VARCHAR2(2)"/>
            <column name="PORTFOLIO_TRANSFER_FLAG" remarks="PORTFOLIO TRANSFER FLAG" type="VARCHAR2(2)"/>
            <column name="PORTFOLIO_TRANSFER_REMIND_FLAG" remarks="PORTFOLIO TRANSFER REMIND FLAG" type="VARCHAR2(2)"/>
            <column name="LARGE_LOSS_REMIND_LVL1_FLAG" remarks="loss more than 1000000USD  flag" type="VARCHAR2(2)"/>
            <column name="LARGE_LOSS_REMIND_LVL2_FLAG" remarks="loss more than 1millionUSD  flag" type="VARCHAR2(2)"/>
            <column name="TOTAL_LOSS" remarks="TOTAL LOSS" type="NUMBER(20, 2)"/>
            <column name="TASK_OWNER" remarks="TASK OWNER" type="VARCHAR2(50)"/>
            <column name="OPERATING_BY" remarks="OPERATING_BY" type="VARCHAR2(50)"/>
            <column name="INSERT_BY" remarks="INSERT BY" type="NUMBER(10, 0)"/>
            <column name="UPDATE_BY" remarks="UPDATE BY" type="NUMBER(10, 0)"/>
            <column name="INSERT_TIME" remarks="INSERT  TIME" type="date"/>
            <column name="UPDATE_TIME" remarks="UPDATE TIME" type="date"/>
            <column name="RESERVE_UPDATE_REMARK" remarks="RESERVE UPDATE REMARK" type="VARCHAR2(4000)"/>
            <column name="RESERVE_UPDATE_REMARK_RETRO" remarks="RETRO  RESERVE UPDATE REMARK" type="VARCHAR2(4000)"/>
        </createTable>
    </changeSet>
    <changeSet author="generated" id="PK_T_RI_CLAIM_INFO">
        <addPrimaryKey columnNames="CLAIM_ID" constraintName="PK_T_RI_CLAIM_INFO" tableName="T_RI_CLAIM_INFO"/>
    </changeSet>
    <changeSet author="generated" id="FK_CL_EV_EVENT_CODE">
        <addForeignKeyConstraint baseColumnNames="EVENT_CODE" baseTableName="T_RI_CLAIM_INFO" constraintName="FK_CL_EV_EVENT_CODE" deferrable="false" initiallyDeferred="false" onDelete="RESTRICT" onUpdate="RESTRICT" referencedColumnNames="EVENT_ID" referencedTableName="T_RI_CLAIM_EVENT"/>
    </changeSet>
</databaseChangeLog>
