<?xml version="1.0" encoding="UTF-8" standalone="no"?>
<databaseChangeLog xmlns="http://www.liquibase.org/xml/ns/dbchangelog"
	xmlns:ext="http://www.liquibase.org/xml/ns/dbchangelog-ext" xmlns:xsi="http://www.w3.org/2001/XMLSchema-instance"
	xsi:schemaLocation="http://www.liquibase.org/xml/ns/dbchangelog-ext http://www.liquibase.org/xml/ns/dbchangelog/dbchangelog-ext.xsd http://www.liquibase.org/xml/ns/dbchangelog http://www.liquibase.org/xml/ns/dbchangelog/dbchangelog-3.3.xsd">
	<changeSet author="jason.shi" id="20160129_mssql_drop_column"
		runOnChange="true">
		<!-- <createProcedure dbms="mssql" encoding="utf8" path="/initdata/store_procedure/mssql/DropColumnWithDefaultConstraintAndIndex.sql" 
			procedureName="DropColumnWithDefaultConstraintAndIndex" relativeToChangelogFile="false"> 
			</createProcedure> // -->
		<sqlFile dbms="mssql" encoding="utf8" endDelimiter=""
			path="mssql/delete_procedure_DropColumnWithDefaultConstraintAndIndex.sql"
			relativeToChangelogFile="true" splitStatements="false" stripComments="false" />
		<sqlFile dbms="mssql" encoding="utf8" endDelimiter=""
			path="mssql/DropColumnWithDefaultConstraintAndIndex.sql"
			relativeToChangelogFile="true" splitStatements="false" stripComments="false" />
	</changeSet>
	<changeSet author="jason.shi (generated)" id="1451448994675-1">
		<createTable tableName="T_PUB_3RD_PAYMENT_PLATFORM">
			<column name="THIRDPARTY_PAYMENT_PLATFORM" type="NUMBER(3, 0)">
				<constraints nullable="false" />
			</column>
			<column name="TYPE_NAME" type="VARCHAR2(100)">
				<constraints nullable="false" />
			</column>
			<column name="RECORD_USAGE"
				remarks="Record usage for definition data,ref T_PUB_RECORD_USAGE"
				type="NUMBER(1, 0)" />
		</createTable>
	</changeSet>
	<changeSet author="jason.shi (generated)" id="1451448994675-2">
		<createTable tableName="T_PUB_ACCOUNT_HOLDER_TYPE">
			<column name="ACCOUNT_HOLDER_TYPE" type="VARCHAR2(2)">
				<constraints nullable="false" />
			</column>
			<column name="TYPE_NAME" type="VARCHAR2(100)">
				<constraints nullable="false" />
			</column>
			<column name="RECORD_USAGE"
				remarks="Record usage for definition data,ref T_PUB_RECORD_USAGE"
				type="NUMBER(1, 0)" />
		</createTable>
	</changeSet>
	<changeSet author="jason.shi (generated)" id="1451448994675-3">
		<createTable tableName="T_PUB_ACCOUNT_PURPOSE">
			<column name="ACCOUNT_PURPOSE" type="NUMBER(2, 0)">
				<constraints nullable="false" />
			</column>
			<column name="TYPE_NAME" type="VARCHAR2(100)">
				<constraints nullable="false" />
			</column>
			<column name="RECORD_USAGE"
				remarks="Record usage for definition data,ref T_PUB_RECORD_USAGE"
				type="NUMBER(1, 0)" />
		</createTable>
	</changeSet>
	<changeSet author="jason.shi (generated)" id="1451448994675-4">
		<createTable tableName="T_PUB_ACCOUNT_STATUS">
			<column name="ACCOUNT_STATUS" type="NUMBER(2, 0)">
				<constraints nullable="false" />
			</column>
			<column name="TYPE_NAME" type="VARCHAR2(100)">
				<constraints nullable="false" />
			</column>
			<column name="RECORD_USAGE"
				remarks="Record usage for definition data,ref T_PUB_RECORD_USAGE"
				type="NUMBER(1, 0)" />
		</createTable>
	</changeSet>
	<changeSet author="jason.shi (generated)" id="1451448994675-5">
		<createTable tableName="T_PUB_ACCOUNT_TYPE">
			<column name="ACCOUNT_TYPE" type="NUMBER(2, 0)">
				<constraints nullable="false" />
			</column>
			<column name="TYPE_NAME" type="VARCHAR2(100)">
				<constraints nullable="false" />
			</column>
			<column name="RECORD_USAGE"
				remarks="Record usage for definition data,ref T_PUB_RECORD_USAGE"
				type="NUMBER(1, 0)" />
		</createTable>
	</changeSet>
	<changeSet author="jason.shi (generated)" id="1451448994675-6">
		<createTable tableName="T_PUB_BANK">
			<column name="BANK_ID" type="NUMBER(5, 0)">
				<constraints nullable="false" />
			</column>
			<column name="BANK_CODE" type="VARCHAR2(20)" />
			<column name="BANK_NAME" type="VARCHAR2(100)" />
			<column name="RECORD_USAGE"
				remarks="Record usage for definition data,ref T_PUB_RECORD_USAGE"
				type="NUMBER(1, 0)" />
		</createTable>
	</changeSet>
	<changeSet author="jason.shi (generated)" id="1451448994675-7">
		<createTable tableName="T_PUB_COMMISSION_CATEGORY">
			<column name="COMMISSION_CATEGORY_ID" type="NUMBER(10, 0)">
				<constraints nullable="false" />
			</column>
			<column name="CODE" type="VARCHAR2(50)" />
			<column name="NAME" type="VARCHAR2(100)" />
			<column name="DESCRIPTION" type="VARCHAR2(500)" />
			<column defaultValueComputed="-11" name="INSERT_BY" remarks="Insert user id"
				type="NUMBER(10, 0)">
				<constraints nullable="false" />
			</column>
			<column defaultValueComputed="-11" name="UPDATE_BY"
				remarks="Latest update user id" type="NUMBER(10, 0)">
				<constraints nullable="false" />
			</column>
			<column defaultValueComputed="CURRENT_TIMESTAMP" name="INSERT_TIME"
				remarks="Record insert time" type="datetime">
				<constraints nullable="false" />
			</column>
			<column defaultValueComputed="CURRENT_TIMESTAMP" name="UPDATE_TIME"
				remarks="Record update time" type="datetime">
				<constraints nullable="false" />
			</column>
		</createTable>
	</changeSet>
	<changeSet author="jason.shi (generated)" id="1451448994675-8">
		<createTable remarks="COUNTRY definition follow ISO standard"
			tableName="T_PUB_COUNTRY">
			<column name="COUNTRY_CODE" remarks="Country code" type="VARCHAR2(2)">
				<constraints nullable="false" />
			</column>
			<column name="COUNTRY_NAME" remarks="ISO Country Name" type="VARCHAR2(60)" />
			<column name="COUNTRY_CODE3" remarks="Country code,length 3"
				type="VARCHAR2(3)" />
		</createTable>
	</changeSet>
	<changeSet author="jason.shi (generated)" id="1451448994675-9">
		<createTable tableName="T_PUB_CREDIT_CARD_TYPE">
			<column name="CREDIT_CARD_TYPE" type="NUMBER(2, 0)">
				<constraints nullable="false" />
			</column>
			<column name="TYPE_NAME" type="VARCHAR2(100)">
				<constraints nullable="false" />
			</column>
			<column name="RECORD_USAGE"
				remarks="Record usage for definition data,ref T_PUB_RECORD_USAGE"
				type="NUMBER(1, 0)" />
		</createTable>
	</changeSet>
	<changeSet author="jason.shi (generated)" id="1451448994675-10">
		<createTable tableName="T_PUB_CURRENCY">
			<column name="CURRENCY_NAME" type="VARCHAR2(50)" />
			<column name="CURRENCY_SIGN" type="VARCHAR2(3)" />
			<column name="CURRENCY_CODE" type="VARCHAR2(3)">
				<constraints nullable="false" />
			</column>
		</createTable>
	</changeSet>
	<changeSet author="jason.shi (generated)" id="1451448994675-11">
		<createTable tableName="T_PUB_DATA_TYPE">
			<column name="DATA_TYPE" type="NUMBER(5, 0)">
				<constraints nullable="false" />
			</column>
			<column name="NAME" type="VARCHAR2(100)" />
			<column name="DESCRIPTION" type="VARCHAR2(500)" />
			<column defaultValueComputed="-11" name="INSERT_BY" remarks="Insert user id"
				type="NUMBER(10, 0)">
				<constraints nullable="false" />
			</column>
			<column defaultValueComputed="-11" name="UPDATE_BY"
				remarks="Latest update user id" type="NUMBER(10, 0)">
				<constraints nullable="false" />
			</column>
			<column defaultValueComputed="CURRENT_TIMESTAMP" name="INSERT_TIME"
				remarks="Record insert time" type="datetime">
				<constraints nullable="false" />
			</column>
			<column defaultValueComputed="CURRENT_TIMESTAMP" name="UPDATE_TIME"
				remarks="Record update time" type="datetime">
				<constraints nullable="false" />
			</column>
		</createTable>
	</changeSet>
	<changeSet author="jason.shi (generated)" id="1451448994675-12">
		<createTable tableName="T_PUB_FEE_TYPE_CATEGORY">
			<column name="CATEGORY_ID" type="NUMBER(10, 0)">
				<constraints nullable="false" />
			</column>
			<column name="CATEGORY_NAME" type="VARCHAR2(500)" />
			<column defaultValueComputed="-11" name="INSERT_BY"
				remarks="User Id who insert this record" type="NUMBER(10, 0)">
				<constraints nullable="false" />
			</column>
			<column defaultValueComputed="-11" name="UPDATE_BY"
				remarks="User Id who update this record" type="NUMBER(10, 0)">
				<constraints nullable="false" />
			</column>
			<column defaultValueComputed="CURRENT_TIMESTAMP" name="INSERT_TIME"
				remarks="Record Insert Time" type="datetime">
				<constraints nullable="false" />
			</column>
			<column defaultValueComputed="CURRENT_TIMESTAMP" name="UPDATE_TIME"
				remarks="Record Update Time" type="datetime">
				<constraints nullable="false" />
			</column>
			<column name="RECORD_USAGE"
				remarks="Record usage for definition data,ref T_PUB_RECORD_USAGE"
				type="NUMBER(1, 0)" />
		</createTable>
	</changeSet>
	<changeSet author="jason.shi (generated)" id="1451448994675-13">
		<createTable tableName="T_PUB_FEE_TYPE_DEFINITION">
			<column name="FEE_TYPE_ID" type="NUMBER(10, 0)">
				<constraints nullable="false" />
			</column>
			<column name="FEE_TYPE_CATEGORY_ID" type="NUMBER(10, 0)" />
			<column name="FEE_TYPE_NAME" type="VARCHAR2(50)" />
			<column name="FEE_TYPE_DESCRIPTION" type="VARCHAR2(100)" />
			<column defaultValueComputed="-11" name="INSERT_BY"
				remarks="User Id who insert this record" type="NUMBER(10, 0)">
				<constraints nullable="false" />
			</column>
			<column defaultValueComputed="-11" name="UPDATE_BY"
				remarks="User Id who update this record" type="NUMBER(10, 0)">
				<constraints nullable="false" />
			</column>
			<column defaultValueComputed="CURRENT_TIMESTAMP" name="INSERT_TIME"
				remarks="Record Insert Time" type="datetime">
				<constraints nullable="false" />
			</column>
			<column defaultValueComputed="CURRENT_TIMESTAMP" name="UPDATE_TIME"
				remarks="Record Update Time" type="datetime">
				<constraints nullable="false" />
			</column>
			<column name="RECORD_USAGE"
				remarks="Record usage for definition data,ref T_PUB_RECORD_USAGE"
				type="NUMBER(1, 0)" />
		</createTable>
	</changeSet>
	<changeSet author="jason.shi (generated)" id="1451448994675-14">
		<createTable tableName="T_PUB_FEE_TYPE_MAPPING">
			<column name="MAPPING_ID" type="NUMBER(10, 0)">
				<constraints nullable="false" />
			</column>
			<column name="FEE_TYPE_ID" type="NUMBER(10, 0)" />
			<column name="FEE_TYPE_TRANS_ID" type="NUMBER(10, 0)" />
			<column name="APPLICABLE_LEVEL" type="VARCHAR2(400)" />
			<column name="APPLICABLE_CONDITION" type="VARCHAR2(4000)" />
			<column defaultValue="N" name="NEED_POST_GL" type="CHAR(1)" />
			<column defaultValue="N" name="NEED_POST_FN" type="CHAR(1)" />
			<column defaultValue="N" name="INSTALLMENT_INDICATOR" type="CHAR(1)" />
			<column defaultValueComputed="-11" name="INSERT_BY"
				remarks="User Id who insert this record" type="NUMBER(10, 0)">
				<constraints nullable="false" />
			</column>
			<column defaultValueComputed="-11" name="UPDATE_BY"
				remarks="User Id who update this record" type="NUMBER(10, 0)">
				<constraints nullable="false" />
			</column>
			<column defaultValueComputed="CURRENT_TIMESTAMP" name="INSERT_TIME"
				remarks="Record Insert Time" type="datetime">
				<constraints nullable="false" />
			</column>
			<column defaultValueComputed="CURRENT_TIMESTAMP" name="UPDATE_TIME"
				remarks="Record Update Time" type="datetime">
				<constraints nullable="false" />
			</column>
			<column name="RECORD_USAGE"
				remarks="Record usage for definition data,ref T_PUB_RECORD_USAGE"
				type="NUMBER(1, 0)" />
		</createTable>
	</changeSet>
	<changeSet author="jason.shi (generated)" id="1451448994675-15">
		<createTable tableName="T_PUB_FEE_TYPE_TRANS">
			<column name="TRANS_ID" type="NUMBER(10, 0)">
				<constraints nullable="false" />
			</column>
			<column name="TRANS_CODE" type="VARCHAR2(100)" />
			<column name="TRANS_NAME" type="VARCHAR2(500)" />
			<column defaultValueComputed="-11" name="INSERT_BY"
				remarks="User Id who insert this record" type="NUMBER(10, 0)">
				<constraints nullable="false" />
			</column>
			<column defaultValueComputed="-11" name="UPDATE_BY"
				remarks="User Id who update this record" type="NUMBER(10, 0)">
				<constraints nullable="false" />
			</column>
			<column defaultValueComputed="CURRENT_TIMESTAMP" name="INSERT_TIME"
				remarks="Record Insert Time" type="datetime">
				<constraints nullable="false" />
			</column>
			<column defaultValueComputed="CURRENT_TIMESTAMP" name="UPDATE_TIME"
				remarks="Record Update Time" type="datetime">
				<constraints nullable="false" />
			</column>
			<column name="RECORD_USAGE"
				remarks="Record usage for definition data,ref T_PUB_RECORD_USAGE"
				type="NUMBER(1, 0)" />
		</createTable>
	</changeSet>
	<changeSet author="jason.shi (generated)" id="1451448994675-16">
		<createTable
			remarks="Upload file table,used by different application. The processed file will be archieved."
			tableName="T_PUB_FILE_UPLOAD_TASK">
			<column name="UPLOAD_TASK_ID" type="NUMBER(10, 0)">
				<constraints nullable="false" />
			</column>
			<column name="FILE_NAME" remarks="Physical File name without path"
				type="VARCHAR2(255)">
				<constraints nullable="false" />
			</column>
			<column name="FILE_DATA" remarks="original file data" type="BLOB" />
			<column name="TASK_TYPE" remarks="task type" type="NUMBER(5, 0)">
				<constraints nullable="false" />
			</column>
			<column name="UPLOAD_TIME" remarks="File upload time" type="datetime">
				<constraints nullable="false" />
			</column>
			<column name="PROCESS_TIME" remarks="File process time" type="datetime" />
			<column defaultValueNumeric="1" name="TASK_STATUS" remarks="file process status"
				type="NUMBER(2, 0)">
				<constraints nullable="false" />
			</column>
			<column name="DYNAMIC_FIELDS" remarks="Dynamic fields in json format"
				type="VARCHAR2(4000)" />
			<column name="UPDATE_TIME" remarks="Record update time" type="datetime">
				<constraints nullable="false" />
			</column>
			<column name="UPDATE_BY" remarks="Latest update user id" type="NUMBER(10, 0)">
				<constraints nullable="false" />
			</column>
			<column name="INSERT_BY" remarks="Insert user id" type="NUMBER(10, 0)">
				<constraints nullable="false" />
			</column>
			<column name="INSERT_TIME" remarks="Record insert time" type="datetime">
				<constraints nullable="false" />
			</column>
			<column name="IS_PROCESS_SUCCESS" remarks="Process result"
				type="VARCHAR2(1)" />
			<column name="RESULT_MESSAGE" type="VARCHAR2(4000)" />
			<column name="OWNED_BUSINESS_OBJECT_ID"
				remarks="The business object id which the object owns the upload file task"
				type="NUMBER(10, 0)" />
			<column name="OWNED_ENTITY_ID"
				remarks="The entity idwhich the object owns the upload file task"
				type="NUMBER(19, 0)" />
		</createTable>
	</changeSet>
	<changeSet author="jason.shi (generated)" id="1451448994675-17">
		<createTable tableName="T_PUB_FILE_UPLOAD_TASK_STATUS">
			<column name="TASK_STATUS" type="NUMBER(2, 0)">
				<constraints nullable="false" />
			</column>
			<column name="STATUS_NAME" type="VARCHAR2(50)">
				<constraints nullable="false" />
			</column>
			<column name="RECORD_USAGE"
				remarks="Record usage for definition data,ref T_PUB_RECORD_USAGE"
				type="NUMBER(1, 0)">
				<constraints nullable="false" />
			</column>
		</createTable>
	</changeSet>
	<changeSet author="jason.shi (generated)" id="1451448994675-18">
		<createTable tableName="T_PUB_FILE_UPLOAD_TASK_TYPE">
			<column name="TASK_TYPE" type="NUMBER(5, 0)">
				<constraints nullable="false" />
			</column>
			<column name="TYPE_NAME" type="VARCHAR2(255)">
				<constraints nullable="false" />
			</column>
			<column name="RECORD_USAGE"
				remarks="Record usage for definition data,ref T_PUB_RECORD_USAGE"
				type="NUMBER(1, 0)">
				<constraints nullable="false" />
			</column>
		</createTable>
	</changeSet>
	<changeSet author="jason.shi (generated)" id="1451448994675-19">
		<createTable remarks="Languages" tableName="T_PUB_LANGUAGE">
			<column name="LANGUAGE_ID" type="VARCHAR2(200)">
				<constraints nullable="false" />
			</column>
			<column name="DESCRIPTION" type="VARCHAR2(500)">
				<constraints nullable="false" />
			</column>
			<column defaultValue="N" name="IS_ACTIVE" type="CHAR(1)">
				<constraints nullable="false" />
			</column>
			<column defaultValueComputed="-1" name="RECORD_USAGE" type="NUMBER(1, 0)" />
			<column defaultValueComputed="-11" name="INSERT_BY" type="NUMBER(10, 0)">
				<constraints nullable="false" />
			</column>
			<column defaultValueComputed="-11" name="UPDATE_BY" type="NUMBER(10, 0)">
				<constraints nullable="false" />
			</column>
			<column defaultValueComputed="CURRENT_TIMESTAMP" name="INSERT_TIME"
				type="datetime">
				<constraints nullable="false" />
			</column>
			<column defaultValueComputed="CURRENT_TIMESTAMP" name="UPDATE_TIME"
				type="datetime">
				<constraints nullable="false" />
			</column>
		</createTable>
	</changeSet>
	<changeSet author="jason.shi (generated)" id="1451448994675-20">
		<createTable tableName="T_PUB_LOCK">
			<column name="RESOURCE_NAME" remarks="被锁定的资源名称，通常是资源类型+ID"
				type="VARCHAR2(255)">
				<constraints nullable="false" />
			</column>
			<column name="LOCKER_OWNER" remarks="锁的OWNER" type="VARCHAR2(255)">
				<constraints nullable="false" />
			</column>
			<column name="LOCK_TIME" remarks="锁定时间" type="datetime">
				<constraints nullable="false" />
			</column>
			<column name="TIMEOUT_SECOND" remarks="TIMEOUT时间，0表示无超时设置"
				type="NUMBER(10, 0)">
				<constraints nullable="false" />
			</column>
			<column name="RESOURCE_CATEGORY" remarks="资源类型" type="VARCHAR2(100)">
				<constraints nullable="false" />
			</column>
			<column name="INSERT_TIME" remarks="Record insert time" type="datetime">
				<constraints nullable="false" />
			</column>
			<column name="UPDATE_TIME" remarks="Record update time" type="datetime">
				<constraints nullable="false" />
			</column>
			<column defaultValueNumeric="1" name="VER_SEQ" remarks="乐观锁"
				type="NUMBER(10, 0)">
				<constraints nullable="false" />
			</column>
		</createTable>
	</changeSet>
	<changeSet author="jason.shi (generated)" id="1451448994675-21">
		<createTable tableName="T_PUB_NUMBERING_SEQ">
			<column name="NUMBERING_TYPE" type="VARCHAR2(255)">
				<constraints nullable="false" />
			</column>
			<column name="NUMBERING" type="VARCHAR2(255)">
				<constraints nullable="false" />
			</column>
			<column name="SEQ_NUM" type="NUMBER(20, 0)">
				<constraints nullable="false" />
			</column>
		</createTable>
	</changeSet>
	<changeSet author="jason.shi (generated)" id="1451448994675-22">
		<createTable tableName="T_PUB_PARA_DEF">
			<column name="PARA_NAME" remarks="Parameter name" type="VARCHAR2(255)">
				<constraints nullable="false" />
			</column>
			<column name="PARA_DESC" remarks="paremeter description" type="VARCHAR2(4000)" />
			<column name="DATA_TYPE" remarks="data type" type="NUMBER(5, 0)">
				<constraints nullable="false" />
			</column>
			<column name="PARA_VALUE" remarks="para value for non-org related parameter"
				type="VARCHAR2(4000)" />
			<column defaultValue="N" name="IS_ORG_RELA"
				remarks="Whether the parameter value is org related" type="CHAR(1)">
				<constraints nullable="false" />
			</column>
			<column defaultValueComputed="-11" name="INSERT_BY" remarks="Insert user id"
				type="NUMBER(10, 0)">
				<constraints nullable="false" />
			</column>
			<column defaultValueComputed="-11" name="UPDATE_BY"
				remarks="Latest update user id" type="NUMBER(10, 0)">
				<constraints nullable="false" />
			</column>
			<column defaultValueComputed="CURRENT_TIMESTAMP" name="INSERT_TIME"
				remarks="Record insert time" type="datetime">
				<constraints nullable="false" />
			</column>
			<column defaultValueComputed="CURRENT_TIMESTAMP" name="UPDATE_TIME"
				remarks="Record update time" type="datetime">
				<constraints nullable="false" />
			</column>
			<column name="RECORD_USAGE"
				remarks="Record usage for definition data,ref T_PUB_RECORD_USAGE"
				type="NUMBER(1, 0)">
				<constraints nullable="false" />
			</column>
			<column name="PARA_ID" remarks="parameter id" type="NUMBER(10, 0)">
				<constraints nullable="false" />
			</column>
		</createTable>
	</changeSet>
	<changeSet author="jason.shi (generated)" id="1451448994675-23">
		<createTable remarks="Org level para value" tableName="T_PUB_PARA_VALUE">
			<column name="PARA_VALUE" type="VARCHAR2(4000)">
				<constraints nullable="false" />
			</column>
			<column name="ORG_ID" type="NUMBER(10, 0)">
				<constraints nullable="false" />
			</column>
			<column defaultValueComputed="-11" name="INSERT_BY" remarks="Insert user id"
				type="NUMBER(10, 0)">
				<constraints nullable="false" />
			</column>
			<column defaultValueComputed="-11" name="UPDATE_BY"
				remarks="Latest update user id" type="NUMBER(10, 0)">
				<constraints nullable="false" />
			</column>
			<column defaultValueComputed="CURRENT_TIMESTAMP" name="INSERT_TIME"
				remarks="Record insert time" type="datetime">
				<constraints nullable="false" />
			</column>
			<column defaultValueComputed="CURRENT_TIMESTAMP" name="UPDATE_TIME"
				remarks="Record update time" type="datetime">
				<constraints nullable="false" />
			</column>
			<column name="PARA_VALUE_ID" remarks="Value id" type="NUMBER(10, 0)">
				<constraints nullable="false" />
			</column>
			<column name="PARA_ID" remarks="para id" type="NUMBER(10, 0)">
				<constraints nullable="false" />
			</column>
		</createTable>
	</changeSet>
	<changeSet author="jason.shi (generated)" id="1451448994675-24">
		<createTable tableName="T_PUB_PAY_MODE">
			<column name="PAY_MODE" type="NUMBER(19, 0)">
				<constraints nullable="false" />
			</column>
			<column name="MODE_NAME" type="VARCHAR2(100)" />
			<column name="RECORD_USAGE"
				remarks="Record usage for definition data,ref T_PUB_RECORD_USAGE"
				type="NUMBER(1, 0)" />
		</createTable>
	</changeSet>
	<changeSet author="jason.shi (generated)" id="1451448994675-25">
		<createTable tableName="T_PUB_PERMISSION">
			<column name="ID" type="NUMBER(10, 0)">
				<constraints nullable="false" />
			</column>
			<column name="NAME" type="VARCHAR2(255)" />
			<column name="DESCRIPTION" type="VARCHAR2(255)" />
			<column name="PARENT_NAME" type="VARCHAR2(255)" />
			<column name="TYPE" type="NUMBER(10, 0)" />
			<column name="CONTEXT" type="VARCHAR2(255)" />
			<column name="CODE" type="VARCHAR2(255)" />
		</createTable>
	</changeSet>
	<changeSet author="jason.shi (generated)" id="1451448994675-26">
		<createTable tableName="T_PUB_PERMISSION_TYPE">
			<column name="ID" type="NUMBER(10, 0)">
				<constraints nullable="false" />
			</column>
			<column name="NAME" type="VARCHAR2(255)" />
			<column name="TYPE" type="NUMBER(10, 0)" />
			<column name="INSERT_BY" remarks="User Id who insert this record"
				type="NUMBER(19, 0)">
				<constraints nullable="false" />
			</column>
			<column name="INSERT_TIME" remarks="Record Insert Time" type="TIMESTAMP(6)">
				<constraints nullable="false" />
			</column>
			<column name="UPDATE_BY" remarks="User Id who update this record"
				type="NUMBER(19, 0)">
				<constraints nullable="false" />
			</column>
			<column name="UPDATE_TIME" remarks="Record Update Time" type="TIMESTAMP(6)">
				<constraints nullable="false" />
			</column>
		</createTable>
	</changeSet>
	<changeSet author="jason.shi (generated)" id="1451448994675-27">
		<createTable tableName="T_PUB_RECORD_USAGE">
			<column name="RECORD_USAGE"
				remarks="Record usage for definition data,ref T_PUB_RECORD_USAGE"
				type="NUMBER(1, 0)">
				<constraints nullable="false" />
			</column>
			<column name="USAGE_NAME" type="VARCHAR2(40)">
				<constraints nullable="false" />
			</column>
		</createTable>
	</changeSet>
	<changeSet author="jason.shi (generated)" id="1451448994675-28">
		<createTable tableName="T_PUB_REINSURANCE_LOB">
			<column name="LOB_ID" type="NUMBER(10, 0)">
				<constraints nullable="false" />
			</column>
			<column name="CODE" type="VARCHAR2(50)" />
			<column name="NAME" type="VARCHAR2(100)" />
			<column name="DESCRIPTION" type="VARCHAR2(500)" />
			<column defaultValueComputed="-11" name="INSERT_BY" remarks="Insert user id"
				type="NUMBER(10, 0)">
				<constraints nullable="false" />
			</column>
			<column defaultValueComputed="-11" name="UPDATE_BY"
				remarks="Latest update user id" type="NUMBER(10, 0)">
				<constraints nullable="false" />
			</column>
			<column defaultValueComputed="CURRENT_TIMESTAMP" name="INSERT_TIME"
				remarks="Record insert time" type="datetime">
				<constraints nullable="false" />
			</column>
			<column defaultValueComputed="CURRENT_TIMESTAMP" name="UPDATE_TIME"
				remarks="Record update time" type="datetime">
				<constraints nullable="false" />
			</column>
		</createTable>
	</changeSet>
	<changeSet author="jason.shi (generated)" id="1451448994675-29">
		<createTable tableName="T_PUB_RESERVE_CATEGORY">
			<column name="RESERVE_CATEGORY_ID" type="NUMBER(10, 0)">
				<constraints nullable="false" />
			</column>
			<column name="CODE" type="VARCHAR2(50)" />
			<column name="NAME" type="VARCHAR2(100)" />
			<column name="DESCRIPTION" type="VARCHAR2(500)" />
			<column defaultValueComputed="-11" name="INSERT_BY" remarks="Insert user id"
				type="NUMBER(10, 0)">
				<constraints nullable="false" />
			</column>
			<column defaultValueComputed="-11" name="UPDATE_BY"
				remarks="Latest update user id" type="NUMBER(10, 0)">
				<constraints nullable="false" />
			</column>
			<column defaultValueComputed="CURRENT_TIMESTAMP" name="INSERT_TIME"
				remarks="Record insert time" type="datetime">
				<constraints nullable="false" />
			</column>
			<column defaultValueComputed="CURRENT_TIMESTAMP" name="UPDATE_TIME"
				remarks="Record update time" type="datetime">
				<constraints nullable="false" />
			</column>
		</createTable>
	</changeSet>
	<changeSet author="jason.shi (generated)" id="1451448994675-30">
		<createTable tableName="T_PUB_RESOURCE_BUNDLE">
			<column name="LANGUAGE_ID" remarks="java locale" type="VARCHAR2(10)">
				<constraints nullable="false" />
			</column>
			<column name="MESSAGE_CODE" type="VARCHAR2(255)">
				<constraints nullable="false" />
			</column>
			<column name="MESSAGE_DATA" type="VARCHAR2(255)">
				<constraints nullable="false" />
			</column>
			<column defaultValueComputed="CURRENT_TIMESTAMP" name="INSERT_TIME"
				remarks="Record insert time" type="datetime">
				<constraints nullable="false" />
			</column>
			<column defaultValueComputed="CURRENT_TIMESTAMP" name="UPDATE_TIME"
				remarks="Record update time" type="datetime">
				<constraints nullable="false" />
			</column>
			<column name="INSERT_BY" remarks="Insert user id" type="NUMBER(10, 0)">
				<constraints nullable="false" />
			</column>
			<column name="UPDATE_BY" remarks="Latest update user id" type="NUMBER(10, 0)">
				<constraints nullable="false" />
			</column>
			<column name="RESOURCE_ID" type="NUMBER(10, 0)">
				<constraints nullable="false" />
			</column>
			<column name="RECORD_USAGE"
				remarks="Record usage for definition data,ref T_PUB_RECORD_USAGE"
				type="NUMBER(1, 0)">
				<constraints nullable="false" />
			</column>
		</createTable>
	</changeSet>
	<changeSet author="jason.shi (generated)" id="1451448994675-31">
		<createTable remarks="TO BE DELETE" tableName="T_PUB_REVISION_INFO">
			<column name="REVISION_ID" type="NUMBER(19, 0)">
				<constraints nullable="false" />
			</column>
			<column name="REVISION_TIMESTAMP" type="NUMBER(15, 0)">
				<constraints nullable="false" />
			</column>
			<column name="INSERT_BY" remarks="Insert user id" type="NUMBER(10, 0)">
				<constraints nullable="false" />
			</column>
			<column name="UPDATE_BY" remarks="Latest update user id" type="NUMBER(10, 0)">
				<constraints nullable="false" />
			</column>
			<column name="INSERT_TIME" remarks="Record insert time" type="datetime">
				<constraints nullable="false" />
			</column>
			<column name="UPDATE_TIME" remarks="Record update time" type="datetime">
				<constraints nullable="false" />
			</column>
			<column name="TRANSACTION_ID" type="NUMBER(15, 0)">
				<constraints nullable="false" />
			</column>
			<column name="REVISION_COMMENTS" type="VARCHAR2(255)" />
			<column name="TRANSACTION_TYPE" type="NUMBER(10, 0)" />
		</createTable>
	</changeSet>
	<changeSet author="jason.shi (generated)" id="1451448994675-32">
		<createTable tableName="T_PUB_ROLE">
			<column name="ROLE_ID" type="NUMBER(10, 0)">
				<constraints nullable="false" />
			</column>
			<column name="ROLE_TYPE" type="VARCHAR2(20)" />
			<column name="DESCRIPTION" type="VARCHAR2(20)" />
			<column name="NAME" type="VARCHAR2(20)" />
			<column defaultValueComputed="-11" name="INSERT_BY" remarks="Insert user id"
				type="NUMBER(10, 0)">
				<constraints nullable="false" />
			</column>
			<column defaultValueComputed="-11" name="UPDATE_BY"
				remarks="Latest update user id" type="NUMBER(10, 0)">
				<constraints nullable="false" />
			</column>
			<column defaultValueComputed="CURRENT_TIMESTAMP" name="INSERT_TIME"
				remarks="Record insert time" type="datetime">
				<constraints nullable="false" />
			</column>
			<column defaultValueComputed="CURRENT_TIMESTAMP" name="UPDATE_TIME"
				remarks="Record update time" type="datetime">
				<constraints nullable="false" />
			</column>
			<column name="ORG_ID" type="NUMBER(10, 0)" />
		</createTable>
	</changeSet>
	<changeSet author="jason.shi (generated)" id="1451448994675-33">
		<createTable tableName="T_PUB_ROLE_PERMISSION">
			<column name="ID" type="NUMBER(10, 0)">
				<constraints nullable="false" />
			</column>
			<column name="ROLE_ID" type="NUMBER(10, 0)">
				<constraints nullable="false" />
			</column>
			<column defaultValueComputed="-11" name="INSERT_BY" remarks="Insert user id"
				type="NUMBER(10, 0)">
				<constraints nullable="false" />
			</column>
			<column defaultValueComputed="-11" name="UPDATE_BY"
				remarks="Latest update user id" type="NUMBER(10, 0)">
				<constraints nullable="false" />
			</column>
			<column defaultValueComputed="CURRENT_TIMESTAMP" name="INSERT_TIME"
				remarks="Record insert time" type="datetime">
				<constraints nullable="false" />
			</column>
			<column defaultValueComputed="CURRENT_TIMESTAMP" name="UPDATE_TIME"
				remarks="Record update time" type="datetime">
				<constraints nullable="false" />
			</column>
			<column name="PERMISSION_TYPE" type="NUMBER(10, 0)" />
			<column name="PERMISSION_CODE" type="VARCHAR2(255)" />
		</createTable>
	</changeSet>
	<changeSet author="jason.shi (generated)" id="1451448994675-34">
		<createTable tableName="T_PUB_ROLE_TYPE">
			<column name="ID" type="NUMBER(10, 0)" />
			<column name="NAME" type="VARCHAR2(255)" />
			<column name="INSERT_BY" remarks="User Id who insert this record"
				type="NUMBER(19, 0)">
				<constraints nullable="false" />
			</column>
			<column name="INSERT_TIME" remarks="Record Insert Time" type="TIMESTAMP(6)">
				<constraints nullable="false" />
			</column>
			<column name="UPDATE_BY" remarks="User Id who update this record"
				type="NUMBER(19, 0)">
				<constraints nullable="false" />
			</column>
			<column name="UPDATE_TIME" remarks="Record Update Time" type="TIMESTAMP(6)">
				<constraints nullable="false" />
			</column>
		</createTable>
	</changeSet>
	<changeSet author="jason.shi (generated)" id="1451448994675-35">
		<createTable tableName="T_PUB_SEQUENCE">
			<column name="SEQUENCE_NAME" type="VARCHAR2(40)">
				<constraints nullable="false" />
			</column>
			<column name="NEXT_VAL" remarks="next sequence value" type="NUMBER(15, 0)">
				<constraints nullable="false" />
			</column>
			<column name="INCREMENT_SIZE" remarks="only for performance"
				type="NUMBER(5, 0)">
				<constraints nullable="false" />
			</column>
			<column name="SEQUENCE_COMMENTS" type="VARCHAR2(255)" />
		</createTable>
	</changeSet>
	<changeSet author="jason.shi (generated)" id="1451448994675-36">
		<createTable tableName="T_PUB_SUB_REVISION_INFO">
			<column name="SUB_REVISION_ID" type="NUMBER(19, 0)">
				<constraints nullable="false" />
			</column>
			<column name="REVISION_ID" type="NUMBER(19, 0)">
				<constraints nullable="false" />
			</column>
			<column name="MASTER_ENTITY_TYPE" type="NUMBER(1, 0)" />
			<column name="MASTER_ENTITY_ID" type="NUMBER(10, 0)" />
			<column name="INDEX_NUM" type="NUMBER(5, 0)">
				<constraints nullable="false" />
			</column>
			<column name="START_TIME" type="datetime">
				<constraints nullable="false" />
			</column>
			<column name="END_TIME" type="datetime">
				<constraints nullable="false" />
			</column>
			<column name="START_EFFECTIVE_DATE" type="datetime" />
			<column name="END_EFFECTIVE_DATE" type="datetime" />
			<column defaultValue="N" name="IS_ROLLBACKED" type="CHAR(1)">
				<constraints nullable="false" />
			</column>
			<column name="ROLLBACK_TIME" type="datetime" />
			<column name="INSERT_BY" remarks="Insert user id" type="NUMBER(10, 0)">
				<constraints nullable="false" />
			</column>
			<column name="UPDATE_BY" remarks="Latest update user id" type="NUMBER(10, 0)">
				<constraints nullable="false" />
			</column>
			<column name="INSERT_TIME" remarks="Record insert time" type="datetime">
				<constraints nullable="false" />
			</column>
			<column name="UPDATE_TIME" remarks="Record update time" type="datetime">
				<constraints nullable="false" />
			</column>
			<column name="SUB_REVISION_COMMENTS" type="VARCHAR2(4000)" />
			<column defaultValue="N" name="IS_FIRST_EFFECTIVE_VERSION"
				type="CHAR(1)">
				<constraints nullable="false" />
			</column>
		</createTable>
	</changeSet>
	<changeSet author="jason.shi (generated)" id="1451448994675-37">
		<createTable
			remarks="Sub system inforation. If two logical module(Eg: PA &amp; Claim) deploy in one instance &amp; share the same db schema, then treat then as one sub system"
			tableName="T_PUB_SUB_SYSTEM">
			<column name="SUB_SYSTEM_ID" type="NUMBER(2, 0)">
				<constraints nullable="false" />
			</column>
			<column name="SUB_SYSTEM_NAME" type="VARCHAR2(50)" />
			<column name="RECORD_USAGE"
				remarks="Record usage for definition data,ref T_PUB_RECORD_USAGE"
				type="NUMBER(1, 0)" />
		</createTable>
	</changeSet>
	<changeSet author="jason.shi (generated)" id="1451448994675-38">
		<createTable tableName="T_PUB_TRANSACTION_IMPL_TYPE">
			<column name="SERVICE_IMPL_TYPE" type="NUMBER(2, 0)">
				<constraints nullable="false" />
			</column>
			<column name="TYPE_NAME" type="VARCHAR2(255)" />
		</createTable>
	</changeSet>
	<changeSet author="jason.shi (generated)" id="1451448994675-39">
		<createTable tableName="T_PUB_TRANSACTION_OP_TYPE">
			<column name="OPERATION_TYPE" type="NUMBER(2, 0)">
				<constraints nullable="false" />
			</column>
			<column name="TYPE_NAME" type="VARCHAR2(255)" />
		</createTable>
	</changeSet>
	<changeSet author="jason.shi (generated)" id="1451448994675-40">
		<createTable remarks="Transaction type for each Restful Service/batch/MQ"
			tableName="T_PUB_TRANSACTION_TYPE">
			<column name="TRANSACTION_TYPE" remarks="PK" type="NUMBER(10, 0)">
				<constraints nullable="false" />
			</column>
			<column name="TRANSACTION_NAME" remarks="Transaction Name"
				type="VARCHAR2(255)">
				<constraints nullable="false" />
			</column>
			<column name="SERVICE_URL" remarks="Service/batch/MQ url for this transaction"
				type="VARCHAR2(255)">
				<constraints nullable="false" />
			</column>
			<column name="IMPLEMENTATION_TYPE" remarks="Implementation Service Type"
				type="NUMBER(2, 0)">
				<constraints nullable="false" />
			</column>
			<column defaultValue="N" name="IS_READONLY" remarks="Readonly: Y/N"
				type="CHAR(1)">
				<constraints nullable="false" />
			</column>
			<column name="SUB_SYSTEM_ID"
				remarks="Sub System which the service deploy to,one service may deploy to multiple sub system,treat as different transaction"
				type="NUMBER(2, 0)">
				<constraints nullable="false" />
			</column>
		</createTable>
	</changeSet>
	<changeSet author="jason.shi (generated)" id="1451448994675-41">
		<createTable
			remarks="Integration in tx message,only recent message stored here"
			tableName="T_PUB_TX_IN_MESSAGE_ACTIVE">
			<column name="TARGET_TX_RECORD_ID" remarks="PK" type="NUMBER(19, 0)">
				<constraints nullable="false" />
			</column>
			<column name="GLOBAL_TRANSACTION_ID"
				remarks="global transaction id,info only. Not unique, one global transaction may send multiple message"
				type="NUMBER(19, 0)">
				<constraints nullable="false" />
			</column>
			<column name="SOURCE_SUB_SYSTEM_ID" remarks="source sub system"
				type="NUMBER(2, 0)">
				<constraints nullable="false" />
			</column>
			<column name="SOURCE_TRANSACTION_TIME" remarks="transaction generate time"
				type="datetime">
				<constraints nullable="false" />
			</column>
			<column name="MESSAGE_DATA"
				remarks="message queue data,including message head/body &amp; other information"
				type="CLOB">
				<constraints nullable="false" />
			</column>
			<column defaultValueComputed="-11" name="INSERT_BY" remarks="Insert user id"
				type="NUMBER(10, 0)">
				<constraints nullable="false" />
			</column>
			<column defaultValueComputed="-11" name="UPDATE_BY"
				remarks="Latest update user id" type="NUMBER(10, 0)">
				<constraints nullable="false" />
			</column>
			<column defaultValueComputed="CURRENT_TIMESTAMP" name="INSERT_TIME"
				remarks="Record insert time" type="datetime">
				<constraints nullable="false" />
			</column>
			<column defaultValueComputed="CURRENT_TIMESTAMP" name="UPDATE_TIME"
				remarks="Record update time" type="datetime">
				<constraints nullable="false" />
			</column>
			<column name="DYNAMIC_FIELDS" remarks="Dynamic fields in json format"
				type="VARCHAR2(4000)" />
			<column name="SOURCE_TX_RECORD_ID" remarks="txt_record_id from source system"
				type="NUMBER(19, 0)">
				<constraints nullable="false" />
			</column>
			<column name="PROCESS_TIME" remarks="current system process time"
				type="datetime">
				<constraints nullable="false" />
			</column>
			<column name="TARGET_SUB_SYSTEM_ID" remarks="target sub system"
				type="NUMBER(2, 0)">
				<constraints nullable="false" />
			</column>
		</createTable>
	</changeSet>
	<changeSet author="jason.shi (generated)" id="1451448994675-42">
		<createTable
			remarks="Integration in tx message,only archieved message stored here. To enable duplicate tx message check, the tx in message should not be archieved immediately atfer process."
			tableName="T_PUB_TX_IN_MESSAGE_HIS">
			<column name="TARGET_TX_RECORD_ID" remarks="PK" type="NUMBER(19, 0)">
				<constraints nullable="false" />
			</column>
			<column name="GLOBAL_TRANSACTION_ID"
				remarks="global transaction id,info only. Not unique, one global transaction may send multiple message"
				type="NUMBER(19, 0)">
				<constraints nullable="false" />
			</column>
			<column name="SOURCE_SUB_SYSTEM_ID" remarks="source sub system"
				type="NUMBER(2, 0)">
				<constraints nullable="false" />
			</column>
			<column name="SOURCE_TRANSACTION_TIME" remarks="transaction generate time"
				type="datetime">
				<constraints nullable="false" />
			</column>
			<column name="MESSAGE_DATA"
				remarks="message queue data,including message head/body &amp; other information"
				type="CLOB">
				<constraints nullable="false" />
			</column>
			<column defaultValueComputed="-11" name="INSERT_BY" remarks="Insert user id"
				type="NUMBER(10, 0)">
				<constraints nullable="false" />
			</column>
			<column defaultValueComputed="-11" name="UPDATE_BY"
				remarks="Latest update user id" type="NUMBER(10, 0)">
				<constraints nullable="false" />
			</column>
			<column name="INSERT_TIME" remarks="Record insert time" type="datetime">
				<constraints nullable="false" />
			</column>
			<column name="UPDATE_TIME" remarks="Record update time" type="datetime">
				<constraints nullable="false" />
			</column>
			<column name="DYNAMIC_FIELDS" remarks="Dynamic fields in json format"
				type="VARCHAR2(4000)" />
			<column name="SOURCE_TX_RECORD_ID" remarks="txt_record_id from source system"
				type="NUMBER(19, 0)">
				<constraints nullable="false" />
			</column>
			<column name="PROCESS_TIME" remarks="current system process time"
				type="datetime">
				<constraints nullable="false" />
			</column>
			<column name="ARCHIEVE_TIME" type="datetime">
				<constraints nullable="false" />
			</column>
			<column name="TARGET_SUB_SYSTEM_ID" remarks="targetsub system"
				type="NUMBER(2, 0)">
				<constraints nullable="false" />
			</column>
		</createTable>
	</changeSet>
	<changeSet author="jason.shi (generated)" id="1451448994675-43">
		<createTable
			remarks="Integration out txt message,only active(not complete) message stored here"
			tableName="T_PUB_TX_OUT_MESSAGE_ACTIVE">
			<column name="SOURCE_TX_RECORD_ID" remarks="PK" type="NUMBER(19, 0)">
				<constraints nullable="false" />
			</column>
			<column name="GLOBAL_TRANSACTION_ID"
				remarks="global transaction id,info only. Not unique, one global transaction may send multiple message"
				type="NUMBER(19, 0)">
				<constraints nullable="false" />
			</column>
			<column name="TARGET_SUB_SYSTEM_ID" remarks="target sub system"
				type="NUMBER(2, 0)">
				<constraints nullable="false" />
			</column>
			<column name="TRANSACTION_TIME" remarks="transaction generate time"
				type="datetime">
				<constraints nullable="false" />
			</column>
			<column name="MESSAGE_DATA"
				remarks="message queue data,including message head/body &amp; other information"
				type="CLOB">
				<constraints nullable="false" />
			</column>
			<column defaultValueComputed="-11" name="INSERT_BY" remarks="Insert user id"
				type="NUMBER(10, 0)">
				<constraints nullable="false" />
			</column>
			<column defaultValueComputed="-11" name="UPDATE_BY"
				remarks="Latest update user id" type="NUMBER(10, 0)">
				<constraints nullable="false" />
			</column>
			<column defaultValueComputed="CURRENT_TIMESTAMP" name="INSERT_TIME"
				remarks="Record insert time" type="datetime">
				<constraints nullable="false" />
			</column>
			<column defaultValueComputed="CURRENT_TIMESTAMP" name="UPDATE_TIME"
				remarks="Record update time" type="datetime">
				<constraints nullable="false" />
			</column>
			<column name="DYNAMIC_FIELDS" remarks="Dynamic fields in json format"
				type="VARCHAR2(4000)" />
			<column name="SOURCE_SUB_SYSTEM_ID" remarks="target sub system"
				type="NUMBER(2, 0)">
				<constraints nullable="false" />
			</column>
		</createTable>
	</changeSet>
	<changeSet author="jason.shi (generated)" id="1451448994675-44">
		<createTable
			remarks="Integration out message,when completed, the tx message will be moved here for archieve. Do not using table partition due to clob field."
			tableName="T_PUB_TX_OUT_MESSAGE_HIS">
			<column name="SOURCE_TX_RECORD_ID" remarks="PK" type="NUMBER(19, 0)">
				<constraints nullable="false" />
			</column>
			<column name="GLOBAL_TRANSACTION_ID"
				remarks="global transaction id,info only. Not unique, one global transaction may send multiple message"
				type="NUMBER(19, 0)">
				<constraints nullable="false" />
			</column>
			<column name="TARGET_SUB_SYSTEM_ID" remarks="target sub system"
				type="NUMBER(2, 0)">
				<constraints nullable="false" />
			</column>
			<column name="TRANSACTION_TIME" remarks="transaction generate time"
				type="datetime">
				<constraints nullable="false" />
			</column>
			<column name="TARGET_PROCESS_TIME" remarks="target system process time"
				type="datetime">
				<constraints nullable="false" />
			</column>
			<column name="MESSAGE_DATA"
				remarks="message queue data,including message head/body &amp; other information"
				type="CLOB">
				<constraints nullable="false" />
			</column>
			<column defaultValueComputed="-11" name="INSERT_BY" remarks="Insert user id"
				type="NUMBER(10, 0)">
				<constraints nullable="false" />
			</column>
			<column defaultValueComputed="-11" name="UPDATE_BY"
				remarks="Latest update user id" type="NUMBER(10, 0)">
				<constraints nullable="false" />
			</column>
			<column defaultValueComputed="CURRENT_TIMESTAMP" name="INSERT_TIME"
				remarks="Record insert time" type="datetime">
				<constraints nullable="false" />
			</column>
			<column defaultValueComputed="CURRENT_TIMESTAMP" name="UPDATE_TIME"
				remarks="Record update time" type="datetime">
				<constraints nullable="false" />
			</column>
			<column name="DYNAMIC_FIELDS" remarks="Dynamic fields in json format"
				type="VARCHAR2(4000)" />
			<column name="SOURCE_SUB_SYSTEM_ID" remarks="target sub system"
				type="NUMBER(2, 0)">
				<constraints nullable="false" />
			</column>
		</createTable>
	</changeSet>
	<changeSet author="jason.shi (generated)" id="1451448994675-45">
		<createTable tableName="T_PUB_UG_ROLE">
			<column name="ID" type="NUMBER(10, 0)">
				<constraints nullable="false" />
			</column>
			<column name="GID" type="NUMBER(10, 0)">
				<constraints nullable="false" />
			</column>
			<column name="INSERT_BY" remarks="User Id who insert this record"
				type="NUMBER(10, 0)" />
			<column name="UPDATE_BY" remarks="User Id who update this record"
				type="NUMBER(10, 0)" />
			<column name="INSERT_TIME" remarks="Record Insert Time" type="datetime" />
			<column name="UPDATE_TIME" remarks="Record Update Time" type="datetime" />
			<column name="RID" type="NUMBER(19, 0)" />
		</createTable>
	</changeSet>
	<changeSet author="jason.shi (generated)" id="1451448994675-46">
		<createTable tableName="T_PUB_UG_USER">
			<column name="ID" type="NUMBER(10, 0)">
				<constraints nullable="false" />
			</column>
			<column name="USER_ID" type="NUMBER(10, 0)" />
			<column name="GID" type="NUMBER(10, 0)" />
			<column name="INSERT_BY" remarks="User Id who insert this record"
				type="NUMBER(10, 0)" />
			<column name="UPDATE_BY" remarks="User Id who update this record"
				type="NUMBER(10, 0)" />
			<column name="INSERT_TIME" remarks="Record Insert Time" type="datetime" />
			<column name="UPDATE_TIME" remarks="Record Update Time" type="datetime" />
		</createTable>
	</changeSet>
	<changeSet author="jason.shi (generated)" id="1451448994675-47">
		<createTable remarks="用户表" tableName="T_PUB_USER">
			<column name="USER_ID" type="NUMBER(10, 0)">
				<constraints nullable="false" />
			</column>
			<column name="ORG_ID" type="NUMBER(10, 0)" />
			<column name="PASSWORD" type="VARCHAR2(1000)" />
			<column name="REAL_NAME" type="VARCHAR2(2700)" />
			<column defaultValueComputed="CURRENT_TIMESTAMP" name="CREATE_DATE"
				type="datetime" />
			<column name="USER_NAME" type="VARCHAR2(60)" />
			<column defaultValueComputed="CURRENT_TIMESTAMP" name="PASSWORD_CHANGE"
				type="datetime" />
			<column defaultValue="Y" name="NEED_CHANGE_PASS" type="CHAR(1)" />
			<column defaultValue="011" name="DEFAULT_LANG" type="VARCHAR2(5)" />
			<column defaultValue="N" name="USER_DISABLE" type="CHAR(1)" />
			<column name="DISABLE_CAUSE" type="CHAR(1)" />
			<column defaultValueNumeric="0" name="INVALID_LOGIN" type="NUMBER(10, 0)" />
			<column name="LATEST_IP" type="VARCHAR2(15)" />
			<column name="LATEST_IP_OLD" type="VARCHAR2(15)" />
			<column name="LATEST_LOGIN_TIME" type="datetime" />
			<column name="LATEST_LOGIN_OLD" type="datetime" />
			<column name="LATEST_LOGOUT_TIME" type="datetime" />
			<column name="LATEST_ACCESS_TIME" type="datetime" />
			<column name="USER_TYPE" type="NUMBER(5, 0)">
				<constraints nullable="false" />
			</column>
			<column name="PARTY_ID"
				remarks="refer T_PTY_PARTY, do not add FK to avoid reference external table"
				type="NUMBER(19, 0)" />
			<column name="PARTY_ROLE" type="VARCHAR2(5)" />
			<column name="DEPT_ID" type="NUMBER(10, 0)" />
			<column name="EMAIL" type="VARCHAR2(255)" />
			<column name="DISABLE_DATE" type="datetime" />
			<column name="CUSTOMER_ID" type="VARCHAR2(40)" />
			<column name="ID_CARD" type="VARCHAR2(40)" />
			<column name="ACTIVATE_PASSWORD" remarks="ACTIVATE PASSWORD FOR EP"
				type="VARCHAR2(32)" />
			<column defaultValue="N" name="USER_ON_LEAVE"
				remarks="user on leave flag,N is online ,and the Y is on leave(not working)"
				type="CHAR(1)" />
			<column name="DISABLE_CAUSE_DETAIL" type="VARCHAR2(1024)" />
			<column defaultValueComputed="-11" name="INSERT_BY" remarks="Insert user id"
				type="NUMBER(10, 0)">
				<constraints nullable="false" />
			</column>
			<column defaultValueComputed="-11" name="UPDATE_BY"
				remarks="Latest update user id" type="NUMBER(10, 0)">
				<constraints nullable="false" />
			</column>
			<column defaultValueComputed="CURRENT_TIMESTAMP" name="INSERT_TIME"
				remarks="Record insert time" type="datetime">
				<constraints nullable="false" />
			</column>
			<column defaultValueComputed="CURRENT_TIMESTAMP" name="UPDATE_TIME"
				remarks="Record update time" type="datetime">
				<constraints nullable="false" />
			</column>
			<column name="DYNAMIC_FIELDS" remarks="Dynamic fields in json format"
				type="VARCHAR2(4000)" />
			<column name="MOBILE" type="VARCHAR2(40)" />
			<column name="ORGAN_ID" type="NUMBER(19, 0)" />
			<column name="DEFAULT_LANGUAGE" remarks="the default language such as zh_CN"
				type="VARCHAR2(5)" />
			<column name="CODE" remarks="the code ,dependency user type such employ code"
				type="VARCHAR2(255)" />
			<column name="STATUS" type="VARCHAR2(255)" />
			<column name="ON_LEAVE_FLAG" type="CHAR(1)" />
		</createTable>
	</changeSet>
	
	<changeSet author="shawn.yang" id="add-register-code-column">
		<addColumn tableName="T_PUB_USER">
	        <column name="REGISTER_CODE" type="varchar(255)"/>
	        <column name="REGISTER_EXPIRE_DATE" type="datetime" />
	    </addColumn>
	</changeSet>
	
	<changeSet author="jason.shi (generated)" id="1451448994675-48">
		<createTable tableName="T_PUB_USER_GROUP">
			<column name="ID" type="NUMBER(10, 0)">
				<constraints nullable="false" />
			</column>
			<column name="NAME" type="VARCHAR2(255)" />
			<column name="ORG_ID" type="NUMBER(10, 0)" />
			<column name="DESCRIPTION" type="VARCHAR2(255)" />
			<column name="INSERT_BY" remarks="User Id who insert this record"
				type="NUMBER(10, 0)" />
			<column name="UPDATE_BY" remarks="User Id who update this record"
				type="NUMBER(10, 0)" />
			<column name="INSERT_TIME" remarks="Record Insert Time" type="datetime" />
			<column name="UPDATE_TIME" remarks="Record Update Time" type="datetime" />
		</createTable>
	</changeSet>
	<changeSet author="jason.shi (generated)" id="1451448994675-49">
		<createTable tableName="T_PUB_USER_ROLE">
			<column name="ID" type="NUMBER(20, 0)">
				<constraints nullable="false" />
			</column>
			<column name="USER_ID" type="NUMBER(20, 0)">
				<constraints nullable="false" />
			</column>
			<column name="ROLE_ID" type="NUMBER(20, 0)">
				<constraints nullable="false" />
			</column>
			<column name="INSERT_BY" remarks="User Id who insert this record"
				type="NUMBER(10, 0)" />
			<column name="UPDATE_BY" remarks="User Id who update this record"
				type="NUMBER(10, 0)" />
			<column name="INSERT_TIME" remarks="Record Insert Time" type="datetime" />
			<column name="UPDATE_TIME" remarks="Record Update Time" type="datetime" />
		</createTable>
	</changeSet>
	<changeSet author="jason.shi (generated)" id="1451448994675-50">
		<createTable tableName="T_PUB_USER_STATUS_CR">
			<column name="ID" type="NUMBER(10, 0)">
				<constraints nullable="false" />
			</column>
			<column name="OP_UID" type="NUMBER(10, 0)" />
			<column name="TARGET_UID" type="NUMBER(10, 0)" />
			<column name="REASON" type="VARCHAR2(255)" />
			<column name="CHANGE_TO" type="VARCHAR2(255)" />
			<column name="UPDATE_TIME" remarks="Record Update Time" type="datetime" />
			<column name="INSERT_TIME" remarks="Record Insert Time" type="datetime" />
			<column name="UPDATE_BY" remarks="User Id who update this record"
				type="NUMBER(10, 0)" />
			<column name="INSERT_BY" remarks="User Id who insert this record"
				type="NUMBER(10, 0)" />
		</createTable>
	</changeSet>
	<changeSet author="jason.shi (generated)" id="1451448994675-51">
		<createTable tableName="T_PUB_USER_TYPE">
			<column name="USER_TYPE" type="NUMBER(5, 0)">
				<constraints nullable="false" />
			</column>
			<column name="TYPE_NAME" type="VARCHAR2(50)">
				<constraints nullable="false" />
			</column>
			<column name="PARTY_ROLE_CODE" type="VARCHAR2(50)" />
			<column name="HOME_PAGE" type="VARCHAR2(2000)" />
			<column name="RECORD_USAGE"
				remarks="Record usage for definition data,ref T_PUB_RECORD_USAGE"
				type="NUMBER(1, 0)">
				<constraints nullable="false" />
			</column>
			<column name="INSERT_BY" remarks="User Id who insert this record"
				type="NUMBER(10, 0)" />
			<column name="UPDATE_BY" remarks="User Id who update this record"
				type="NUMBER(10, 0)" />
			<column name="INSERT_TIME" remarks="Record Insert Time" type="datetime" />
			<column name="UPDATE_TIME" remarks="Record Update Time" type="datetime" />
		</createTable>
	</changeSet>
	<changeSet author="jason.shi (generated)" id="1451448994675-52">
		<createTable tableName="T_PUB_YES_NO">
			<column name="YES_NO" type="CHAR(1)">
				<constraints nullable="false" />
			</column>
			<column name="TYPE_NAME" type="VARCHAR2(30)" />
		</createTable>
	</changeSet>
	<changeSet author="jason.shi (generated)" id="1451448994675-53">
		<addPrimaryKey columnNames="DATA_TYPE" constraintName="PK_DD_BUSI_DATA_TYPE"
			tableName="T_PUB_DATA_TYPE" />
	</changeSet>
	<changeSet author="jason.shi (generated)" id="1451448994675-54">
		<addPrimaryKey columnNames="CATEGORY_ID" constraintName="PK_FEE_TYPE_CATEGORY_ID"
			tableName="T_PUB_FEE_TYPE_CATEGORY" />
	</changeSet>
	<changeSet author="jason.shi (generated)" id="1451448994675-55">
		<addPrimaryKey columnNames="FEE_TYPE_ID" constraintName="PK_FEE_TYPE_DEFINITION_ID"
			tableName="T_PUB_FEE_TYPE_DEFINITION" />
	</changeSet>
	<changeSet author="jason.shi (generated)" id="1451448994675-56">
		<addPrimaryKey columnNames="TRANS_ID" constraintName="PK_FEE_TYPE_TRANS_ID"
			tableName="T_PUB_FEE_TYPE_TRANS" />
	</changeSet>
	<changeSet author="jason.shi (generated)" id="1451448994675-57">
		<addPrimaryKey columnNames="MAPPING_ID"
			constraintName="PK_FEE_TYPE_TRANS_MAPPING_ID" tableName="T_PUB_FEE_TYPE_MAPPING" />
	</changeSet>
	<changeSet author="jason.shi (generated)" id="1451448994675-58">
		<addPrimaryKey columnNames="BANK_ID" constraintName="PK_PUB_BANK"
			tableName="T_PUB_BANK" />
	</changeSet>
	<changeSet author="jason.shi (generated)" id="1451448994675-59">
		<addPrimaryKey columnNames="COMMISSION_CATEGORY_ID"
			constraintName="PK_PUB_COMMISSION_CATEGORY" tableName="T_PUB_COMMISSION_CATEGORY" />
	</changeSet>
	<changeSet author="jason.shi (generated)" id="1451448994675-60">
		<addPrimaryKey columnNames="CURRENCY_CODE"
			constraintName="PK_PUB_CURRENCY" tableName="T_PUB_CURRENCY" />
	</changeSet>
	<changeSet author="jason.shi (generated)" id="1451448994675-61">
		<addPrimaryKey columnNames="UPLOAD_TASK_ID"
			constraintName="PK_PUB_FILE_UPLOAD_TASK" tableName="T_PUB_FILE_UPLOAD_TASK" />
	</changeSet>
	<changeSet author="jason.shi (generated)" id="1451448994675-62">

		<addPrimaryKey columnNames="TASK_STATUS"
			constraintName="PK_PUB_FILE_UPLOAD_TASK_STATUS" tableName="T_PUB_FILE_UPLOAD_TASK_STATUS" />
	</changeSet>
	<changeSet author="jason.shi (generated)" id="1451448994675-63">
		<addPrimaryKey columnNames="TASK_TYPE"
			constraintName="PK_PUB_FILE_UPLOAD_TASK_TYPE" tableName="T_PUB_FILE_UPLOAD_TASK_TYPE" />
	</changeSet>
	<changeSet author="jason.shi (generated)" id="1451448994675-64">
		<addPrimaryKey columnNames="LANGUAGE_ID" constraintName="PK_PUB_LANGUAGE"
			tableName="T_PUB_LANGUAGE" />
	</changeSet>
	<changeSet author="jason.shi (generated)" id="1451448994675-65">
		<addPrimaryKey columnNames="NUMBERING_TYPE, NUMBERING"
			constraintName="PK_PUB_NUMBERING_SEQ" tableName="T_PUB_NUMBERING_SEQ" />
	</changeSet>
	<changeSet author="jason.shi (generated)" id="1451448994675-66">
		<addPrimaryKey columnNames="PARA_ID" constraintName="PK_PUB_PARA_DEF"
			tableName="T_PUB_PARA_DEF" />
	</changeSet>
	<changeSet author="jason.shi (generated)" id="1451448994675-67">
		<addPrimaryKey columnNames="PARA_VALUE_ID"
			constraintName="PK_PUB_PARA_VALUE" tableName="T_PUB_PARA_VALUE" />
	</changeSet>
	<changeSet author="jason.shi (generated)" id="1451448994675-68">
		<addPrimaryKey columnNames="PAY_MODE" constraintName="PK_PUB_PAY_MODE"
			tableName="T_PUB_PAY_MODE" />
	</changeSet>
	<changeSet author="jason.shi (generated)" id="1451448994675-69">
		<addPrimaryKey columnNames="RECORD_USAGE"
			constraintName="PK_PUB_RECORD_USAGE" tableName="T_PUB_RECORD_USAGE" />
	</changeSet>
	<changeSet author="jason.shi (generated)" id="1451448994675-70">
		<addPrimaryKey columnNames="LOB_ID" constraintName="PK_PUB_REINSURANCE_LOB"
			tableName="T_PUB_REINSURANCE_LOB" />
	</changeSet>
	<changeSet author="jason.shi (generated)" id="1451448994675-71">
		<addPrimaryKey columnNames="RESERVE_CATEGORY_ID"
			constraintName="PK_PUB_RESERVE_CATEGORY" tableName="T_PUB_RESERVE_CATEGORY" />
	</changeSet>
	<changeSet author="jason.shi (generated)" id="1451448994675-72">
		<addPrimaryKey columnNames="RESOURCE_ID" constraintName="PK_PUB_RESOURCE_BUNDLE"
			tableName="T_PUB_RESOURCE_BUNDLE" />
	</changeSet>
	<changeSet author="jason.shi (generated)" id="1451448994675-73">
		<addPrimaryKey columnNames="REVISION_ID" constraintName="PK_PUB_REVISION_INFO"
			tableName="T_PUB_REVISION_INFO" />
	</changeSet>
	<changeSet author="jason.shi (generated)" id="1451448994675-74">
		<addPrimaryKey columnNames="SEQUENCE_NAME"
			constraintName="PK_PUB_SEQUENCE" tableName="T_PUB_SEQUENCE" />
	</changeSet>
	<changeSet author="jason.shi (generated)" id="1451448994675-75">
		<addPrimaryKey columnNames="SUB_SYSTEM_ID"
			constraintName="PK_PUB_SUB_SYSTEM" tableName="T_PUB_SUB_SYSTEM" />
	</changeSet>
	<changeSet author="jason.shi (generated)" id="1451448994675-76">
		<addPrimaryKey columnNames="OPERATION_TYPE"
			constraintName="PK_PUB_TRANSACTION_OP_TYPE" tableName="T_PUB_TRANSACTION_OP_TYPE" />
	</changeSet>
	<changeSet author="jason.shi (generated)" id="1451448994675-77">
		<addPrimaryKey columnNames="SERVICE_IMPL_TYPE"
			constraintName="PK_PUB_TRANSACTION_SRR_TYPE" tableName="T_PUB_TRANSACTION_IMPL_TYPE" />
	</changeSet>
	<changeSet author="jason.shi (generated)" id="1451448994675-78">
		<addPrimaryKey columnNames="TRANSACTION_TYPE"
			constraintName="PK_PUB_TRANSACTION_TYPE" tableName="T_PUB_TRANSACTION_TYPE" />
	</changeSet>
	<changeSet author="jason.shi (generated)" id="1451448994675-79">
		<addPrimaryKey columnNames="TARGET_TX_RECORD_ID"
			constraintName="PK_PUB_TX_IN_MESSAGE_ACTIVE" tableName="T_PUB_TX_IN_MESSAGE_ACTIVE" />
	</changeSet>
	<changeSet author="jason.shi (generated)" id="1451448994675-80">
		<addPrimaryKey columnNames="TARGET_TX_RECORD_ID"
			constraintName="PK_PUB_TX_IN_MESSAGE_HIS" tableName="T_PUB_TX_IN_MESSAGE_HIS" />
	</changeSet>
	<changeSet author="jason.shi (generated)" id="1451448994675-81">
		<addPrimaryKey columnNames="SOURCE_TX_RECORD_ID"
			constraintName="PK_PUB_TX_OUT_MESSAGE_ACTIVE" tableName="T_PUB_TX_OUT_MESSAGE_ACTIVE" />
	</changeSet>
	<changeSet author="jason.shi (generated)" id="1451448994675-82">
		<addPrimaryKey columnNames="USER_TYPE" constraintName="PK_PUB_USER_TYPE"
			tableName="T_PUB_USER_TYPE" />
	</changeSet>
	<changeSet author="jason.shi (generated)" id="1451448994675-83">
		<addPrimaryKey columnNames="SUB_REVISION_ID"
			constraintName="PK_SUB_REVISION_INFO" tableName="T_PUB_SUB_REVISION_INFO" />
	</changeSet>
	<changeSet author="jason.shi (generated)" id="1451448994675-84">
		<addPrimaryKey columnNames="COUNTRY_CODE"
			constraintName="PK_T_COUNTRY" tableName="T_PUB_COUNTRY" />
	</changeSet>
	<changeSet author="jason.shi (generated)" id="1451448994675-85">
		<addPrimaryKey columnNames="RESOURCE_NAME"
			constraintName="PK_T_LOCK" tableName="T_PUB_LOCK" />
	</changeSet>
	<changeSet author="jason.shi (generated)" id="1451448994675-86">
		<addPrimaryKey columnNames="THIRDPARTY_PAYMENT_PLATFORM"
			constraintName="PK_T_PUB_3RD_PAYMENT_PLATFORM" tableName="T_PUB_3RD_PAYMENT_PLATFORM" />
	</changeSet>
	<changeSet author="jason.shi (generated)" id="1451448994675-87">
		<addPrimaryKey columnNames="ACCOUNT_HOLDER_TYPE"
			constraintName="PK_T_PUB_ACCOUNT_HOLDER_TYPE" tableName="T_PUB_ACCOUNT_HOLDER_TYPE" />
	</changeSet>
	<changeSet author="jason.shi (generated)" id="1451448994675-88">
		<addPrimaryKey columnNames="ACCOUNT_PURPOSE"
			constraintName="PK_T_PUB_ACCOUNT_PURPOSE" tableName="T_PUB_ACCOUNT_PURPOSE" />
	</changeSet>
	<changeSet author="jason.shi (generated)" id="1451448994675-89">
		<addPrimaryKey columnNames="ACCOUNT_STATUS"
			constraintName="PK_T_PUB_ACCOUNT_STATUS" tableName="T_PUB_ACCOUNT_STATUS" />
	</changeSet>
	<changeSet author="jason.shi (generated)" id="1451448994675-90">
		<addPrimaryKey columnNames="ACCOUNT_TYPE"
			constraintName="PK_T_PUB_ACCOUNT_TYPE" tableName="T_PUB_ACCOUNT_TYPE" />
	</changeSet>
	<changeSet author="jason.shi (generated)" id="1451448994675-91">
		<addPrimaryKey columnNames="CREDIT_CARD_TYPE"
			constraintName="PK_T_PUB_CREDIT_CARD_TYPE" tableName="T_PUB_CREDIT_CARD_TYPE" />
	</changeSet>
	<changeSet author="jason.shi (generated)" id="1451448994675-92">
		<addPrimaryKey columnNames="ID" constraintName="PK_T_PUB_PERMISSION"
			tableName="T_PUB_PERMISSION" />
	</changeSet>
	<changeSet author="jason.shi (generated)" id="1451448994675-93">
		<addPrimaryKey columnNames="ID" constraintName="PK_T_PUB_PERMISSION_TYPE"
			tableName="T_PUB_PERMISSION_TYPE" />
	</changeSet>
	<changeSet author="jason.shi (generated)" id="1451448994675-94">
		<addPrimaryKey columnNames="ROLE_ID" constraintName="PK_T_PUB_ROLE"
			tableName="T_PUB_ROLE" />
	</changeSet>
	<changeSet author="jason.shi (generated)" id="1451448994675-95">
		<addPrimaryKey columnNames="ID" constraintName="PK_T_PUB_ROLE_PERMISSION"
			tableName="T_PUB_ROLE_PERMISSION" />
	</changeSet>
	<changeSet author="jason.shi (generated)" id="1451448994675-96">
		<addPrimaryKey columnNames="ID" constraintName="PK_T_PUB_UG_ROLE"
			tableName="T_PUB_UG_ROLE" />
	</changeSet>
	<changeSet author="jason.shi (generated)" id="1451448994675-97">
		<addPrimaryKey columnNames="ID" constraintName="PK_T_PUB_UG_USER"
			tableName="T_PUB_UG_USER" />
	</changeSet>
	<changeSet author="jason.shi (generated)" id="1451448994675-98">
		<addPrimaryKey columnNames="ID" constraintName="PK_T_PUB_USER_GROUP"
			tableName="T_PUB_USER_GROUP" />
	</changeSet>
	<changeSet author="jason.shi (generated)" id="1451448994675-99">
		<addPrimaryKey columnNames="ID" constraintName="PK_T_PUB_USER_ROLE"
			tableName="T_PUB_USER_ROLE" />
	</changeSet>
	<changeSet author="jason.shi (generated)" id="1451448994675-100">
		<addPrimaryKey columnNames="ID" constraintName="PK_T_PUB_USER_STATUS_CR"
			tableName="T_PUB_USER_STATUS_CR" />
	</changeSet>
	<changeSet author="jason.shi (generated)" id="1451448994675-101">
		<addPrimaryKey columnNames="YES_NO" constraintName="PK_T_PUB_YES_NO"
			tableName="T_PUB_YES_NO" />
	</changeSet>
	<changeSet author="jason.shi (generated)" id="1451448994675-102">
		<addPrimaryKey columnNames="USER_ID" constraintName="PK_T_USER"
			tableName="T_PUB_USER" />
	</changeSet>
	<changeSet author="jason.shi (generated)" id="1451448994675-103">
		<createIndex indexName="IDX_PUB_FILE_UPLOAD_TASK_STS"
			tableName="T_PUB_FILE_UPLOAD_TASK">
			<column name="TASK_STATUS" />
			<column name="TASK_TYPE" />
		</createIndex>
	</changeSet>
	<changeSet author="jason.shi (generated)" id="1451448994675-104">
		<createIndex indexName="IDX_PUB_TX_IN_MESSAGE_ACT_ID"
			tableName="T_PUB_TX_IN_MESSAGE_ACTIVE">
			<column name="GLOBAL_TRANSACTION_ID" />
		</createIndex>
	</changeSet>
	<changeSet author="jason.shi (generated)" id="1451448994675-105">
		<createIndex indexName="IDX_PUB_TX_OUT_MESSAGE_ACT_ID"
			tableName="T_PUB_TX_OUT_MESSAGE_ACTIVE">
			<column name="GLOBAL_TRANSACTION_ID" />
		</createIndex>
	</changeSet>
	<changeSet author="jason.shi (generated)" id="1451448994675-106">
		<createIndex indexName="IDX_SUB_REVISION_INFO_ENTITY"
			tableName="T_PUB_SUB_REVISION_INFO">
			<column name="MASTER_ENTITY_ID" />
			<column name="REVISION_ID" />
		</createIndex>
	</changeSet>
	<changeSet author="jason.shi (generated)" id="1451448994675-107">
		<createIndex indexName="IDX_T_USER_CUST_ID" tableName="T_PUB_USER">
			<column name="CUSTOMER_ID" />
		</createIndex>
	</changeSet>
	<changeSet author="jason.shi (generated)" id="1451448994675-108">
		<createIndex indexName="IDX_T_USER_ID_CARD" tableName="T_PUB_USER">
			<column name="ID_CARD" />
		</createIndex>
	</changeSet>
	<changeSet author="jason.shi (generated)" id="1451448994675-109">
		<createIndex indexName="IND_FEE_TYPE_MAPPING_FEE_TYPE"
			tableName="T_PUB_FEE_TYPE_MAPPING">
			<column name="FEE_TYPE_ID" />
		</createIndex>
	</changeSet>
	<changeSet author="jason.shi (generated)" id="1451448994675-110">
		<createIndex indexName="IND_FEE_TYPE_MAPPING_TRANS_ID"
			tableName="T_PUB_FEE_TYPE_MAPPING">
			<column name="FEE_TYPE_TRANS_ID" />
		</createIndex>
	</changeSet>
	<changeSet author="jason.shi (generated)" id="1451448994675-111">
		<createIndex indexName="INT_20110916_003643" tableName="T_PUB_USER">
			<column name="USER_TYPE" />
		</createIndex>
	</changeSet>
	<changeSet author="jason.shi (generated)" id="1451448994675-112">
		<createIndex indexName="INX_FEE_TYPE_CATEGORY" tableName="T_PUB_FEE_TYPE_DEFINITION">
			<column name="FEE_TYPE_CATEGORY_ID" />
		</createIndex>
	</changeSet>
	<changeSet author="jason.shi (generated)" id="1451448994675-113">
		<createIndex indexName="I_S_C00446652" tableName="T_PUB_ROLE_PERMISSION">
			<column name="ROLE_ID" />
		</createIndex>
	</changeSet>
	<changeSet author="jason.shi (generated)" id="1451448994675-114">
		<createIndex indexName="I__PUB_3RD_PAYMENT_PT_USAGE"
			tableName="T_PUB_3RD_PAYMENT_PLATFORM">
			<column name="RECORD_USAGE" />
		</createIndex>
	</changeSet>
	<changeSet author="jason.shi (generated)" id="1451448994675-115">
		<createIndex indexName="I__PUB_ACCOUNT_HOLD_TYPE_USAGE"
			tableName="T_PUB_ACCOUNT_HOLDER_TYPE">
			<column name="RECORD_USAGE" />
		</createIndex>
	</changeSet>
	<changeSet author="jason.shi (generated)" id="1451448994675-116">
		<createIndex indexName="I__PUB_ACCOUNT_PURPOSE_USAGE"
			tableName="T_PUB_ACCOUNT_PURPOSE">
			<column name="RECORD_USAGE" />
		</createIndex>
	</changeSet>
	<changeSet author="jason.shi (generated)" id="1451448994675-117">
		<createIndex indexName="I__PUB_ACCOUNT_STATUS_USAGE"
			tableName="T_PUB_ACCOUNT_STATUS">
			<column name="RECORD_USAGE" />
		</createIndex>
	</changeSet>
	<changeSet author="jason.shi (generated)" id="1451448994675-118">
		<createIndex indexName="I__PUB_ACCOUNT_TYPE_USAGE"
			tableName="T_PUB_ACCOUNT_TYPE">
			<column name="RECORD_USAGE" />
		</createIndex>
	</changeSet>
	<changeSet author="jason.shi (generated)" id="1451448994675-119">
		<createIndex indexName="I__PUB_BANK_USAGE" tableName="T_PUB_BANK">
			<column name="RECORD_USAGE" />
		</createIndex>
	</changeSet>
	<changeSet author="jason.shi (generated)" id="1451448994675-120">
		<createIndex indexName="I__PUB_CREDIT_CARD_TYPE_USAGE"
			tableName="T_PUB_CREDIT_CARD_TYPE">
			<column name="RECORD_USAGE" />
		</createIndex>
	</changeSet>
	<changeSet author="jason.shi (generated)" id="1451448994675-121">
		<createIndex indexName="I__PUB_PAY_MODE_USAGE" tableName="T_PUB_PAY_MODE">
			<column name="RECORD_USAGE" />
		</createIndex>
	</changeSet>
	<changeSet author="jason.shi (generated)" id="1451448994675-122">
		<createIndex indexName="I__PUB_RESOURCE_BUNDLE_USAGE"
			tableName="T_PUB_RESOURCE_BUNDLE">
			<column name="RECORD_USAGE" />
		</createIndex>
	</changeSet>
	<changeSet author="jason.shi (generated)" id="1451448994675-123">
		<createIndex indexName="I__PUB_USER_TYPE_USAGE" tableName="T_PUB_USER_TYPE">
			<column name="RECORD_USAGE" />
		</createIndex>
	</changeSet>
	<changeSet author="jason.shi (generated)" id="1451448994675-124">
		<createIndex indexName="UNI_PUB_PARA_DEF" tableName="T_PUB_PARA_DEF"
			unique="true">
			<column name="PARA_NAME" />
		</createIndex>
	</changeSet>
	<changeSet author="jason.shi (generated)" id="1451448994675-125">
		<createIndex indexName="UNI_PUB_PARA_VALUE" tableName="T_PUB_PARA_VALUE"
			unique="true">
			<column name="PARA_ID" />
			<column name="ORG_ID" />
		</createIndex>
	</changeSet>
	<changeSet author="jason.shi (generated)" id="1451448994675-126">
		<createIndex indexName="UNI_PUB_RESOURCE_BUNDLE"
			tableName="T_PUB_RESOURCE_BUNDLE" unique="true">
			<column name="MESSAGE_CODE" />
			<column name="LANGUAGE_ID" />
		</createIndex>
	</changeSet>
	<changeSet author="jason.shi (generated)" id="1451448994675-127">
		<createIndex indexName="UNI_PUB_TRANSACTION_TYPE"
			tableName="T_PUB_TRANSACTION_TYPE" unique="true">
			<column name="SERVICE_URL" />
			<column name="SUB_SYSTEM_ID" />
		</createIndex>
	</changeSet>
	<changeSet author="jason.shi (generated)" id="1451448994675-128">
		<createIndex indexName="UNI_PUB_TX_IN_MESSAGE_ACTIVE"
			tableName="T_PUB_TX_IN_MESSAGE_ACTIVE" unique="true">
			<column name="SOURCE_TX_RECORD_ID" />
			<column name="SOURCE_SUB_SYSTEM_ID" />
		</createIndex>
	</changeSet>
	<changeSet author="jason.shi (generated)" id="1451448994675-129">
		<createIndex indexName="UNI_PUB_TX_IN_MESSAGE_HIS"
			tableName="T_PUB_TX_IN_MESSAGE_HIS" unique="true">
			<column name="SOURCE_TX_RECORD_ID" />
			<column name="SOURCE_SUB_SYSTEM_ID" />
		</createIndex>
	</changeSet>
	<changeSet author="jason.shi (generated)" id="1451448994675-130">
		<createIndex indexName="UNI_USER__USER_NAME" tableName="T_PUB_USER"
			unique="true">
			<column name="USER_NAME" />
		</createIndex>
	</changeSet>
	<changeSet author="jason.shi (generated)" id="1451448994675-131">
		<createIndex indexName="UN_FEE_TYPE_MAPPING_FEE_TRANS"
			tableName="T_PUB_FEE_TYPE_MAPPING" unique="true">
			<column name="FEE_TYPE_ID" />
			<column name="FEE_TYPE_TRANS_ID" />
		</createIndex>
	</changeSet>
	<changeSet author="jason.shi (generated)" id="1451448994675-132">
		<createIndex indexName="UN_FEE_TYPE_NAME" tableName="T_PUB_FEE_TYPE_DEFINITION"
			unique="true">
			<column name="FEE_TYPE_NAME" />
		</createIndex>
	</changeSet>
	<changeSet author="jason.shi (generated)" id="1451448994675-133">
		<createIndex indexName="UN_FEE_TYPE_TRANS_CODE" tableName="T_PUB_FEE_TYPE_TRANS"
			unique="true">
			<column name="TRANS_CODE" />
		</createIndex>
	</changeSet>
	<changeSet author="jason.shi (generated)" id="1451448994675-134">
		<createIndex indexName="U_DD_BUSI_DATA_TYPE" tableName="T_PUB_DATA_TYPE"
			unique="true">
			<column name="NAME" />
		</createIndex>
	</changeSet>
	<changeSet author="jason.shi (generated)" id="1451448994675-135">
		<createIndex indexName="U_PUB_COMMISSION_CATE__CODE"
			tableName="T_PUB_COMMISSION_CATEGORY" unique="true">
			<column name="CODE" />
		</createIndex>
	</changeSet>
	<changeSet author="jason.shi (generated)" id="1451448994675-136">
		<createIndex indexName="U_PUB_COMMISSION_CATE__NAME"
			tableName="T_PUB_COMMISSION_CATEGORY" unique="true">
			<column name="NAME" />
		</createIndex>
	</changeSet>
	<changeSet author="jason.shi (generated)" id="1451448994675-137">
		<createIndex indexName="U_PUB_REINSURANCE_LOB__CODE"
			tableName="T_PUB_REINSURANCE_LOB" unique="true">
			<column name="CODE" />
		</createIndex>
	</changeSet>
	<changeSet author="jason.shi (generated)" id="1451448994675-138">
		<createIndex indexName="U_PUB_REINSURANCE_LOB__NAME"
			tableName="T_PUB_REINSURANCE_LOB" unique="true">
			<column name="NAME" />
		</createIndex>
	</changeSet>
	<changeSet author="jason.shi (generated)" id="1451448994675-139">
		<createIndex indexName="U_PUB_RESERVE_CATE__CODE"
			tableName="T_PUB_RESERVE_CATEGORY" unique="true">
			<column name="CODE" />
		</createIndex>
	</changeSet>
	<changeSet author="jason.shi (generated)" id="1451448994675-140">
		<createIndex indexName="U_PUB_RESERVE_CATE__NAME"
			tableName="T_PUB_RESERVE_CATEGORY" unique="true">
			<column name="NAME" />
		</createIndex>
	</changeSet>
	<changeSet author="jason.shi (generated)" id="1451448994675-141">
		<addForeignKeyConstraint baseColumnNames="FEE_TYPE_ID"
			baseTableName="T_PUB_FEE_TYPE_MAPPING" constraintName="FK_FEE_TYPE_MAPPING_FEE_TYPE"
			deferrable="false" initiallyDeferred="false" onDelete="NO ACTION"
			onUpdate="NO ACTION" referencedColumnNames="FEE_TYPE_ID"
			referencedTableName="T_PUB_FEE_TYPE_DEFINITION" />
	</changeSet>
	<changeSet author="jason.shi (generated)" id="1451448994675-142">
		<addForeignKeyConstraint baseColumnNames="FEE_TYPE_TRANS_ID"
			baseTableName="T_PUB_FEE_TYPE_MAPPING" constraintName="FK_FEE_TYPE_MAPPING_TRANS_ID"
			deferrable="false" initiallyDeferred="false" onDelete="NO ACTION"
			onUpdate="NO ACTION" referencedColumnNames="TRANS_ID"
			referencedTableName="T_PUB_FEE_TYPE_TRANS" />
	</changeSet>
	<changeSet author="jason.shi (generated)" id="1451448994675-143">
		<addForeignKeyConstraint baseColumnNames="RECORD_USAGE"
			baseTableName="T_PUB_3RD_PAYMENT_PLATFORM" constraintName="FK_PUB_3RD_PAYMENT_PT_USAGE"
			deferrable="false" initiallyDeferred="false" onDelete="NO ACTION"
			onUpdate="NO ACTION" referencedColumnNames="RECORD_USAGE"
			referencedTableName="T_PUB_RECORD_USAGE" />
	</changeSet>
	<changeSet author="jason.shi (generated)" id="1451448994675-144">
		<addForeignKeyConstraint baseColumnNames="RECORD_USAGE"
			baseTableName="T_PUB_ACCOUNT_HOLDER_TYPE" constraintName="FK_PUB_ACCOUNT_HOLD_TYPE_USAGE"
			deferrable="false" initiallyDeferred="false" onDelete="NO ACTION"
			onUpdate="NO ACTION" referencedColumnNames="RECORD_USAGE"
			referencedTableName="T_PUB_RECORD_USAGE" />
	</changeSet>
	<changeSet author="jason.shi (generated)" id="1451448994675-145">
		<addForeignKeyConstraint baseColumnNames="RECORD_USAGE"
			baseTableName="T_PUB_ACCOUNT_PURPOSE" constraintName="FK_PUB_ACCOUNT_PURPOSE_USAGE"
			deferrable="false" initiallyDeferred="false" onDelete="NO ACTION"
			onUpdate="NO ACTION" referencedColumnNames="RECORD_USAGE"
			referencedTableName="T_PUB_RECORD_USAGE" />
	</changeSet>
	<changeSet author="jason.shi (generated)" id="1451448994675-146">
		<addForeignKeyConstraint baseColumnNames="RECORD_USAGE"
			baseTableName="T_PUB_ACCOUNT_STATUS" constraintName="FK_PUB_ACCOUNT_STATUS_USAGE"
			deferrable="false" initiallyDeferred="false" onDelete="NO ACTION"
			onUpdate="NO ACTION" referencedColumnNames="RECORD_USAGE"
			referencedTableName="T_PUB_RECORD_USAGE" />
	</changeSet>
	<changeSet author="jason.shi (generated)" id="1451448994675-147">
		<addForeignKeyConstraint baseColumnNames="RECORD_USAGE"
			baseTableName="T_PUB_ACCOUNT_TYPE" constraintName="FK_PUB_ACCOUNT_TYPE_USAGE"
			deferrable="false" initiallyDeferred="false" onDelete="NO ACTION"
			onUpdate="NO ACTION" referencedColumnNames="RECORD_USAGE"
			referencedTableName="T_PUB_RECORD_USAGE" />
	</changeSet>
	<changeSet author="jason.shi (generated)" id="1451448994675-148">
		<addForeignKeyConstraint baseColumnNames="RECORD_USAGE"
			baseTableName="T_PUB_BANK" constraintName="FK_PUB_BANK_USAGE"
			deferrable="false" initiallyDeferred="false" onDelete="NO ACTION"
			onUpdate="NO ACTION" referencedColumnNames="RECORD_USAGE"
			referencedTableName="T_PUB_RECORD_USAGE" />
	</changeSet>
	<changeSet author="jason.shi (generated)" id="1451448994675-149">
		<addForeignKeyConstraint baseColumnNames="RECORD_USAGE"
			baseTableName="T_PUB_CREDIT_CARD_TYPE" constraintName="FK_PUB_CREDIT_CARD_TYPE_USAGE"
			deferrable="false" initiallyDeferred="false" onDelete="NO ACTION"
			onUpdate="NO ACTION" referencedColumnNames="RECORD_USAGE"
			referencedTableName="T_PUB_RECORD_USAGE" />
	</changeSet>
	<changeSet author="jason.shi (generated)" id="1451448994675-150">
		<addForeignKeyConstraint baseColumnNames="RECORD_USAGE"
			baseTableName="T_PUB_FILE_UPLOAD_TASK_STATUS" constraintName="FK_PUB_FILE_UPLD_TSK_STS_USAGE"
			deferrable="false" initiallyDeferred="false" onDelete="NO ACTION"
			onUpdate="NO ACTION" referencedColumnNames="RECORD_USAGE"
			referencedTableName="T_PUB_RECORD_USAGE" />
	</changeSet>
	<changeSet author="jason.shi (generated)" id="1451448994675-151">
		<addForeignKeyConstraint baseColumnNames="RECORD_USAGE"
			baseTableName="T_PUB_FILE_UPLOAD_TASK_TYPE" constraintName="FK_PUB_FILE_UPLD_TSK_TYP_USAGE"
			deferrable="false" initiallyDeferred="false" onDelete="NO ACTION"
			onUpdate="NO ACTION" referencedColumnNames="RECORD_USAGE"
			referencedTableName="T_PUB_RECORD_USAGE" />
	</changeSet>
	<changeSet author="jason.shi (generated)" id="1451448994675-152">
		<addForeignKeyConstraint baseColumnNames="TASK_STATUS"
			baseTableName="T_PUB_FILE_UPLOAD_TASK" constraintName="FK_PUB_FILE_UPLOAD_TASK_STATUS"
			deferrable="false" initiallyDeferred="false" onDelete="NO ACTION"
			onUpdate="NO ACTION" referencedColumnNames="TASK_STATUS"
			referencedTableName="T_PUB_FILE_UPLOAD_TASK_STATUS" />
	</changeSet>
	<changeSet author="jason.shi (generated)" id="1451448994675-153">
		<addForeignKeyConstraint baseColumnNames="TASK_TYPE"
			baseTableName="T_PUB_FILE_UPLOAD_TASK" constraintName="FK_PUB_FILE_UP_TASK__T_TYPE"
			deferrable="false" initiallyDeferred="false" onDelete="NO ACTION"
			onUpdate="NO ACTION" referencedColumnNames="TASK_TYPE"
			referencedTableName="T_PUB_FILE_UPLOAD_TASK_TYPE" />
	</changeSet>
	<changeSet author="jason.shi (generated)" id="1451448994675-154">
		<addForeignKeyConstraint baseColumnNames="RECORD_USAGE"
			baseTableName="T_PUB_LANGUAGE" constraintName="FK_PUB_LANGUAGE_RU"
			deferrable="false" initiallyDeferred="false" onDelete="NO ACTION"
			onUpdate="NO ACTION" referencedColumnNames="RECORD_USAGE"
			referencedTableName="T_PUB_RECORD_USAGE" />
	</changeSet>
	<changeSet author="jason.shi (generated)" id="1451448994675-155">
		<addForeignKeyConstraint baseColumnNames="RECORD_USAGE"
			baseTableName="T_PUB_PARA_DEF" constraintName="FK_PUB_PARA_DEF_USAGE"
			deferrable="false" initiallyDeferred="false" onDelete="NO ACTION"
			onUpdate="NO ACTION" referencedColumnNames="RECORD_USAGE"
			referencedTableName="T_PUB_RECORD_USAGE" />
	</changeSet>
	<changeSet author="jason.shi (generated)" id="1451448994675-156">
		<addForeignKeyConstraint baseColumnNames="DATA_TYPE"
			baseTableName="T_PUB_PARA_DEF" constraintName="FK_PUB_PARA_DEF__DATA_TYPE"
			deferrable="false" initiallyDeferred="false" onDelete="NO ACTION"
			onUpdate="NO ACTION" referencedColumnNames="DATA_TYPE"
			referencedTableName="T_PUB_DATA_TYPE" />
	</changeSet>
	<changeSet author="jason.shi (generated)" id="1451448994675-157">
		<addForeignKeyConstraint baseColumnNames="RECORD_USAGE"
			baseTableName="T_PUB_PAY_MODE" constraintName="FK_PUB_PAY_MODE_USAGE"
			deferrable="false" initiallyDeferred="false" onDelete="NO ACTION"
			onUpdate="NO ACTION" referencedColumnNames="RECORD_USAGE"
			referencedTableName="T_PUB_RECORD_USAGE" />
	</changeSet>
	<changeSet author="jason.shi (generated)" id="1451448994675-158">
		<addForeignKeyConstraint baseColumnNames="RECORD_USAGE"
			baseTableName="T_PUB_RESOURCE_BUNDLE" constraintName="FK_PUB_RESOURCE_BUNDLE_USAGE"
			deferrable="false" initiallyDeferred="false" onDelete="NO ACTION"
			onUpdate="NO ACTION" referencedColumnNames="RECORD_USAGE"
			referencedTableName="T_PUB_RECORD_USAGE" />
	</changeSet>
	<changeSet author="jason.shi (generated)" id="1451448994675-159">
		<addForeignKeyConstraint baseColumnNames="TRANSACTION_TYPE"
			baseTableName="T_PUB_REVISION_INFO" constraintName="FK_PUB_REVISION_INFO_TRAN_TYPE"
			deferrable="false" initiallyDeferred="false" onDelete="NO ACTION"
			onUpdate="NO ACTION" referencedColumnNames="TRANSACTION_TYPE"
			referencedTableName="T_PUB_TRANSACTION_TYPE" />
	</changeSet>
	<changeSet author="jason.shi (generated)" id="1451448994675-160">
		<addForeignKeyConstraint baseColumnNames="REVISION_ID"
			baseTableName="T_PUB_SUB_REVISION_INFO" constraintName="FK_PUB_SUB_REV_INFO__REV_ID"
			deferrable="false" initiallyDeferred="false" onDelete="NO ACTION"
			onUpdate="NO ACTION" referencedColumnNames="REVISION_ID"
			referencedTableName="T_PUB_REVISION_INFO" />
	</changeSet>
	<changeSet author="jason.shi (generated)" id="1451448994675-161">
		<addForeignKeyConstraint baseColumnNames="RECORD_USAGE"
			baseTableName="T_PUB_SUB_SYSTEM" constraintName="FK_PUB_SUB_SYSTEM_USAGE"
			deferrable="false" initiallyDeferred="false" onDelete="NO ACTION"
			onUpdate="NO ACTION" referencedColumnNames="RECORD_USAGE"
			referencedTableName="T_PUB_RECORD_USAGE" />
	</changeSet>
	<changeSet author="jason.shi (generated)" id="1451448994675-162">
		<addForeignKeyConstraint baseColumnNames="IMPLEMENTATION_TYPE"
			baseTableName="T_PUB_TRANSACTION_TYPE" constraintName="FK_PUB_TRANSACTION_TP_IMPL"
			deferrable="false" initiallyDeferred="false" onDelete="NO ACTION"
			onUpdate="NO ACTION" referencedColumnNames="SERVICE_IMPL_TYPE"
			referencedTableName="T_PUB_TRANSACTION_IMPL_TYPE" />
	</changeSet>
	<changeSet author="jason.shi (generated)" id="1451448994675-163">
		<addForeignKeyConstraint baseColumnNames="SUB_SYSTEM_ID"
			baseTableName="T_PUB_TRANSACTION_TYPE" constraintName="FK_PUB_TRAN_TYPE__SUB_SYS_ID"
			deferrable="false" initiallyDeferred="false" onDelete="NO ACTION"
			onUpdate="NO ACTION" referencedColumnNames="SUB_SYSTEM_ID"
			referencedTableName="T_PUB_SUB_SYSTEM" />
	</changeSet>
	<changeSet author="jason.shi (generated)" id="1451448994675-164">
		<addForeignKeyConstraint baseColumnNames="SOURCE_SUB_SYSTEM_ID"
			baseTableName="T_PUB_TX_IN_MESSAGE_ACTIVE" constraintName="FK_PUB_TX_IN_MESSAGE_ACT_SRC"
			deferrable="false" initiallyDeferred="false" onDelete="NO ACTION"
			onUpdate="NO ACTION" referencedColumnNames="SUB_SYSTEM_ID"
			referencedTableName="T_PUB_SUB_SYSTEM" />
	</changeSet>
	<changeSet author="jason.shi (generated)" id="1451448994675-165">
		<addForeignKeyConstraint baseColumnNames="TARGET_SUB_SYSTEM_ID"
			baseTableName="T_PUB_TX_IN_MESSAGE_ACTIVE" constraintName="FK_PUB_TX_IN_MESSAGE_ACT_TRT"
			deferrable="false" initiallyDeferred="false" onDelete="NO ACTION"
			onUpdate="NO ACTION" referencedColumnNames="SUB_SYSTEM_ID"
			referencedTableName="T_PUB_SUB_SYSTEM" />
	</changeSet>
	<changeSet author="jason.shi (generated)" id="1451448994675-166">
		<addForeignKeyConstraint baseColumnNames="SOURCE_SUB_SYSTEM_ID"
			baseTableName="T_PUB_TX_IN_MESSAGE_HIS" constraintName="FK_PUB_TX_IN_MESSAGE_HIS_SRC"
			deferrable="false" initiallyDeferred="false" onDelete="NO ACTION"
			onUpdate="NO ACTION" referencedColumnNames="SUB_SYSTEM_ID"
			referencedTableName="T_PUB_SUB_SYSTEM" />
	</changeSet>
	<changeSet author="jason.shi (generated)" id="1451448994675-167">
		<addForeignKeyConstraint baseColumnNames="TARGET_SUB_SYSTEM_ID"
			baseTableName="T_PUB_TX_IN_MESSAGE_HIS" constraintName="FK_PUB_TX_IN_MESSAGE_HIS_TGT"
			deferrable="false" initiallyDeferred="false" onDelete="NO ACTION"
			onUpdate="NO ACTION" referencedColumnNames="SUB_SYSTEM_ID"
			referencedTableName="T_PUB_SUB_SYSTEM" />
	</changeSet>
	<changeSet author="jason.shi (generated)" id="1451448994675-168">
		<addForeignKeyConstraint baseColumnNames="TARGET_SUB_SYSTEM_ID"
			baseTableName="T_PUB_TX_OUT_MESSAGE_ACTIVE" constraintName="FK_PUB_TX_OUT_MESSAGE_TARGET"
			deferrable="false" initiallyDeferred="false" onDelete="NO ACTION"
			onUpdate="NO ACTION" referencedColumnNames="SUB_SYSTEM_ID"
			referencedTableName="T_PUB_SUB_SYSTEM" />
	</changeSet>
	<changeSet author="jason.shi (generated)" id="1451448994675-169">
		<addForeignKeyConstraint baseColumnNames="TARGET_SUB_SYSTEM_ID"
			baseTableName="T_PUB_TX_OUT_MESSAGE_HIS" constraintName="FK_PUB_TX_OUT_MESSAGE_TGT_HIS"
			deferrable="false" initiallyDeferred="false" onDelete="NO ACTION"
			onUpdate="NO ACTION" referencedColumnNames="SUB_SYSTEM_ID"
			referencedTableName="T_PUB_SUB_SYSTEM" />
	</changeSet>
	<changeSet author="jason.shi (generated)" id="1451448994675-170">
		<addForeignKeyConstraint baseColumnNames="RECORD_USAGE"
			baseTableName="T_PUB_USER_TYPE" constraintName="FK_PUB_USER_TYPE_USAGE"
			deferrable="false" initiallyDeferred="false" onDelete="NO ACTION"
			onUpdate="NO ACTION" referencedColumnNames="RECORD_USAGE"
			referencedTableName="T_PUB_RECORD_USAGE" />
	</changeSet>
	<changeSet author="jason.shi (generated)" id="1451448994675-171">
		<addForeignKeyConstraint baseColumnNames="ROLE_ID"
			baseTableName="T_PUB_ROLE_PERMISSION" constraintName="SYS_C001380667"
			deferrable="false" initiallyDeferred="false" onDelete="NO ACTION"
			onUpdate="NO ACTION" referencedColumnNames="ROLE_ID"
			referencedTableName="T_PUB_ROLE" />
	</changeSet>
</databaseChangeLog>
