<?xml version="1.0" encoding="UTF-8" standalone="no"?>
<databaseChangeLog xmlns="http://www.liquibase.org/xml/ns/dbchangelog" xmlns:ext="http://www.liquibase.org/xml/ns/dbchangelog-ext" xmlns:xsi="http://www.w3.org/2001/XMLSchema-instance" xsi:schemaLocation="http://www.liquibase.org/xml/ns/dbchangelog-ext http://www.liquibase.org/xml/ns/dbchangelog/dbchangelog-ext.xsd http://www.liquibase.org/xml/ns/dbchangelog http://www.liquibase.org/xml/ns/dbchangelog/dbchangelog-3.4.xsd">
    <changeSet author="jason.shi (generated)" id="1452740448514-1">
        <createIndex indexName="UN_RM_EVENT_RULE_MAPPING" tableName="T_RM_EVENT_RULE_MAPPING" unique="true">
            <column name="EVENT_ID"/>
            <column name="RULE_ID"/>
            <column name="CONTEXT_ID"/>
        </createIndex>
    </changeSet>
    <changeSet author="jason.shi (generated)" id="1452740448514-2">
        <dropIndex indexName="U_RM_EVENT_RULE_MAPPING" tableName="T_RM_EVENT_RULE_MAPPING"/>
    </changeSet>
</databaseChangeLog>
