<?xml version="1.0" encoding="UTF-8" standalone="no"?>
<databaseChangeLog xmlns="http://www.liquibase.org/xml/ns/dbchangelog" xmlns:ext="http://www.liquibase.org/xml/ns/dbchangelog-ext" xmlns:xsi="http://www.w3.org/2001/XMLSchema-instance" xsi:schemaLocation="http://www.liquibase.org/xml/ns/dbchangelog-ext http://www.liquibase.org/xml/ns/dbchangelog/dbchangelog-ext.xsd http://www.liquibase.org/xml/ns/dbchangelog http://www.liquibase.org/xml/ns/dbchangelog/dbchangelog-3.3.xsd">
  <changeSet author="generated" id="201604291501_ARAP_DDL">
    <addColumn tableName="T_RI_BCP_COLLECTION">
        <column name="EXCHANGE_RATE_REF" type="number(1)"/>
    </addColumn>
    <addColumn tableName="T_RI_BCP_PAYMENT">
        <column name="EXCHANGE_RATE_REF" type="number(1)"/>
    </addColumn>
  </changeSet>
</databaseChangeLog>
