<?xml version="1.0" encoding="UTF-8" standalone="no"?>
<databaseChangeLog xmlns="http://www.liquibase.org/xml/ns/dbchangelog" xmlns:ext="http://www.liquibase.org/xml/ns/dbchangelog-ext" xmlns:xsi="http://www.w3.org/2001/XMLSchema-instance" xsi:schemaLocation="http://www.liquibase.org/xml/ns/dbchangelog-ext http://www.liquibase.org/xml/ns/dbchangelog/dbchangelog-ext.xsd http://www.liquibase.org/xml/ns/dbchangelog http://www.liquibase.org/xml/ns/dbchangelog/dbchangelog-3.4.xsd">
    <changeSet author="jason.shi (generated)" id="1452740411427-1">
        <addColumn tableName="T_PUB_SUB_REVISION_INFO">
            <column name="ISSUE_TIME" type="datetime"/>
        </addColumn>
    </changeSet>
    <changeSet author="jason.shi (generated)" id="1452740411427-2">
        <dropNotNullConstraint columnDataType="number(5,0)" columnName="DATA_TYPE" tableName="T_PUB_PARA_DEF"/>
    </changeSet>
    <changeSet author="jason.shi (generated)" id="1452740411427-3">
        <modifyDataType columnName="EMAIL" newDataType="varchar(100)" tableName="T_PUB_USER"/>
    </changeSet>


</databaseChangeLog>
