<?xml version="1.0" encoding="UTF-8" standalone="no"?>
<databaseChangeLog xmlns="http://www.liquibase.org/xml/ns/dbchangelog"
	xmlns:ext="http://www.liquibase.org/xml/ns/dbchangelog-ext" xmlns:xsi="http://www.w3.org/2001/XMLSchema-instance"
	xsi:schemaLocation="http://www.liquibase.org/xml/ns/dbchangelog-ext http://www.liquibase.org/xml/ns/dbchangelog/dbchangelog-ext.xsd http://www.liquibase.org/xml/ns/dbchangelog http://www.liquibase.org/xml/ns/dbchangelog/dbchangelog-3.3.xsd">
    <changeSet author="generated" id="2016031701_T_RI_CONTRACT_INFO">
		<addColumn tableName="T_RI_CONTRACT_INFO">
			<column name="LEADER" remarks="Limit  100%" type="VARCHAR2(2)"/>
		</addColumn>
	</changeSet>
    <changeSet author="generated" id="2016031701_T_RI_CONTRACT_INFO_LOG">
		<addColumn tableName="T_RI_CONTRACT_INFO_LOG">
			<column name="LEADER" type="VARCHAR2(2)"/>
		</addColumn>
	</changeSet>
</databaseChangeLog>