<?xml version="1.0" encoding="UTF-8" standalone="no"?>
<databaseChangeLog xmlns="http://www.liquibase.org/xml/ns/dbchangelog" xmlns:ext="http://www.liquibase.org/xml/ns/dbchangelog-ext" xmlns:xsi="http://www.w3.org/2001/XMLSchema-instance" xsi:schemaLocation="http://www.liquibase.org/xml/ns/dbchangelog-ext http://www.liquibase.org/xml/ns/dbchangelog/dbchangelog-ext.xsd http://www.liquibase.org/xml/ns/dbchangelog http://www.liquibase.org/xml/ns/dbchangelog/dbchangelog-3.3.xsd">

    <changeSet author="generated" id="2016051701_T_RI_CONT_LIMIT_ITEM">
        <sql>
            UPDATE T_RI_CONT_LIMIT_ITEM SET QS = NULL;
        </sql>
    </changeSet>
    <changeSet author="generated" id="2016051702_T_RI_CONT_LIMIT_ITEM_LOG">
        <sql>
            UPDATE T_RI_CONT_LIMIT_ITEM_LOG SET QS = NULL;
        </sql>
    </changeSet>
    
    <changeSet author="generated" id="2016051803_T_RI_CONT_CLAIM">
        <sql>
            UPDATE T_RI_CONT_CLAIM SET NO_OF_DAY = NULL;
        </sql>
    </changeSet>
    <changeSet author="generated" id="2016051804_T_RI_CONT_CLAIM_LOG">
        <sql>
            UPDATE T_RI_CONT_CLAIM_LOG SET NO_OF_DAY = NULL;
        </sql>
    </changeSet>
    
</databaseChangeLog>