<?xml version="1.0" encoding="UTF-8" standalone="no"?>
<databaseChangeLog xmlns="http://www.liquibase.org/xml/ns/dbchangelog" xmlns:ext="http://www.liquibase.org/xml/ns/dbchangelog-ext" xmlns:xsi="http://www.w3.org/2001/XMLSchema-instance" xsi:schemaLocation="http://www.liquibase.org/xml/ns/dbchangelog-ext http://www.liquibase.org/xml/ns/dbchangelog/dbchangelog-ext.xsd http://www.liquibase.org/xml/ns/dbchangelog http://www.liquibase.org/xml/ns/dbchangelog/dbchangelog-3.3.xsd">
    <changeSet author="generated" id="201602251802_T_RI_BCP_CFG_BANK.data">
        <insert tableName="T_RI_BCP_CFG_BANK">
            <column name="BANK_ID" valueNumeric="1"/>
            <column name="BANK_CODE" value="SCBLHKHH"/>
            <column name="BANK_NAME" value="Standard Chartered Bank (Hong Kong) Limited"/>
            <column name="BANK_ADDRESS" value="Standard Bank Building, 4-4A Des Voeux Road, Hong Kong "/>
            <column name="BENEFICIARY_NAME" value="Peak Reinsurance Company Limited"/>
        </insert>
    </changeSet>
</databaseChangeLog>
