<?xml version="1.0" encoding="UTF-8" standalone="no"?>
<databaseChangeLog xmlns="http://www.liquibase.org/xml/ns/dbchangelog" xmlns:ext="http://www.liquibase.org/xml/ns/dbchangelog-ext" xmlns:xsi="http://www.w3.org/2001/XMLSchema-instance" xsi:schemaLocation="http://www.liquibase.org/xml/ns/dbchangelog-ext http://www.liquibase.org/xml/ns/dbchangelog/dbchangelog-ext.xsd http://www.liquibase.org/xml/ns/dbchangelog http://www.liquibase.org/xml/ns/dbchangelog/dbchangelog-3.3.xsd">
    <changeSet author="generated" id="201602251816_T_RI_ARAP_TYPE.data">
        <insert tableName="T_RI_ARAP_TYPE">
            <column name="TYPE" valueNumeric="1"/>
            <column name="NAME" value="AR"/>
        </insert>
        <insert tableName="T_RI_ARAP_TYPE">
            <column name="TYPE" valueNumeric="2"/>
            <column name="NAME" value="AP"/>
        </insert>
        <insert tableName="T_RI_ARAP_TYPE">
            <column name="TYPE" valueNumeric="3"/>
            <column name="NAME" value="Others"/>
        </insert>
    </changeSet>
</databaseChangeLog>
