<?xml version="1.0" encoding="UTF-8" standalone="no"?>
<databaseChangeLog xmlns="http://www.liquibase.org/xml/ns/dbchangelog" xmlns:ext="http://www.liquibase.org/xml/ns/dbchangelog-ext" xmlns:xsi="http://www.w3.org/2001/XMLSchema-instance" xsi:schemaLocation="http://www.liquibase.org/xml/ns/dbchangelog-ext http://www.liquibase.org/xml/ns/dbchangelog/dbchangelog-ext.xsd http://www.liquibase.org/xml/ns/dbchangelog http://www.liquibase.org/xml/ns/dbchangelog/dbchangelog-3.3.xsd">
    <changeSet author="generated" id="201602251823_T_RI_BCP_PAY_MODE.data">
        <insert tableName="T_RI_BCP_PAY_MODE">
            <column name="PAY_MODE" valueNumeric="1"/>
            <column name="PAY_MODE_NAME" value="Advice"/>
        </insert>
        <insert tableName="T_RI_BCP_PAY_MODE">
            <column name="PAY_MODE" valueNumeric="2"/>
            <column name="PAY_MODE_NAME" value="Cheque"/>
        </insert>
        <insert tableName="T_RI_BCP_PAY_MODE">
            <column name="PAY_MODE" valueNumeric="3"/>
            <column name="PAY_MODE_NAME" value="Bank Transfer"/>
        </insert>
    </changeSet>
</databaseChangeLog>
