<?xml version="1.0" encoding="UTF-8" standalone="no"?>
<databaseChangeLog xmlns="http://www.liquibase.org/xml/ns/dbchangelog" xmlns:ext="http://www.liquibase.org/xml/ns/dbchangelog-ext" xmlns:xsi="http://www.w3.org/2001/XMLSchema-instance" xsi:schemaLocation="http://www.liquibase.org/xml/ns/dbchangelog-ext http://www.liquibase.org/xml/ns/dbchangelog/dbchangelog-ext.xsd http://www.liquibase.org/xml/ns/dbchangelog http://www.liquibase.org/xml/ns/dbchangelog/dbchangelog-3.3.xsd">
    <changeSet author="allen.liang" id="201603161644">
        <insert tableName="T_DD_BUSI_DATA_TABLE_RECORD">
			<column name="RECORD_ID" value="1834753"/>
            <column name="DATA_TABLE_ID" value="1834752"/>
            <column name="DYNAMIC_FIELDS" value='{"DisplayValue":"Yes","DataValue":"Y"}'/>
            <column name="INSERT_BY" value="-11"/>
            <column name="UPDATE_BY" value="-11"/>
            <column name="INSERT_TIME" valueDate="2016-03-16 16:50:00"/>
            <column name="UPDATE_TIME" valueDate="2016-03-16 16:50:00"/>
            <column name="RECORD_USAGE" value="2"/>
        </insert>
        
       <insert tableName="T_DD_BUSI_DATA_TABLE_RECORD">
			<column name="RECORD_ID" value="1834754"/>
            <column name="DATA_TABLE_ID" value="1834752"/>
            <column name="DYNAMIC_FIELDS" value='{"DisplayValue":"No","DataValue":"N"}'/>
            <column name="INSERT_BY" value="-11"/>
            <column name="UPDATE_BY" value="-11"/>
            <column name="INSERT_TIME" valueDate="2016-03-16 16:50:00"/>
            <column name="UPDATE_TIME" valueDate="2016-03-16 16:50:00"/>
            <column name="RECORD_USAGE" value="2"/>
        </insert>
        
        <insert tableName="T_DD_BUSI_DATA_TABLE_RECORD">
			<column name="RECORD_ID" value="1834757"/>
            <column name="DATA_TABLE_ID" value="1834756"/>
            <column name="DYNAMIC_FIELDS" value='{"DisplayValue":"DESC","DataValue":"DESC"}'/>
            <column name="INSERT_BY" value="-11"/>
            <column name="UPDATE_BY" value="-11"/>
            <column name="INSERT_TIME" valueDate="2016-03-16 16:50:00"/>
            <column name="UPDATE_TIME" valueDate="2016-03-16 16:50:00"/>
            <column name="RECORD_USAGE" value="2"/>
        </insert>
        
        <insert tableName="T_DD_BUSI_DATA_TABLE_RECORD">
			<column name="RECORD_ID" value="1834758"/>
            <column name="DATA_TABLE_ID" value="1834756"/>
            <column name="DYNAMIC_FIELDS" value='{"DisplayValue":"ASC","DataValue":"ASC"}'/>
            <column name="INSERT_BY" value="-11"/>
            <column name="UPDATE_BY" value="-11"/>
            <column name="INSERT_TIME" valueDate="2016-03-16 16:50:00"/>
            <column name="UPDATE_TIME" valueDate="2016-03-16 16:50:00"/>
            <column name="RECORD_USAGE" value="2"/>
        </insert>
       
    </changeSet>
</databaseChangeLog>
