<?xml version="1.0" encoding="UTF-8" standalone="no"?>
<databaseChangeLog xmlns="http://www.liquibase.org/xml/ns/dbchangelog" xmlns:ext="http://www.liquibase.org/xml/ns/dbchangelog-ext" xmlns:xsi="http://www.w3.org/2001/XMLSchema-instance" xsi:schemaLocation="http://www.liquibase.org/xml/ns/dbchangelog-ext http://www.liquibase.org/xml/ns/dbchangelog/dbchangelog-ext.xsd http://www.liquibase.org/xml/ns/dbchangelog http://www.liquibase.org/xml/ns/dbchangelog/dbchangelog-3.3.xsd">
    <changeSet author="allen.liang" id="201603161643">
        <insert tableName="T_DD_BUSI_DATA_TABLE">
			<column name="DATA_TABLE_ID" value="1834752"/>
            <column name="NAME" value="YesNoYN"/>
            <column name="FIELDS" value='{"DisplayValue":{"DataType":-4,"IsPrimaryKey":"N","Label":"DisplayValue","Name":"DisplayValue","NeedMultipleLanguage":"N"},"DataValue":{"DataType":-4,"IsPrimaryKey":"N","Label":"DataValue","Name":"DataValue","NeedMultipleLanguage":"N"}}'/>
            <column name="CONTEXT_ID" value="-1"/>
            <column name="INSERT_BY" value="-11"/>
            <column name="UPDATE_BY" value="-11"/>
            <column name="INSERT_TIME" valueDate="2016-03-16 16:50:00"/>
            <column name="UPDATE_TIME" valueDate="2016-03-16 16:50:00"/>
            <column name="RECORD_USAGE" value="2"/>
            <column name="DATA_TABLE_TYPE" value="-1"/>
        </insert>
        
       <insert tableName="T_DD_BUSI_DATA_TABLE">
			<column name="DATA_TABLE_ID" value="1834756"/>
            <column name="NAME" value="SortType"/>
            <column name="FIELDS" value='{"DisplayValue":{"DataType":-4,"IsPrimaryKey":"N","Label":"DisplayValue","Name":"DisplayValue","NeedMultipleLanguage":"N"},"DataValue":{"DataType":-4,"IsPrimaryKey":"N","Label":"DataValue","Name":"DataValue","NeedMultipleLanguage":"N"}}'/>
            <column name="CONTEXT_ID" value="-1"/>
            <column name="INSERT_BY" value="-11"/>
            <column name="UPDATE_BY" value="-11"/>
            <column name="INSERT_TIME" valueDate="2016-03-16 16:50:00"/>
            <column name="UPDATE_TIME" valueDate="2016-03-16 16:50:00"/>
            <column name="RECORD_USAGE" value="2"/>
            <column name="DATA_TABLE_TYPE" value="-1"/>
        </insert>
    </changeSet>
</databaseChangeLog>
