<?xml version="1.0" encoding="UTF-8" standalone="no"?>
<databaseChangeLog xmlns="http://www.liquibase.org/xml/ns/dbchangelog" xmlns:ext="http://www.liquibase.org/xml/ns/dbchangelog-ext" xmlns:xsi="http://www.w3.org/2001/XMLSchema-instance" xsi:schemaLocation="http://www.liquibase.org/xml/ns/dbchangelog-ext http://www.liquibase.org/xml/ns/dbchangelog/dbchangelog-ext.xsd http://www.liquibase.org/xml/ns/dbchangelog http://www.liquibase.org/xml/ns/dbchangelog/dbchangelog-3.3.xsd">
    <changeSet author="allen.liang" id="201603161645">
        <insert tableName="T_DD_BUSI_CODE_TABLE">
			<column name="CODE_TABLE_ID" value="1834750"/>
            <column name="NAME" value="CodeTableType"/>
            <column name="CODE_TABLE_TYPE" value="-2"/>
            <column name="ID_FIELD" value="CODE_TABLE_TYPE"/>
            <column name="CODE_FIELD" value="CODE_TABLE_TYPE"/>
            <column name="DESC_FIELD" value="DESCRIPTION"/>
            <column name="SORT_FIELD" value="CODE_TABLE_TYPE"/>
            <column name="SORT_TYPE" value="ASC"/>
            <column name="CONTEXT_ID" value="-1"/>
            <column name="DATA_SOURCE" value="T_DD_BUSI_CODE_TABLE_TYPE"/>
            <column name="IS_SMALL" value="Y"/>
            <column name="NEED_CACHE" value="Y"/>
            <column name="INSERT_BY" value="-11"/>
            <column name="UPDATE_BY" value="-11"/>
            <column name="INSERT_TIME" valueDate="2016-03-16 16:50:00"/>
            <column name="UPDATE_TIME" valueDate="2016-03-16 16:50:00"/>
            <column name="RECORD_USAGE" value="1"/>
            <column name="NEED_MULTI_LANG" value="Y"/>
        </insert>
        
       <insert tableName="T_DD_BUSI_CODE_TABLE">
			<column name="CODE_TABLE_ID" value="1834751"/>
            <column name="NAME" value="CodeTableContext"/>
            <column name="CODE_TABLE_TYPE" value="-2"/>
            <column name="ID_FIELD" value="CONTEXT_ID"/>
            <column name="CODE_FIELD" value="CONTEXT_ID"/>
            <column name="DESC_FIELD" value="-1"/>
            <column name="SORT_FIELD" value="CONTEXT_ID"/>
            <column name="SORT_TYPE" value="ASC"/>
            <column name="CONTEXT_ID" value="-1"/>
            <column name="DATA_SOURCE" value="T_DD_BUSI_CONTEXT"/>
            <column name="IS_SMALL" value="Y"/>
            <column name="NEED_CACHE" value="Y"/>
            <column name="INSERT_BY" value="-11"/>
            <column name="UPDATE_BY" value="-11"/>
            <column name="INSERT_TIME" valueDate="2016-03-16 16:50:00"/>
            <column name="UPDATE_TIME" valueDate="2016-03-16 16:50:00"/>
            <column name="RECORD_USAGE" value="1"/>
            <column name="NEED_MULTI_LANG" value="Y"/>
        </insert>
        
        <insert tableName="T_DD_BUSI_CODE_TABLE">
			<column name="CODE_TABLE_ID" value="1834755"/>
            <column name="NAME" value="YesNoYN"/>
            <column name="CODE_TABLE_TYPE" value="-1"/>
            <column name="ID_FIELD" value="DataValue"/>
            <column name="CODE_FIELD" value="DataValue"/>
            <column name="DESC_FIELD" value="DisplayValue"/>
            <column name="SORT_FIELD" value="DisplayValue"/>
            <column name="SORT_TYPE" value="ASC"/>
            <column name="CONTEXT_ID" value="-1"/>
            <column name="DATA_SOURCE" value="YesNoYN"/>
            <column name="IS_SMALL" value="Y"/>
            <column name="NEED_CACHE" value="Y"/>
            <column name="INSERT_BY" value="-11"/>
            <column name="UPDATE_BY" value="-11"/>
            <column name="INSERT_TIME" valueDate="2016-03-16 16:50:00"/>
            <column name="UPDATE_TIME" valueDate="2016-03-16 16:50:00"/>
            <column name="RECORD_USAGE" value="2"/>
            <column name="NEED_MULTI_LANG" value="Y"/>
            <column name="DATA_TABLE_ID" value="1834752"/>
        </insert>
        
        <insert tableName="T_DD_BUSI_CODE_TABLE">
			<column name="CODE_TABLE_ID" value="1834759"/>
            <column name="NAME" value="SortType"/>
            <column name="CODE_TABLE_TYPE" value="-1"/>
            <column name="ID_FIELD" value="DataValue"/>
            <column name="CODE_FIELD" value="DataValue"/>
            <column name="DESC_FIELD" value="DisplayValue"/>
            <column name="SORT_FIELD" value="DisplayValue"/>
            <column name="SORT_TYPE" value="ASC"/>
            <column name="CONTEXT_ID" value="-1"/>
            <column name="DATA_SOURCE" value="SortType"/>
            <column name="IS_SMALL" value="Y"/>
            <column name="NEED_CACHE" value="Y"/>
            <column name="INSERT_BY" value="-11"/>
            <column name="UPDATE_BY" value="-11"/>
            <column name="INSERT_TIME" valueDate="2016-03-16 16:50:00"/>
            <column name="UPDATE_TIME" valueDate="2016-03-16 16:50:00"/>
            <column name="RECORD_USAGE" value="2"/>
            <column name="NEED_MULTI_LANG" value="Y"/>
            <column name="DATA_TABLE_ID" value="1834756"/>
        </insert>
        
        <insert tableName="T_DD_BUSI_CODE_TABLE">
			<column name="CODE_TABLE_ID" value="1834761"/>
            <column name="NAME" value="DataTableData"/>
            <column name="CODE_TABLE_TYPE" value="-2"/>
            <column name="ID_FIELD" value="DATA_TABLE_ID"/>
            <column name="CODE_FIELD" value="CONTEXT_ID"/>
            <column name="DESC_FIELD" value="NAME"/>
            <column name="SORT_FIELD" value="NAME"/>
            <column name="SORT_TYPE" value="ASC"/>
            <column name="CONTEXT_ID" value="-1"/>
            <column name="DATA_SOURCE" value="T_DD_BUSI_DATA_TABLE"/>
            <column name="IS_SMALL" value="Y"/>
            <column name="NEED_CACHE" value="Y"/>
            <column name="INSERT_BY" value="-11"/>
            <column name="UPDATE_BY" value="-11"/>
            <column name="INSERT_TIME" valueDate="2016-03-16 16:50:00"/>
            <column name="UPDATE_TIME" valueDate="2016-03-16 16:50:00"/>
            <column name="RECORD_USAGE" value="2"/>
            <column name="NEED_MULTI_LANG" value="N"/>
        </insert>
    </changeSet>
</databaseChangeLog>
