<?xml version="1.0" encoding="UTF-8" standalone="no"?>
<databaseChangeLog xmlns="http://www.liquibase.org/xml/ns/dbchangelog" xmlns:ext="http://www.liquibase.org/xml/ns/dbchangelog-ext" xmlns:xsi="http://www.w3.org/2001/XMLSchema-instance" xsi:schemaLocation="http://www.liquibase.org/xml/ns/dbchangelog-ext http://www.liquibase.org/xml/ns/dbchangelog/dbchangelog-ext.xsd http://www.liquibase.org/xml/ns/dbchangelog http://www.liquibase.org/xml/ns/dbchangelog/dbchangelog-3.3.xsd">
    <changeSet author="jason.shi (generated)" id="1451449029753-1">
        <createTable tableName="T_RM_CONTEXT">
            <column name="CONTEXT_ID" type="NUMBER(10, 0)">
                <constraints nullable="false"/>
            </column>
            <column name="NAME" type="VARCHAR2(100)">
                <constraints nullable="false"/>
            </column>
            <column name="DESCRIPTION" type="VARCHAR2(500)"/>
            <column name="CONTEXT_TYPE" type="NUMBER(10, 0)">
                <constraints nullable="false"/>
            </column>
            <column name="CONTEXT_PARAMS" type="VARCHAR2(2000)"/>
            <column defaultValueComputed="-11" name="INSERT_BY" remarks="Insert user id" type="NUMBER(10, 0)">
                <constraints nullable="false"/>
            </column>
            <column defaultValueComputed="-11" name="UPDATE_BY" remarks="Latest update user id" type="NUMBER(10, 0)">
                <constraints nullable="false"/>
            </column>
            <column defaultValueComputed="CURRENT_TIMESTAMP" name="INSERT_TIME" remarks="Record insert time" type="datetime">
                <constraints nullable="false"/>
            </column>
            <column defaultValueComputed="CURRENT_TIMESTAMP" name="UPDATE_TIME" remarks="Record update time" type="datetime">
                <constraints nullable="false"/>
            </column>
            <column name="RECORD_USAGE" remarks="Record usage for definition data,ref T_PUB_RECORD_USAGE" type="NUMBER(1, 0)">
                <constraints nullable="false"/>
            </column>
        </createTable>
    </changeSet>
    <changeSet author="jason.shi (generated)" id="1451449029753-2">
        <createTable tableName="T_RM_CONTEXT_TYPE">
            <column name="CONTEXT_TYPE" type="NUMBER(10, 0)">
                <constraints nullable="false"/>
            </column>
            <column name="NAME" type="VARCHAR2(100)">
                <constraints nullable="false"/>
            </column>
            <column name="DESCRIPTION" type="VARCHAR2(500)"/>
            <column name="CONTEXT_FIELDS" type="VARCHAR2(4000)"/>
            <column defaultValueComputed="-11" name="INSERT_BY" remarks="Insert user id" type="NUMBER(10, 0)">
                <constraints nullable="false"/>
            </column>
            <column defaultValueComputed="-11" name="UPDATE_BY" remarks="Latest update user id" type="NUMBER(10, 0)">
                <constraints nullable="false"/>
            </column>
            <column defaultValueComputed="CURRENT_TIMESTAMP" name="INSERT_TIME" remarks="Record insert time" type="datetime">
                <constraints nullable="false"/>
            </column>
            <column defaultValueComputed="CURRENT_TIMESTAMP" name="UPDATE_TIME" remarks="Record update time" type="datetime">
                <constraints nullable="false"/>
            </column>
            <column name="RECORD_USAGE" remarks="Record usage for definition data,ref T_PUB_RECORD_USAGE" type="NUMBER(1, 0)">
                <constraints nullable="false"/>
            </column>
        </createTable>
    </changeSet>
    <changeSet author="jason.shi (generated)" id="1451449029753-3">
        <createTable tableName="T_RM_DRIVER">
            <column name="DRIVER_ID" type="NUMBER(10, 0)">
                <constraints nullable="false"/>
            </column>
            <column name="NAME" type="VARCHAR2(100)">
                <constraints nullable="false"/>
            </column>
            <column name="DESCRIPTION" type="VARCHAR2(500)"/>
            <column name="DRIVER_TYPE" type="NUMBER(10, 0)">
                <constraints nullable="false"/>
            </column>
            <column defaultValueComputed="-11" name="INSERT_BY" remarks="Insert user id" type="NUMBER(10, 0)">
                <constraints nullable="false"/>
            </column>
            <column defaultValueComputed="-11" name="UPDATE_BY" remarks="Latest update user id" type="NUMBER(10, 0)">
                <constraints nullable="false"/>
            </column>
            <column defaultValueComputed="CURRENT_TIMESTAMP" name="INSERT_TIME" remarks="Record insert time" type="datetime">
                <constraints nullable="false"/>
            </column>
            <column defaultValueComputed="CURRENT_TIMESTAMP" name="UPDATE_TIME" remarks="Record update time" type="datetime">
                <constraints nullable="false"/>
            </column>
            <column name="RECORD_USAGE" remarks="Record usage for definition data,ref T_PUB_RECORD_USAGE" type="NUMBER(1, 0)">
                <constraints nullable="false"/>
            </column>
        </createTable>
    </changeSet>
    <changeSet author="jason.shi (generated)" id="1451449029753-4">
        <createTable tableName="T_RM_DRIVER_TYPE">
            <column name="DRIVER_TYPE" type="NUMBER(10, 0)">
                <constraints nullable="false"/>
            </column>
            <column name="NAME" type="VARCHAR2(100)">
                <constraints nullable="false"/>
            </column>
            <column name="DESCRIPTION" type="VARCHAR2(500)"/>
            <column name="SUPPORT_EVENT_TYPES" type="VARCHAR2(500)"/>
            <column defaultValue="N" name="FIXED_EVENT_CODE" type="CHAR(1)">
                <constraints nullable="false"/>
            </column>
            <column defaultValueComputed="-11" name="INSERT_BY" remarks="Insert user id" type="NUMBER(10, 0)">
                <constraints nullable="false"/>
            </column>
            <column defaultValueComputed="-11" name="UPDATE_BY" remarks="Latest update user id" type="NUMBER(10, 0)">
                <constraints nullable="false"/>
            </column>
            <column defaultValueComputed="CURRENT_TIMESTAMP" name="INSERT_TIME" remarks="Record insert time" type="datetime">
                <constraints nullable="false"/>
            </column>
            <column defaultValueComputed="CURRENT_TIMESTAMP" name="UPDATE_TIME" remarks="Record update time" type="datetime">
                <constraints nullable="false"/>
            </column>
            <column defaultValueNumeric="2" name="RECORD_USAGE" remarks="Record usage for definition data,ref T_PUB_RECORD_USAGE" type="NUMBER(1, 0)">
                <constraints nullable="false"/>
            </column>
        </createTable>
    </changeSet>
    <changeSet author="jason.shi (generated)" id="1451449029753-5">
        <createTable tableName="T_RM_EVENT">
            <column name="EVENT_ID" type="NUMBER(10, 0)">
                <constraints nullable="false"/>
            </column>
            <column name="CODE" type="VARCHAR2(500)">
                <constraints nullable="false"/>
            </column>
            <column name="NAME" type="VARCHAR2(500)">
                <constraints nullable="false"/>
            </column>
            <column name="DESCRIPTION" type="VARCHAR2(500)"/>
            <column name="DRIVER_ID" type="NUMBER(10, 0)">
                <constraints nullable="false"/>
            </column>
            <column name="EVENT_TYPE" type="NUMBER(10, 0)">
                <constraints nullable="false"/>
            </column>
            <column defaultValueComputed="-11" name="INSERT_BY" remarks="Insert user id" type="NUMBER(10, 0)">
                <constraints nullable="false"/>
            </column>
            <column defaultValueComputed="-11" name="UPDATE_BY" remarks="Latest update user id" type="NUMBER(10, 0)">
                <constraints nullable="false"/>
            </column>
            <column defaultValueComputed="CURRENT_TIMESTAMP" name="INSERT_TIME" remarks="Record insert time" type="datetime">
                <constraints nullable="false"/>
            </column>
            <column defaultValueComputed="CURRENT_TIMESTAMP" name="UPDATE_TIME" remarks="Record update time" type="datetime">
                <constraints nullable="false"/>
            </column>
            <column name="RECORD_USAGE" remarks="Record usage for definition data,ref T_PUB_RECORD_USAGE" type="NUMBER(1, 0)">
                <constraints nullable="false"/>
            </column>
            <column name="TAG_IDS" type="VARCHAR2(2000)"/>
        </createTable>
    </changeSet>
    <changeSet author="jason.shi (generated)" id="1451449029753-6">
        <createTable tableName="T_RM_EVENT_GROUP_MAPPING">
            <column name="MAPPING_ID" type="NUMBER(10, 0)">
                <constraints nullable="false"/>
            </column>
            <column name="GROUP_ID" type="NUMBER(10, 0)">
                <constraints nullable="false"/>
            </column>
            <column name="CONTEXT_ID" type="NUMBER(10, 0)">
                <constraints nullable="false"/>
            </column>
            <column name="APPLICABLE_CONDITION" type="VARCHAR2(2000)"/>
            <column name="EVENT_ID" type="NUMBER(10, 0)"/>
            <column defaultValueComputed="-11" name="INSERT_BY" remarks="Insert user id" type="NUMBER(10, 0)">
                <constraints nullable="false"/>
            </column>
            <column defaultValueComputed="-11" name="UPDATE_BY" remarks="Latest update user id" type="NUMBER(10, 0)">
                <constraints nullable="false"/>
            </column>
            <column defaultValueComputed="CURRENT_TIMESTAMP" name="INSERT_TIME" remarks="Record insert time" type="datetime">
                <constraints nullable="false"/>
            </column>
            <column defaultValueComputed="CURRENT_TIMESTAMP" name="UPDATE_TIME" remarks="Record update time" type="datetime">
                <constraints nullable="false"/>
            </column>
            <column name="RECORD_USAGE" remarks="Record usage for definition data,ref T_PUB_RECORD_USAGE" type="NUMBER(1, 0)">
                <constraints nullable="false"/>
            </column>
            <column defaultValueNumeric="5" name="RUN_PRIORITY" type="NUMBER(10, 0)">
                <constraints nullable="false"/>
            </column>
        </createTable>
    </changeSet>
    <changeSet author="jason.shi (generated)" id="1451449029753-7">
        <createTable tableName="T_RM_EVENT_RULE_MAPPING">
            <column name="MAPPING_ID" type="NUMBER(10, 0)">
                <constraints nullable="false"/>
            </column>
            <column name="RULE_ID" type="NUMBER(10, 0)">
                <constraints nullable="false"/>
            </column>
            <column name="CONTEXT_ID" type="NUMBER(10, 0)">
                <constraints nullable="false"/>
            </column>
            <column name="APPLICABLE_CONDITION" type="VARCHAR2(2000)"/>
            <column name="EVENT_ID" type="NUMBER(10, 0)"/>
            <column defaultValueComputed="-11" name="INSERT_BY" remarks="Insert user id" type="NUMBER(10, 0)">
                <constraints nullable="false"/>
            </column>
            <column defaultValueComputed="-11" name="UPDATE_BY" remarks="Latest update user id" type="NUMBER(10, 0)">
                <constraints nullable="false"/>
            </column>
            <column defaultValueComputed="CURRENT_TIMESTAMP" name="INSERT_TIME" remarks="Record insert time" type="datetime">
                <constraints nullable="false"/>
            </column>
            <column defaultValueComputed="CURRENT_TIMESTAMP" name="UPDATE_TIME" remarks="Record update time" type="datetime">
                <constraints nullable="false"/>
            </column>
            <column name="RECORD_USAGE" remarks="Record usage for definition data,ref T_PUB_RECORD_USAGE" type="NUMBER(1, 0)">
                <constraints nullable="false"/>
            </column>
            <column defaultValueNumeric="5" name="RUN_PRIORITY" type="NUMBER(10, 0)">
                <constraints nullable="false"/>
            </column>
        </createTable>
    </changeSet>
    <changeSet author="jason.shi (generated)" id="1451449029753-8">
        <createTable tableName="T_RM_EVENT_TYPE">
            <column name="EVENT_TYPE" type="NUMBER(10, 0)">
                <constraints nullable="false"/>
            </column>
            <column name="NAME" type="VARCHAR2(100)">
                <constraints nullable="false"/>
            </column>
            <column name="DESCRIPTION" type="VARCHAR2(500)"/>
            <column defaultValueComputed="-11" name="INSERT_BY" remarks="Insert user id" type="NUMBER(10, 0)">
                <constraints nullable="false"/>
            </column>
            <column defaultValueComputed="-11" name="UPDATE_BY" remarks="Latest update user id" type="NUMBER(10, 0)">
                <constraints nullable="false"/>
            </column>
            <column defaultValueComputed="CURRENT_TIMESTAMP" name="INSERT_TIME" remarks="Record insert time" type="datetime">
                <constraints nullable="false"/>
            </column>
            <column defaultValueComputed="CURRENT_TIMESTAMP" name="UPDATE_TIME" remarks="Record update time" type="datetime">
                <constraints nullable="false"/>
            </column>
            <column name="RECORD_USAGE" remarks="Record usage for definition data,ref T_PUB_RECORD_USAGE" type="NUMBER(1, 0)">
                <constraints nullable="false"/>
            </column>
        </createTable>
    </changeSet>
    <changeSet author="jason.shi (generated)" id="1451449029753-9">
        <createTable tableName="T_RM_GROUP">
            <column name="GROUP_ID" type="NUMBER(10, 0)">
                <constraints nullable="false"/>
            </column>
            <column name="NAME" type="VARCHAR2(100)">
                <constraints nullable="false"/>
            </column>
            <column name="DESCRIPTION" type="VARCHAR2(500)"/>
            <column defaultValueComputed="-11" name="INSERT_BY" remarks="Insert user id" type="NUMBER(10, 0)">
                <constraints nullable="false"/>
            </column>
            <column defaultValueComputed="-11" name="UPDATE_BY" remarks="Latest update user id" type="NUMBER(10, 0)">
                <constraints nullable="false"/>
            </column>
            <column defaultValueComputed="CURRENT_TIMESTAMP" name="INSERT_TIME" remarks="Record insert time" type="datetime">
                <constraints nullable="false"/>
            </column>
            <column defaultValueComputed="CURRENT_TIMESTAMP" name="UPDATE_TIME" remarks="Record update time" type="datetime">
                <constraints nullable="false"/>
            </column>
            <column name="RECORD_USAGE" remarks="Record usage for definition data,ref T_PUB_RECORD_USAGE" type="NUMBER(1, 0)">
                <constraints nullable="false"/>
            </column>
            <column name="TAG_IDS" type="VARCHAR2(2000)"/>
            <column name="GROUP_ID_OLD" type="NUMBER(10, 0)"/>
            <column name="APPLICABLE_CONDITION" type="VARCHAR2(2000)"/>
        </createTable>
    </changeSet>
    <changeSet author="jason.shi (generated)" id="1451449029753-10">
        <createTable tableName="T_RM_GROUP_RULE_MAPPING">
            <column name="MAPPING_ID" type="NUMBER(10, 0)">
                <constraints nullable="false"/>
            </column>
            <column name="GROUP_ID" type="NUMBER(10, 0)">
                <constraints nullable="false"/>
            </column>
            <column name="RULE_ID" type="NUMBER(10, 0)">
                <constraints nullable="false"/>
            </column>
            <column defaultValueComputed="-11" name="INSERT_BY" remarks="Insert user id" type="NUMBER(10, 0)">
                <constraints nullable="false"/>
            </column>
            <column defaultValueComputed="-11" name="UPDATE_BY" remarks="Latest update user id" type="NUMBER(10, 0)">
                <constraints nullable="false"/>
            </column>
            <column defaultValueComputed="CURRENT_TIMESTAMP" name="INSERT_TIME" remarks="Record insert time" type="datetime">
                <constraints nullable="false"/>
            </column>
            <column defaultValueComputed="CURRENT_TIMESTAMP" name="UPDATE_TIME" remarks="Record update time" type="datetime">
                <constraints nullable="false"/>
            </column>
            <column name="RECORD_USAGE" remarks="Record usage for definition data,ref T_PUB_RECORD_USAGE" type="NUMBER(1, 0)">
                <constraints nullable="false"/>
            </column>
            <column defaultValueNumeric="5" name="RUN_PRIORITY" type="NUMBER(10, 0)">
                <constraints nullable="false"/>
            </column>
        </createTable>
    </changeSet>
    <changeSet author="jason.shi (generated)" id="1451449029753-11">
        <createTable tableName="T_RM_RULE">
            <column name="RULE_ID" type="NUMBER(10)">
                <constraints nullable="false"/>
            </column>
            <column name="RULE_LEVEL" type="VARCHAR2(50)"/>
            <column name="DESCRIPTION" type="VARCHAR2(2000)"/>
            <column name="NAME" type="VARCHAR2(200)"/>
            <column name="RULE_NO" type="VARCHAR2(50)"/>
            <column defaultValueNumeric="0" name="STATUS" type="NUMBER">
                <constraints nullable="false"/>
            </column>
            <column name="RULE_ID_OLD" type="NUMBER(10, 0)"/>
            <column name="TAG_IDS" type="VARCHAR2(2000)"/>
            <column name="APPLICABLE_CONDITION" type="VARCHAR2(2000)"/>
            <column name="CONTENT" type="CLOB"/>
            <column defaultValueComputed="-11" name="INSERT_BY" remarks="Insert user id" type="NUMBER(10, 0)">
                <constraints nullable="false"/>
            </column>
            <column defaultValueComputed="-11" name="UPDATE_BY" remarks="Latest update user id" type="NUMBER(10, 0)">
                <constraints nullable="false"/>
            </column>
            <column defaultValueComputed="CURRENT_TIMESTAMP" name="INSERT_TIME" remarks="Record insert time" type="datetime">
                <constraints nullable="false"/>
            </column>
            <column defaultValueComputed="CURRENT_TIMESTAMP" name="UPDATE_TIME" remarks="Record update time" type="datetime">
                <constraints nullable="false"/>
            </column>
            <column name="RECORD_USAGE" remarks="Record usage for definition data,ref T_PUB_RECORD_USAGE" type="NUMBER(1, 0)">
                <constraints nullable="false"/>
            </column>
        </createTable>
    </changeSet>
    <changeSet author="jason.shi (generated)" id="1451449029753-12">
        <createTable tableName="T_RM_TAG">
            <column name="TAG_ID" type="NUMBER(10, 0)">
                <constraints nullable="false"/>
            </column>
            <column name="NAME" type="VARCHAR2(100)">
                <constraints nullable="false"/>
            </column>
            <column name="DESCRIPTION" type="VARCHAR2(500)"/>
            <column defaultValueComputed="-11" name="INSERT_BY" remarks="Insert user id" type="NUMBER(10, 0)">
                <constraints nullable="false"/>
            </column>
            <column defaultValueComputed="-11" name="UPDATE_BY" remarks="Latest update user id" type="NUMBER(10, 0)">
                <constraints nullable="false"/>
            </column>
            <column defaultValueComputed="CURRENT_TIMESTAMP" name="INSERT_TIME" remarks="Record insert time" type="datetime">
                <constraints nullable="false"/>
            </column>
            <column defaultValueComputed="CURRENT_TIMESTAMP" name="UPDATE_TIME" remarks="Record update time" type="datetime">
                <constraints nullable="false"/>
            </column>
            <column name="RECORD_USAGE" remarks="Record usage for definition data,ref T_PUB_RECORD_USAGE" type="NUMBER(1, 0)">
                <constraints nullable="false"/>
            </column>
        </createTable>
    </changeSet>
    <changeSet author="jason.shi (generated)" id="1451449029753-13">

        <addPrimaryKey columnNames="CONTEXT_ID" constraintName="PK_RM_CONTEXT"  tableName="T_RM_CONTEXT"/>
    </changeSet>
    <changeSet author="jason.shi (generated)" id="1451449029753-14">

        <addPrimaryKey columnNames="CONTEXT_TYPE" constraintName="PK_RM_CONTEXT_TYPE"  tableName="T_RM_CONTEXT_TYPE"/>
    </changeSet>
    <changeSet author="jason.shi (generated)" id="1451449029753-15">

        <addPrimaryKey columnNames="DRIVER_ID" constraintName="PK_RM_DRIVER"  tableName="T_RM_DRIVER"/>
    </changeSet>
    <changeSet author="jason.shi (generated)" id="1451449029753-16">

        <addPrimaryKey columnNames="DRIVER_TYPE" constraintName="PK_RM_DRIVER_TYPE"  tableName="T_RM_DRIVER_TYPE"/>
    </changeSet>
    <changeSet author="jason.shi (generated)" id="1451449029753-17">

        <addPrimaryKey columnNames="EVENT_ID" constraintName="PK_RM_EVENT"  tableName="T_RM_EVENT"/>
    </changeSet>
    <changeSet author="jason.shi (generated)" id="1451449029753-18">

        <addPrimaryKey columnNames="MAPPING_ID" constraintName="PK_RM_EVENT_GROUP_MAPPING"  tableName="T_RM_EVENT_GROUP_MAPPING"/>
    </changeSet>
    <changeSet author="jason.shi (generated)" id="1451449029753-19">

        <addPrimaryKey columnNames="MAPPING_ID" constraintName="PK_RM_EVENT_RULE_MAPPING"  tableName="T_RM_EVENT_RULE_MAPPING"/>
    </changeSet>
    <changeSet author="jason.shi (generated)" id="1451449029753-20">

        <addPrimaryKey columnNames="EVENT_TYPE" constraintName="PK_RM_EVENT_TYPE"  tableName="T_RM_EVENT_TYPE"/>
    </changeSet>
    <changeSet author="jason.shi (generated)" id="1451449029753-21">

        <addPrimaryKey columnNames="GROUP_ID" constraintName="PK_RM_GROUP"  tableName="T_RM_GROUP"/>
    </changeSet>
    <changeSet author="jason.shi (generated)" id="1451449029753-22">

        <addPrimaryKey columnNames="MAPPING_ID" constraintName="PK_RM_GROUP_RULE_MAPPING"  tableName="T_RM_GROUP_RULE_MAPPING"/>
    </changeSet>
    <changeSet author="jason.shi (generated)" id="1451449029753-23">

        <addPrimaryKey columnNames="TAG_ID" constraintName="PK_RM_TAG"  tableName="T_RM_TAG"/>
    </changeSet>
    <changeSet author="jason.shi (generated)" id="1451449029753-24">

        <addPrimaryKey columnNames="RULE_ID" constraintName="SYS_C001380388"  tableName="T_RM_RULE"/>
    </changeSet>
    <changeSet author="jason.shi (generated)" id="1451449029753-25">
        <createIndex indexName="I_RM_DRIVER_TYPE" tableName="T_RM_DRIVER">
            <column name="DRIVER_TYPE"/>
        </createIndex>
    </changeSet>
    <changeSet author="jason.shi (generated)" id="1451449029753-26">
        <createIndex indexName="I_RM_EVENT_DI" tableName="T_RM_EVENT">
            <column name="DRIVER_ID"/>
        </createIndex>
    </changeSet>
    <changeSet author="jason.shi (generated)" id="1451449029753-27">
        <createIndex indexName="I_RM_EVENT_ET" tableName="T_RM_EVENT">
            <column name="EVENT_TYPE"/>
        </createIndex>
    </changeSet>
    <changeSet author="jason.shi (generated)" id="1451449029753-28">
        <createIndex indexName="I_RM_EVENT_GROUP_MAPPING_C" tableName="T_RM_EVENT_GROUP_MAPPING">
            <column name="CONTEXT_ID"/>
        </createIndex>
    </changeSet>
    <changeSet author="jason.shi (generated)" id="1451449029753-29">
        <createIndex indexName="I_RM_EVENT_GROUP_MAPPING_E" tableName="T_RM_EVENT_GROUP_MAPPING">
            <column name="CONTEXT_ID"/>
            <column name="EVENT_ID"/>
        </createIndex>
    </changeSet>
    <changeSet author="jason.shi (generated)" id="1451449029753-30">
        <createIndex indexName="I_RM_EVENT_GROUP_MAPPING_G" tableName="T_RM_EVENT_GROUP_MAPPING">
            <column name="GROUP_ID"/>
        </createIndex>
    </changeSet>
    <changeSet author="jason.shi (generated)" id="1451449029753-31">
        <createIndex indexName="I_RM_EVENT_RULE_MAPPING_C" tableName="T_RM_EVENT_RULE_MAPPING">
            <column name="CONTEXT_ID"/>
        </createIndex>
    </changeSet>
    <changeSet author="jason.shi (generated)" id="1451449029753-32">
        <createIndex indexName="I_RM_EVENT_RULE_MAPPING_E" tableName="T_RM_EVENT_RULE_MAPPING">
            <column name="EVENT_ID"/>
        </createIndex>
    </changeSet>
    <changeSet author="jason.shi (generated)" id="1451449029753-33">
        <createIndex indexName="I_RM_EVENT_RULE_MAPPING_R" tableName="T_RM_EVENT_RULE_MAPPING">
            <column name="RULE_ID"/>
        </createIndex>
    </changeSet>
    <changeSet author="jason.shi (generated)" id="1451449029753-34">
        <createIndex indexName="I_RM_GROUP_RULE_MAPPING_G" tableName="T_RM_GROUP_RULE_MAPPING">
            <column name="GROUP_ID"/>
        </createIndex>
    </changeSet>
    <changeSet author="jason.shi (generated)" id="1451449029753-35">
        <createIndex indexName="I_RM_GROUP_RULE_MAPPING_R" tableName="T_RM_GROUP_RULE_MAPPING">
            <column name="RULE_ID"/>
        </createIndex>
    </changeSet>
    <changeSet author="jason.shi (generated)" id="1451449029753-36">
        <createIndex indexName="I__RM_CONTEXT_RU" tableName="T_RM_CONTEXT">
            <column name="RECORD_USAGE"/>
        </createIndex>
    </changeSet>
    <changeSet author="jason.shi (generated)" id="1451449029753-37">
        <createIndex indexName="I__RM_CONTEXT_TYPE" tableName="T_RM_CONTEXT">
            <column name="CONTEXT_TYPE"/>
        </createIndex>
    </changeSet>
    <changeSet author="jason.shi (generated)" id="1451449029753-38">
        <createIndex indexName="I__RM_CONTEXT_TYPE_RU" tableName="T_RM_CONTEXT_TYPE">
            <column name="RECORD_USAGE"/>
        </createIndex>
    </changeSet>
    <changeSet author="jason.shi (generated)" id="1451449029753-39">
        <createIndex indexName="I__RM_DRIVER_RU" tableName="T_RM_DRIVER">
            <column name="RECORD_USAGE"/>
        </createIndex>
    </changeSet>
    <changeSet author="jason.shi (generated)" id="1451449029753-40">
        <createIndex indexName="I__RM_DRIVER_TYPE_RU" tableName="T_RM_DRIVER_TYPE">
            <column name="RECORD_USAGE"/>
        </createIndex>
    </changeSet>
    <changeSet author="jason.shi (generated)" id="1451449029753-41">
        <createIndex indexName="I__RM_EVENT_GROUP_MAPPING_RU" tableName="T_RM_EVENT_GROUP_MAPPING">
            <column name="RECORD_USAGE"/>
        </createIndex>
    </changeSet>
    <changeSet author="jason.shi (generated)" id="1451449029753-42">
        <createIndex indexName="I__RM_EVENT_RU" tableName="T_RM_EVENT">
            <column name="RECORD_USAGE"/>
        </createIndex>
    </changeSet>
    <changeSet author="jason.shi (generated)" id="1451449029753-43">
        <createIndex indexName="I__RM_EVENT_RULE_MAPPING_RU" tableName="T_RM_EVENT_RULE_MAPPING">
            <column name="RECORD_USAGE"/>
        </createIndex>
    </changeSet>
    <changeSet author="jason.shi (generated)" id="1451449029753-44">
        <createIndex indexName="I__RM_EVENT_TYPE_RU" tableName="T_RM_EVENT_TYPE">
            <column name="RECORD_USAGE"/>
        </createIndex>
    </changeSet>
    <changeSet author="jason.shi (generated)" id="1451449029753-45">
        <createIndex indexName="I__RM_GROUP_RU" tableName="T_RM_GROUP">
            <column name="RECORD_USAGE"/>
        </createIndex>
    </changeSet>
    <changeSet author="jason.shi (generated)" id="1451449029753-46">
        <createIndex indexName="I__RM_GROUP_RULE_MAPPING_RU" tableName="T_RM_GROUP_RULE_MAPPING">
            <column name="RECORD_USAGE"/>
        </createIndex>
    </changeSet>
    <changeSet author="jason.shi (generated)" id="1451449029753-47">
        <createIndex indexName="I__RM_RULE_RU" tableName="T_RM_RULE">
            <column name="RECORD_USAGE"/>
        </createIndex>
    </changeSet>
    <changeSet author="jason.shi (generated)" id="1451449029753-48">
        <createIndex indexName="I__RM_TAG_RU" tableName="T_RM_TAG">
            <column name="RECORD_USAGE"/>
        </createIndex>
    </changeSet>
    <changeSet author="jason.shi (generated)" id="1451449029753-49">
        <createIndex indexName="U_RM_CONTEXT_TYPE_NAME" tableName="T_RM_CONTEXT_TYPE" unique="true">
            <column name="NAME"/>
        </createIndex>
    </changeSet>
    <changeSet author="jason.shi (generated)" id="1451449029753-50">
        <createIndex indexName="U_RM_DRIVER" tableName="T_RM_DRIVER" unique="true">
            <column name="NAME"/>
        </createIndex>
    </changeSet>
    <changeSet author="jason.shi (generated)" id="1451449029753-51">
        <createIndex indexName="U_RM_DRIVER_TYPE_NAME" tableName="T_RM_DRIVER_TYPE" unique="true">
            <column name="NAME"/>
        </createIndex>
    </changeSet>
    <changeSet author="jason.shi (generated)" id="1451449029753-52">
        <createIndex indexName="U_RM_EVENT_RULE_MAPPING" tableName="T_RM_EVENT_RULE_MAPPING" unique="true">
            <column name="EVENT_ID"/>
            <column name="RULE_ID"/>
        </createIndex>
    </changeSet>
    <changeSet author="jason.shi (generated)" id="1451449029753-53">
        <createIndex indexName="U_RM_GROUP" tableName="T_RM_GROUP" unique="true">
            <column name="NAME"/>
        </createIndex>
    </changeSet>
    <changeSet author="jason.shi (generated)" id="1451449029753-54">
        <createIndex indexName="U_RM_GROUP_RULE_MAPPING" tableName="T_RM_GROUP_RULE_MAPPING" unique="true">
            <column name="GROUP_ID"/>
            <column name="RULE_ID"/>
        </createIndex>
    </changeSet>
    <changeSet author="jason.shi (generated)" id="1451449029753-55">
        <createIndex indexName="U_RM_TAG_NAME" tableName="T_RM_TAG" unique="true">
            <column name="NAME"/>
        </createIndex>
    </changeSet>
    <changeSet author="jason.shi (generated)" id="1451449029753-56">
        <createIndex indexName="U__RM_CONTEXT_NAME" tableName="T_RM_CONTEXT" unique="true">
            <column name="NAME"/>
        </createIndex>
    </changeSet>
    <changeSet author="jason.shi (generated)" id="1451449029753-57">
        <createIndex indexName="U__RM_EVENT_GROUP_MAPPING" tableName="T_RM_EVENT_GROUP_MAPPING" unique="true">
            <column name="GROUP_ID"/>
            <column name="EVENT_ID"/>
        </createIndex>
    </changeSet>
    <changeSet author="jason.shi (generated)" id="1451449029753-58">
        <createIndex indexName="U__RM_EVENT_TYPE_NAME" tableName="T_RM_EVENT_TYPE" unique="true">
            <column name="NAME"/>
        </createIndex>
    </changeSet>
    <changeSet author="jason.shi (generated)" id="1451449029753-59">
        <addForeignKeyConstraint baseColumnNames="RECORD_USAGE" baseTableName="T_RM_CONTEXT" constraintName="FK_RM_CONTEXT_RU" deferrable="false" initiallyDeferred="false" onDelete="NO ACTION" onUpdate="NO ACTION" referencedColumnNames="RECORD_USAGE" referencedTableName="T_PUB_RECORD_USAGE"/>
    </changeSet>
    <changeSet author="jason.shi (generated)" id="1451449029753-60">
        <addForeignKeyConstraint baseColumnNames="CONTEXT_TYPE" baseTableName="T_RM_CONTEXT" constraintName="FK_RM_CONTEXT_TYPE" deferrable="false" initiallyDeferred="false" onDelete="NO ACTION" onUpdate="NO ACTION" referencedColumnNames="CONTEXT_TYPE" referencedTableName="T_RM_CONTEXT_TYPE"/>
    </changeSet>
    <changeSet author="jason.shi (generated)" id="1451449029753-61">
        <addForeignKeyConstraint baseColumnNames="RECORD_USAGE" baseTableName="T_RM_CONTEXT_TYPE" constraintName="FK_RM_CONTEXT_TYPE_RU" deferrable="false" initiallyDeferred="false" onDelete="NO ACTION" onUpdate="NO ACTION" referencedColumnNames="RECORD_USAGE" referencedTableName="T_PUB_RECORD_USAGE"/>
    </changeSet>
    <changeSet author="jason.shi (generated)" id="1451449029753-62">
        <addForeignKeyConstraint baseColumnNames="RECORD_USAGE" baseTableName="T_RM_DRIVER" constraintName="FK_RM_DRIVER_RU" deferrable="false" initiallyDeferred="false" onDelete="NO ACTION" onUpdate="NO ACTION" referencedColumnNames="RECORD_USAGE" referencedTableName="T_PUB_RECORD_USAGE"/>
    </changeSet>
    <changeSet author="jason.shi (generated)" id="1451449029753-63">
        <addForeignKeyConstraint baseColumnNames="DRIVER_TYPE" baseTableName="T_RM_DRIVER" constraintName="FK_RM_DRIVER_TYPE" deferrable="false" initiallyDeferred="false" onDelete="NO ACTION" onUpdate="NO ACTION" referencedColumnNames="DRIVER_TYPE" referencedTableName="T_RM_DRIVER_TYPE"/>
    </changeSet>
    <changeSet author="jason.shi (generated)" id="1451449029753-64">
        <addForeignKeyConstraint baseColumnNames="RECORD_USAGE" baseTableName="T_RM_DRIVER_TYPE" constraintName="FK_RM_DRIVER_TYPE_RU" deferrable="false" initiallyDeferred="false" onDelete="NO ACTION" onUpdate="NO ACTION" referencedColumnNames="RECORD_USAGE" referencedTableName="T_PUB_RECORD_USAGE"/>
    </changeSet>
    <changeSet author="jason.shi (generated)" id="1451449029753-65">
        <addForeignKeyConstraint baseColumnNames="DRIVER_ID" baseTableName="T_RM_EVENT" constraintName="FK_RM_EVENT_DI" deferrable="false" initiallyDeferred="false" onDelete="NO ACTION" onUpdate="NO ACTION" referencedColumnNames="DRIVER_ID" referencedTableName="T_RM_DRIVER"/>
    </changeSet>
    <changeSet author="jason.shi (generated)" id="1451449029753-66">
        <addForeignKeyConstraint baseColumnNames="EVENT_TYPE" baseTableName="T_RM_EVENT" constraintName="FK_RM_EVENT_ET" deferrable="false" initiallyDeferred="false" onDelete="NO ACTION" onUpdate="NO ACTION" referencedColumnNames="EVENT_TYPE" referencedTableName="T_RM_EVENT_TYPE"/>
    </changeSet>
    <changeSet author="jason.shi (generated)" id="1451449029753-67">
        <addForeignKeyConstraint baseColumnNames="EVENT_ID" baseTableName="T_RM_EVENT_GROUP_MAPPING" constraintName="FK_RM_EVENT_GROUP_MAPPING_C" deferrable="false" initiallyDeferred="false" onDelete="NO ACTION" onUpdate="NO ACTION" referencedColumnNames="EVENT_ID" referencedTableName="T_RM_EVENT"/>
    </changeSet>
    <changeSet author="jason.shi (generated)" id="1451449029753-68">
        <addForeignKeyConstraint baseColumnNames="CONTEXT_ID" baseTableName="T_RM_EVENT_GROUP_MAPPING" constraintName="FK_RM_EVENT_GROUP_MAPPING_E" deferrable="false" initiallyDeferred="false" onDelete="NO ACTION" onUpdate="NO ACTION" referencedColumnNames="CONTEXT_ID" referencedTableName="T_RM_CONTEXT"/>
    </changeSet>
    <changeSet author="jason.shi (generated)" id="1451449029753-69">
        <addForeignKeyConstraint baseColumnNames="GROUP_ID" baseTableName="T_RM_EVENT_GROUP_MAPPING" constraintName="FK_RM_EVENT_GROUP_MAPPING_G" deferrable="false" initiallyDeferred="false" onDelete="NO ACTION" onUpdate="NO ACTION" referencedColumnNames="GROUP_ID" referencedTableName="T_RM_GROUP"/>
    </changeSet>
    <changeSet author="jason.shi (generated)" id="1451449029753-70">
        <addForeignKeyConstraint baseColumnNames="RECORD_USAGE" baseTableName="T_RM_EVENT_GROUP_MAPPING" constraintName="FK_RM_EVENT_GROUP_MAPPING_RU" deferrable="false" initiallyDeferred="false" onDelete="NO ACTION" onUpdate="NO ACTION" referencedColumnNames="RECORD_USAGE" referencedTableName="T_PUB_RECORD_USAGE"/>
    </changeSet>
    <changeSet author="jason.shi (generated)" id="1451449029753-71">
        <addForeignKeyConstraint baseColumnNames="RECORD_USAGE" baseTableName="T_RM_EVENT" constraintName="FK_RM_EVENT_RU" deferrable="false" initiallyDeferred="false" onDelete="NO ACTION" onUpdate="NO ACTION" referencedColumnNames="RECORD_USAGE" referencedTableName="T_PUB_RECORD_USAGE"/>
    </changeSet>
    <changeSet author="jason.shi (generated)" id="1451449029753-72">
        <addForeignKeyConstraint baseColumnNames="CONTEXT_ID" baseTableName="T_RM_EVENT_RULE_MAPPING" constraintName="FK_RM_EVENT_RULE_MAPPING_C" deferrable="false" initiallyDeferred="false" onDelete="NO ACTION" onUpdate="NO ACTION" referencedColumnNames="CONTEXT_ID" referencedTableName="T_RM_CONTEXT"/>
    </changeSet>
    <changeSet author="jason.shi (generated)" id="1451449029753-73">
        <addForeignKeyConstraint baseColumnNames="EVENT_ID" baseTableName="T_RM_EVENT_RULE_MAPPING" constraintName="FK_RM_EVENT_RULE_MAPPING_E" deferrable="false" initiallyDeferred="false" onDelete="NO ACTION" onUpdate="NO ACTION" referencedColumnNames="EVENT_ID" referencedTableName="T_RM_EVENT"/>
    </changeSet>
    <changeSet author="jason.shi (generated)" id="1451449029753-74">
        <addForeignKeyConstraint baseColumnNames="RULE_ID" baseTableName="T_RM_EVENT_RULE_MAPPING" constraintName="FK_RM_EVENT_RULE_MAPPING_R" deferrable="false" initiallyDeferred="false" onDelete="NO ACTION" onUpdate="NO ACTION" referencedColumnNames="RULE_ID" referencedTableName="T_RM_RULE"/>
    </changeSet>
    <changeSet author="jason.shi (generated)" id="1451449029753-75">
        <addForeignKeyConstraint baseColumnNames="RECORD_USAGE" baseTableName="T_RM_EVENT_RULE_MAPPING" constraintName="FK_RM_EVENT_RULE_MAPPING_RU" deferrable="false" initiallyDeferred="false" onDelete="NO ACTION" onUpdate="NO ACTION" referencedColumnNames="RECORD_USAGE" referencedTableName="T_PUB_RECORD_USAGE"/>
    </changeSet>
    <changeSet author="jason.shi (generated)" id="1451449029753-76">
        <addForeignKeyConstraint baseColumnNames="RECORD_USAGE" baseTableName="T_RM_EVENT_TYPE" constraintName="FK_RM_EVENT_TYPE_RU" deferrable="false" initiallyDeferred="false" onDelete="NO ACTION" onUpdate="NO ACTION" referencedColumnNames="RECORD_USAGE" referencedTableName="T_PUB_RECORD_USAGE"/>
    </changeSet>
    <changeSet author="jason.shi (generated)" id="1451449029753-77">
        <addForeignKeyConstraint baseColumnNames="RECORD_USAGE" baseTableName="T_RM_GROUP" constraintName="FK_RM_GROUP_RU" deferrable="false" initiallyDeferred="false" onDelete="NO ACTION" onUpdate="NO ACTION" referencedColumnNames="RECORD_USAGE" referencedTableName="T_PUB_RECORD_USAGE"/>
    </changeSet>
    <changeSet author="jason.shi (generated)" id="1451449029753-78">
        <addForeignKeyConstraint baseColumnNames="GROUP_ID" baseTableName="T_RM_GROUP_RULE_MAPPING" constraintName="FK_RM_GROUP_RULE_MAPPING_G" deferrable="false" initiallyDeferred="false" onDelete="NO ACTION" onUpdate="NO ACTION" referencedColumnNames="GROUP_ID" referencedTableName="T_RM_GROUP"/>
    </changeSet>
    <changeSet author="jason.shi (generated)" id="1451449029753-79">
        <addForeignKeyConstraint baseColumnNames="RULE_ID" baseTableName="T_RM_GROUP_RULE_MAPPING" constraintName="FK_RM_GROUP_RULE_MAPPING_R" deferrable="false" initiallyDeferred="false" onDelete="NO ACTION" onUpdate="NO ACTION" referencedColumnNames="RULE_ID" referencedTableName="T_RM_RULE"/>
    </changeSet>
    <changeSet author="jason.shi (generated)" id="1451449029753-80">
        <addForeignKeyConstraint baseColumnNames="RECORD_USAGE" baseTableName="T_RM_GROUP_RULE_MAPPING" constraintName="FK_RM_GROUP_RULE_MAPPING_RU" deferrable="false" initiallyDeferred="false" onDelete="NO ACTION" onUpdate="NO ACTION" referencedColumnNames="RECORD_USAGE" referencedTableName="T_PUB_RECORD_USAGE"/>
    </changeSet>
    <changeSet author="jason.shi (generated)" id="1451449029753-81">
        <addForeignKeyConstraint baseColumnNames="RECORD_USAGE" baseTableName="T_RM_RULE" constraintName="FK_RM_RULE_RU" deferrable="false" initiallyDeferred="false" onDelete="NO ACTION" onUpdate="NO ACTION" referencedColumnNames="RECORD_USAGE" referencedTableName="T_PUB_RECORD_USAGE"/>
    </changeSet>
    <changeSet author="jason.shi (generated)" id="1451449029753-82">
        <addForeignKeyConstraint baseColumnNames="RECORD_USAGE" baseTableName="T_RM_TAG" constraintName="FK_RM_TAG_RU" deferrable="false" initiallyDeferred="false" onDelete="NO ACTION" onUpdate="NO ACTION" referencedColumnNames="RECORD_USAGE" referencedTableName="T_PUB_RECORD_USAGE"/>
    </changeSet>
</databaseChangeLog>
