<?xml version="1.0" encoding="UTF-8" standalone="no"?>
<databaseChangeLog xmlns="http://www.liquibase.org/xml/ns/dbchangelog" xmlns:ext="http://www.liquibase.org/xml/ns/dbchangelog-ext" xmlns:xsi="http://www.w3.org/2001/XMLSchema-instance" xsi:schemaLocation="http://www.liquibase.org/xml/ns/dbchangelog-ext http://www.liquibase.org/xml/ns/dbchangelog/dbchangelog-ext.xsd http://www.liquibase.org/xml/ns/dbchangelog http://www.liquibase.org/xml/ns/dbchangelog/dbchangelog-3.3.xsd">
    <changeSet author="jason.shi (generated)" id="1452157747934-1">
        <insert tableName="T_FEE_CONFIG">
            <column name="FEE_TYPE_ID" valueNumeric="18895483"/>
            <column name="FEE_CATE" valueNumeric="1"/>
            <column name="FEE_DESC" value="APP"/>
            <column name="FEE_NAME" value="APP"/>
            <column name="COMMISSION_FEE" valueNumeric="0"/>
            <column name="NEED_POST" valueNumeric="1"/>
        </insert>
        <insert tableName="T_FEE_CONFIG">
            <column name="FEE_TYPE_ID" valueNumeric="18895485"/>
            <column name="FEE_CATE" valueNumeric="2"/>
            <column name="FEE_DESC" value="COMMISSION"/>
            <column name="FEE_NAME" value="COMMISSION"/>
            <column name="COMMISSION_FEE" valueNumeric="1"/>
            <column name="NEED_POST" valueNumeric="0"/>
        </insert>
        <insert tableName="T_FEE_CONFIG">
            <column name="FEE_TYPE_ID" valueNumeric="18895484"/>
            <column name="FEE_CATE" valueNumeric="3"/>
            <column name="FEE_DESC" value="API"/>
            <column name="FEE_NAME" value="API"/>
            <column name="COMMISSION_FEE" valueNumeric="0"/>
            <column name="NEED_POST" valueNumeric="1"/>
        </insert>
    </changeSet>
    <changeSet author="jason.shi (generated)" id="1452157747934-2">
        <insert tableName="T_FEE_TYPE_CATEGORY">
            <column name="CATEGORY_ID" valueNumeric="-1"/>
            <column name="CATEGORY_NAME" value="Tax"/>
            <column name="INSERT_BY" valueNumeric="-11"/>
            <column name="UPDATE_BY" valueNumeric="-11"/>
            <column name="INSERT_TIME" valueDate="2015-11-25 15:44:30.0"/>
            <column name="UPDATE_TIME" valueDate="2015-11-25 15:44:30.0"/>
            <column name="RECORD_USAGE" valueNumeric="2"/>
        </insert>
        <insert tableName="T_FEE_TYPE_CATEGORY">
            <column name="CATEGORY_ID" valueNumeric="-2"/>
            <column name="CATEGORY_NAME" value="Fee"/>
            <column name="INSERT_BY" valueNumeric="-11"/>
            <column name="UPDATE_BY" valueNumeric="-11"/>
            <column name="INSERT_TIME" valueDate="2015-11-25 15:44:30.0"/>
            <column name="UPDATE_TIME" valueDate="2015-11-25 15:44:30.0"/>
            <column name="RECORD_USAGE" valueNumeric="2"/>
        </insert>
        <insert tableName="T_FEE_TYPE_CATEGORY">
            <column name="CATEGORY_ID" valueNumeric="-3"/>
            <column name="CATEGORY_NAME" value="Premium"/>
            <column name="INSERT_BY" valueNumeric="-11"/>
            <column name="UPDATE_BY" valueNumeric="-11"/>
            <column name="INSERT_TIME" valueDate="2015-11-25 15:44:30.0"/>
            <column name="UPDATE_TIME" valueDate="2015-11-25 15:44:30.0"/>
            <column name="RECORD_USAGE" valueNumeric="2"/>
        </insert>
        <insert tableName="T_FEE_TYPE_CATEGORY">
            <column name="CATEGORY_ID" valueNumeric="-4"/>
            <column name="CATEGORY_NAME" value="Commission"/>
            <column name="INSERT_BY" valueNumeric="-11"/>
            <column name="UPDATE_BY" valueNumeric="-11"/>
            <column name="INSERT_TIME" valueDate="2015-11-25 15:44:30.0"/>
            <column name="UPDATE_TIME" valueDate="2015-11-25 15:44:30.0"/>
            <column name="RECORD_USAGE" valueNumeric="2"/>
        </insert>
    </changeSet>
    <changeSet author="jason.shi (generated)" id="1452157747934-3">
        <insert tableName="T_FEE_TYPE_DEFINITION">
            <column name="FEE_TYPE_ID" valueNumeric="-1000"/>
            <column name="FEE_TYPE_CATEGORY_ID" valueNumeric="-3"/>
            <column name="FEE_TYPE_NAME" value="APP"/>
            <column name="FEE_TYPE_DESCRIPTION" value="APP"/>
            <column name="INSERT_BY" valueNumeric="-11"/>
            <column name="UPDATE_BY" valueNumeric="-11"/>
            <column name="INSERT_TIME" valueDate="2015-11-25 15:47:10.0"/>
            <column name="UPDATE_TIME" valueDate="2015-11-25 15:47:10.0"/>
            <column name="RECORD_USAGE" valueNumeric="3"/>
        </insert>
    </changeSet>
    <changeSet author="jason.shi (generated)" id="1452157747934-4">
        <insert tableName="T_FEE_TYPE_TRANS">
            <column name="TRANS_ID" valueNumeric="-1001"/>
            <column name="TRANS_CODE" value="NB"/>
            <column name="TRANS_NAME" value="New Business"/>
            <column name="INSERT_BY" valueNumeric="-11"/>
            <column name="UPDATE_BY" valueNumeric="-11"/>
            <column name="INSERT_TIME" valueDate="2015-11-25 15:41:56.0"/>
            <column name="UPDATE_TIME" valueDate="2015-11-25 15:41:56.0"/>
            <column name="RECORD_USAGE" valueNumeric="2"/>
        </insert>
        <insert tableName="T_FEE_TYPE_TRANS">
            <column name="TRANS_ID" valueNumeric="-1002"/>
            <column name="TRANS_CODE" value="ENDO"/>
            <column name="TRANS_NAME" value="Endorsement"/>
            <column name="INSERT_BY" valueNumeric="-11"/>
            <column name="UPDATE_BY" valueNumeric="-11"/>
            <column name="INSERT_TIME" valueDate="2015-11-25 15:41:56.0"/>
            <column name="UPDATE_TIME" valueDate="2015-11-25 15:41:56.0"/>
            <column name="RECORD_USAGE" valueNumeric="2"/>
        </insert>
        <insert tableName="T_FEE_TYPE_TRANS">
            <column name="TRANS_ID" valueNumeric="-1003"/>
            <column name="TRANS_CODE" value="REN"/>
            <column name="TRANS_NAME" value="Renewal"/>
            <column name="INSERT_BY" valueNumeric="-11"/>
            <column name="UPDATE_BY" valueNumeric="-11"/>
            <column name="INSERT_TIME" valueDate="2015-11-25 15:41:56.0"/>
            <column name="UPDATE_TIME" valueDate="2015-11-25 15:41:56.0"/>
            <column name="RECORD_USAGE" valueNumeric="2"/>
        </insert>
        <insert tableName="T_FEE_TYPE_TRANS">
            <column name="TRANS_ID" valueNumeric="-1004"/>
            <column name="TRANS_CODE" value="CC"/>
            <column name="TRANS_NAME" value="Cash Collateral"/>
            <column name="INSERT_BY" valueNumeric="-11"/>
            <column name="UPDATE_BY" valueNumeric="-11"/>
            <column name="INSERT_TIME" valueDate="2015-11-25 15:41:56.0"/>
            <column name="UPDATE_TIME" valueDate="2015-11-25 15:41:56.0"/>
            <column name="RECORD_USAGE" valueNumeric="2"/>
        </insert>
        <insert tableName="T_FEE_TYPE_TRANS">
            <column name="TRANS_ID" valueNumeric="-1201"/>
            <column name="TRANS_CODE" value="CL"/>
            <column name="TRANS_NAME" value="Claim"/>
            <column name="INSERT_BY" valueNumeric="-11"/>
            <column name="UPDATE_BY" valueNumeric="-11"/>
            <column name="INSERT_TIME" valueDate="2015-11-25 15:41:56.0"/>
            <column name="UPDATE_TIME" valueDate="2015-11-25 15:41:56.0"/>
            <column name="RECORD_USAGE" valueNumeric="2"/>
        </insert>
        <insert tableName="T_FEE_TYPE_TRANS">
            <column name="TRANS_ID" valueNumeric="-1301"/>
            <column name="TRANS_CODE" value="REC"/>
            <column name="TRANS_NAME" value="Recovery"/>
            <column name="INSERT_BY" valueNumeric="-11"/>
            <column name="UPDATE_BY" valueNumeric="-11"/>
            <column name="INSERT_TIME" valueDate="2015-11-25 15:41:56.0"/>
            <column name="UPDATE_TIME" valueDate="2015-11-25 15:41:56.0"/>
            <column name="RECORD_USAGE" valueNumeric="2"/>
        </insert>
        <insert tableName="T_FEE_TYPE_TRANS">
            <column name="TRANS_ID" valueNumeric="-1101"/>
            <column name="TRANS_CODE" value="RI"/>
            <column name="TRANS_NAME" value="Reinsurance"/>
            <column name="INSERT_BY" valueNumeric="-11"/>
            <column name="UPDATE_BY" valueNumeric="-11"/>
            <column name="INSERT_TIME" valueDate="2015-11-25 15:41:56.0"/>
            <column name="UPDATE_TIME" valueDate="2015-11-25 15:41:56.0"/>
            <column name="RECORD_USAGE" valueNumeric="2"/>
        </insert>
        <insert tableName="T_FEE_TYPE_TRANS">
            <column name="TRANS_ID" valueNumeric="-1401"/>
            <column name="TRANS_CODE" value="SC"/>
            <column name="TRANS_NAME" value="Sales Channel"/>
            <column name="INSERT_BY" valueNumeric="-11"/>
            <column name="UPDATE_BY" valueNumeric="-11"/>
            <column name="INSERT_TIME" valueDate="2015-11-25 15:41:56.0"/>
            <column name="UPDATE_TIME" valueDate="2015-11-25 15:41:56.0"/>
            <column name="RECORD_USAGE" valueNumeric="2"/>
        </insert>
        <insert tableName="T_FEE_TYPE_TRANS">
            <column name="TRANS_ID" valueNumeric="-1501"/>
            <column name="TRANS_CODE"/>
            <column name="TRANS_NAME" value="Other"/>
            <column name="INSERT_BY" valueNumeric="-11"/>
            <column name="UPDATE_BY" valueNumeric="-11"/>
            <column name="INSERT_TIME" valueDate="2015-11-25 15:41:56.0"/>
            <column name="UPDATE_TIME" valueDate="2015-11-25 15:41:56.0"/>
            <column name="RECORD_USAGE" valueNumeric="2"/>
        </insert>
        <insert tableName="T_FEE_TYPE_TRANS">
            <column name="TRANS_ID" valueNumeric="-1601"/>
            <column name="TRANS_CODE"/>
            <column name="TRANS_NAME" value="GCS"/>
            <column name="INSERT_BY" valueNumeric="-11"/>
            <column name="UPDATE_BY" valueNumeric="-11"/>
            <column name="INSERT_TIME" valueDate="2015-11-25 15:41:56.0"/>
            <column name="UPDATE_TIME" valueDate="2015-11-25 15:41:56.0"/>
            <column name="RECORD_USAGE" valueNumeric="2"/>
        </insert>
    </changeSet>
</databaseChangeLog>
