<?xml version="1.0" encoding="UTF-8" standalone="no"?>
<databaseChangeLog xmlns="http://www.liquibase.org/xml/ns/dbchangelog" xmlns:ext="http://www.liquibase.org/xml/ns/dbchangelog-ext" xmlns:xsi="http://www.w3.org/2001/XMLSchema-instance" xsi:schemaLocation="http://www.liquibase.org/xml/ns/dbchangelog-ext http://www.liquibase.org/xml/ns/dbchangelog/dbchangelog-ext.xsd http://www.liquibase.org/xml/ns/dbchangelog http://www.liquibase.org/xml/ns/dbchangelog/dbchangelog-3.3.xsd">
  <changeSet author="generated" id="201604111602_T_PUB_TRIGGER_DEFINATION.data">
    <insert tableName="T_PUB_TRIGGER_DEFINATION">
      <column name="ID" valueNumeric="1"/>
      <column name="CATALOG" value="peakre"/>
      <column name="CORN"/>
      <column name="DESCRIPTION" value="ARAP GL daily batch trigger"/>
      <column name="EXECUTE_INTERVAL" valueNumeric="600"/>
      <column name="NAME" value="GL batch trigger"/>
    </insert>
    <insert tableName="T_PUB_TRIGGER_DEFINATION">
      <column name="ID" valueNumeric="2"/>
      <column name="CATALOG" value="peakre"/>
      <column name="CORN" value="0 30 17 * * ?"/>
      <column name="DESCRIPTION" value="Exception Report daily batch trigger"/>
      <column name="EXECUTE_INTERVAL"/>
      <column name="NAME" value="Exception Report batch trigger"/>
    </insert>
    <insert tableName="T_PUB_TRIGGER_DEFINATION">
      <column name="ID" valueNumeric="3"/>
      <column name="CATALOG" value="peakre"/>
      <column name="CORN" value="0 30 17 * * ?"/>
      <column name="DESCRIPTION" value="Revaluation daily batch trigger"/>
      <column name="EXECUTE_INTERVAL"/>
      <column name="NAME" value="Revaluationbatch trigger"/>
    </insert>
    <insert tableName="T_PUB_TRIGGER_DEFINATION">
      <column name="ID" valueNumeric="4"/>
      <column name="CATALOG" value="peakre"/>
      <column name="CORN" value="0 0 0 5 3,6,9,12 ? "/>
      <column name="DESCRIPTION" value="Cut-off batch trigger"/>
      <column name="EXECUTE_INTERVAL"/>
      <column name="NAME" value="Cut-off batch trigger"/>
    </insert>
  </changeSet>
</databaseChangeLog>
