FIELD_ID,NAME,LABEL_,DESCRIPTION,ALIAS,FIELD_TYPE,DYNAMIC_FIELDS,RECORD_USAGE
984531,FormerPayId,FormerPayId,,,-2,,1
984525,BusinessTransId,BusinessTransId,,,-4,,1
980490,Role,,Role,,-4,,1
121977,Name,,,"[""Name""]",-4,,1
120463,ProductName,,,"[""ProductName""]",-4,,1
979998,CommissionRateRN,,CommissionRateRN,,-3,,1
972440,DataTableId,DataTableId,,,-2,,1
972438,RecordId,RecordId,,,-2,,1
971995,AutoLine,AutoLine,,,-4,,1
160190,GrossPremium,GrossPremium,,"[""GrossPremium""]",-3,,1
956592,CompanyRegisterNumber,,CompanyRegisterNumber,,-4,,1
956447,CompanyRegisterName,,CompanyRegisterName,,-4,,1
122263,WebAddress,,,"[""WebAddress""]",-4,,1
954962,FAX,,FAX,,-4,,1
954960,PrimaryTel,,PrimaryTel,,-4,,1
954958,AddressLine2,,AddressLine2,,-4,,1
954956,AddressLine1,,AddressLine1,,-4,,1
507563,Province,,,"[""Province""]",-4,,1
507561,City,,,"[""City""]",-4,,1
518101,PolicyholderName,PolicyholderName,,"[""PolicyholderName""]",-4,,1
518102,TotalAmount,TotalAmount,,[],-3,,1
