BINDING_ID,FIELD_ID,OBJECT_ID,TAG_IDS,DYNAMIC_FIELDS,IS_FIXED,IS_MASKED,IS_ENCRYPTED,PROPERTY_ID,CODE_TABLE_ID,IS_INPUT,RECORD_USAGE,IS_FORMULA,FORMULA_TEXT,SCOPE_IDS,HELP_TEXT,IS_TECHNICAL,VALIDATION_RULE,MANDATORY_RULE,DEFAULT_VALUE_RULE,MIN_LENGTH,MAX_LENGTH,MIN_VALUE,MAX_VALUE,VALUE_CONFLICT_ACTION,PRECISION,IS_UNIQUE,FIELD_LABEL,IS_MANDATORY,DEFAULT_VALUE,VALUE_COPY_RULE_GROUP
751880,290727,1000000250,,,Y,N,N,748021,NULL,N,1,N,,,,N,,,,NULL,NULL,NULL,NULL,NULL,NULL,N,,N,,
751881,122176,1000000249,,,Y,N,N,750926,NULL,N,1,N,,,,N,,,,NULL,NULL,NULL,NULL,NULL,NULL,N,,N,,
984532,984531,935943,,,Y,N,N,984516,NULL,Y,2,N,,,,N,,,,NULL,NULL,NULL,NULL,NULL,NULL,N,,N,,
984530,599857,935943,,,Y,N,N,984520,NULL,Y,2,N,,,,N,,,,NULL,NULL,NULL,NULL,NULL,NULL,N,,N,,
984529,592952,935943,,,Y,N,N,984518,NULL,Y,2,N,,,,N,,,,NULL,NULL,NULL,NULL,NULL,NULL,N,,N,,
984528,599934,935943,,,Y,N,N,984519,NULL,Y,2,N,,,,N,,,,NULL,NULL,NULL,NULL,NULL,NULL,N,,N,,
984527,599899,935943,,,Y,N,N,984521,NULL,Y,2,N,,,,N,,,,NULL,NULL,NULL,NULL,NULL,NULL,N,,N,,
984526,984525,935943,,,Y,N,N,984517,NULL,Y,2,N,,,,N,,,,NULL,NULL,NULL,NULL,NULL,NULL,N,,N,,
980590,956447,329994,,,N,N,N,NULL,NULL,Y,1,N,,,,N,,,,NULL,NULL,NULL,NULL,NULL,NULL,N,,N,,
980491,980490,1000000242,,,N,N,N,NULL,NULL,Y,1,N,,,,N,,,,NULL,NULL,NULL,NULL,NULL,NULL,N,,N,,
980475,121977,1000000242,,,N,N,N,NULL,NULL,Y,1,N,,,,N,,,,NULL,NULL,NULL,NULL,NULL,NULL,N,,N,,
980015,120463,333094,,,N,N,N,NULL,NULL,Y,1,N,,,,N,,,,NULL,NULL,NULL,NULL,NULL,NULL,N,,N,,
979999,979998,333094,,,N,N,N,NULL,NULL,Y,1,N,,,,N,,,,NULL,NULL,NULL,NULL,NULL,NULL,N,,N,,
972441,972440,972431,,,Y,N,N,972423,NULL,Y,2,N,,,,N,,,,NULL,NULL,NULL,NULL,NULL,NULL,N,,N,,
972439,972438,972431,,,Y,N,N,972422,NULL,Y,2,N,,,,N,,,,NULL,NULL,NULL,NULL,NULL,NULL,N,,N,,
972437,290727,972431,,,Y,N,N,972425,NULL,Y,2,N,,,,N,,,,NULL,NULL,NULL,NULL,NULL,NULL,N,,N,,
972436,290725,972431,,,Y,N,N,972429,NULL,N,2,N,,,,N,,,,NULL,NULL,NULL,NULL,NULL,NULL,N,,N,,
972435,120434,972431,,,Y,N,N,972428,NULL,Y,2,N,,,,N,,,,NULL,NULL,NULL,NULL,NULL,NULL,N,,N,,
972434,122178,972431,,,Y,N,N,972424,NULL,Y,2,N,,,,N,,,,NULL,NULL,NULL,NULL,NULL,NULL,N,,N,,
972433,227432,972431,,,Y,N,N,972426,NULL,Y,2,N,,,,N,,,,NULL,NULL,NULL,NULL,NULL,NULL,N,,N,,
972432,122176,972431,,,Y,N,N,972427,NULL,Y,2,N,,,,N,,,,NULL,NULL,NULL,NULL,NULL,NULL,N,,N,,
494511,290727,494502,[],{},Y,N,N,971994,NULL,Y,2,N,,[],,N,,,,NULL,NULL,NULL,NULL,NULL,0,N,,N,,
971996,971995,494502,,,Y,N,N,971993,NULL,Y,2,N,,,,N,,,,NULL,NULL,NULL,NULL,NULL,NULL,N,,N,,
563129,160190,1000000252,,,N,N,N,NULL,NULL,Y,1,N,,[2],,N,,,,NULL,NULL,NULL,NULL,NULL,0,N,,N,,
956593,956592,564280,,,N,N,N,NULL,NULL,Y,1,N,,,,N,,,,NULL,NULL,NULL,NULL,NULL,NULL,N,,N,,
956591,956447,564280,,,N,N,N,NULL,NULL,Y,1,N,,,,N,,,,NULL,NULL,NULL,NULL,NULL,NULL,N,,N,,
954964,122263,1000000240,,,N,N,N,NULL,NULL,Y,1,N,,,,N,,,,NULL,NULL,NULL,NULL,NULL,NULL,N,,N,,
954963,954962,1000000240,,,N,N,N,NULL,NULL,Y,1,N,,,,N,,,,NULL,NULL,NULL,NULL,NULL,NULL,N,,N,,
954961,954960,1000000240,,,N,N,N,NULL,NULL,Y,1,N,,,,N,,,,NULL,NULL,NULL,NULL,NULL,NULL,N,,N,,
954959,954958,1000000240,,,N,N,N,NULL,NULL,Y,1,N,,,,N,,,,NULL,NULL,NULL,NULL,NULL,NULL,N,,N,,
954957,954956,1000000240,,,N,N,N,NULL,NULL,Y,1,N,,,,N,,,,NULL,NULL,NULL,NULL,NULL,NULL,N,,N,,
954955,507563,1000000240,,,N,N,N,NULL,NULL,Y,1,N,,,,N,,,,NULL,NULL,NULL,NULL,NULL,NULL,N,,N,,
954829,507561,1000000240,,,N,N,N,NULL,NULL,Y,1,N,,,,N,,,,NULL,NULL,NULL,NULL,NULL,NULL,N,,N,,
