<?xml version="1.0" encoding="UTF-8" standalone="no"?>
<databaseChangeLog xmlns="http://www.liquibase.org/xml/ns/dbchangelog" xmlns:ext="http://www.liquibase.org/xml/ns/dbchangelog-ext" xmlns:xsi="http://www.w3.org/2001/XMLSchema-instance" xsi:schemaLocation="http://www.liquibase.org/xml/ns/dbchangelog-ext http://www.liquibase.org/xml/ns/dbchangelog/dbchangelog-ext.xsd http://www.liquibase.org/xml/ns/dbchangelog http://www.liquibase.org/xml/ns/dbchangelog/dbchangelog-3.4.xsd">
    <changeSet author="jason.shi (generated)" id="1452752770694-1">
        <createTable tableName="T_DD_BUSI_DATA_TABLE_TYPE">
            <column name="DATA_TABLE_TYPE" type="NUMBER(10, 0)">
                <constraints nullable="false"/>
            </column>
            <column name="NAME" type="VARCHAR2(100)"/>
            <column name="DESCRIPTION" type="VARCHAR2(500)"/>
            <column defaultValueComputed="-11" name="INSERT_BY" remarks="Insert user id" type="NUMBER(10, 0)">
                <constraints nullable="false"/>
            </column>
            <column defaultValueComputed="-11" name="UPDATE_BY" remarks="Latest update user id" type="NUMBER(10, 0)">
                <constraints nullable="false"/>
            </column>
            <column  name="INSERT_TIME" remarks="Record insert time" type="datetime">
                <constraints nullable="false"/>
            </column>
            <column  name="UPDATE_TIME" remarks="Record update time" type="datetime">
                <constraints nullable="false"/>
            </column>
        </createTable>
    </changeSet>
    <changeSet author="jason.shi (generated)" id="1452752770694-2">
        <addPrimaryKey columnNames="DATA_TABLE_TYPE" constraintName="PK_BUSINESS_DATA_TABLE_TP__ID" tableName="T_DD_BUSI_DATA_TABLE_TYPE"/>
    </changeSet>
    
    <changeSet author="jason.shi (generated)" id="1452740185716-1">
        <addColumn tableName="T_DD_BUSI_DATA_TABLE">
            <column name="BUSINESS_OBJECT_ID" type="NUMBER(10, 0)"/>
        </addColumn>
    </changeSet>
    <changeSet author="jason.shi (generated)" id="1452740185716-2">
        <addColumn tableName="T_DD_BUSI_DATA_TABLE_RECORD">
            <column name="BUSINESS_OBJECT_ID" type="NUMBER(10, 0)"/>
        </addColumn>
    </changeSet>
    <changeSet author="jason.shi (generated)" id="1452740185716-3">
        <addColumn tableName="T_DD_BUSI_DATA_TABLE">
            <column name="DATA_TABLE_TYPE" type="NUMBER(10, 0)"/>
        </addColumn>
    </changeSet>
    <changeSet author="jason.shi (generated)" id="1452740185716-4">
        <addColumn tableName="T_DD_BUSI_CODE_TABLE">
            <column name="DOMAIN_MODEL_CLASS_ID" type="NUMBER(10, 0)"/>
        </addColumn>
    </changeSet>
    <changeSet author="jason.shi (generated)" id="1452740185716-5">
        <addColumn tableName="T_DD_BUSI_DATA_TABLE">
            <column name="FIELDS_WITH_TYPE" type="VARCHAR(4000)"/>
        </addColumn>
    </changeSet>
    <changeSet author="jason.shi (generated)" id="1452740185716-6">
        <createIndex indexName="I_DD_BUSI_CODE_TABLE_CLASS" tableName="T_DD_BUSI_CODE_TABLE">
            <column name="DOMAIN_MODEL_CLASS_ID"/>
        </createIndex>
    </changeSet>
    <changeSet author="jason.shi (generated)" id="1452740185716-7">
        <createIndex indexName="I_DD_BUSI_DATA_TABLE__OBJID" tableName="T_DD_BUSI_DATA_TABLE">
            <column name="BUSINESS_OBJECT_ID"/>
        </createIndex>
    </changeSet>
    <changeSet author="jason.shi (generated)" id="1452740185716-8">
        <createIndex indexName="I_DD_BUSI_DATA_TB__OID" tableName="T_DD_BUSI_DATA_TABLE_RECORD">
            <column name="BUSINESS_OBJECT_ID"/>
        </createIndex>
    </changeSet>
    <changeSet author="jason.shi (generated)" id="1452740185716-9">
        <createIndex indexName="I__DD_BUSI_DATA_TB__TYPE" tableName="T_DD_BUSI_DATA_TABLE">
            <column name="DATA_TABLE_TYPE"/>
        </createIndex>
    </changeSet>
    <changeSet author="jason.shi (generated)" id="1452740185716-10">
        <addForeignKeyConstraint baseColumnNames="DOMAIN_MODEL_CLASS_ID" baseTableName="T_DD_BUSI_CODE_TABLE" constraintName="FK_DD_BUSI_CODE_TABLE_CLASS" deferrable="false" initiallyDeferred="false" onDelete="NO ACTION" onUpdate="NO ACTION" referencedColumnNames="CLASS_ID" referencedTableName="T_DD_BUSI_JAVA_CLASS"/>
    </changeSet>
    <changeSet author="jason.shi (generated)" id="1452740185716-11">
        <addForeignKeyConstraint baseColumnNames="BUSINESS_OBJECT_ID" baseTableName="T_DD_BUSI_DATA_TABLE" constraintName="FK_DD_BUSI_DATA_TABLE__OBJID" deferrable="false" initiallyDeferred="false" onDelete="NO ACTION" onUpdate="NO ACTION" referencedColumnNames="OBJECT_ID" referencedTableName="T_DD_BUSI_OBJECT"/>
    </changeSet>
    <changeSet author="jason.shi (generated)" id="1452740185716-12">
        <addForeignKeyConstraint baseColumnNames="BUSINESS_OBJECT_ID" baseTableName="T_DD_BUSI_DATA_TABLE_RECORD" constraintName="FK_DD_BUSI_DATA_TB__OID" deferrable="false" initiallyDeferred="false" onDelete="NO ACTION" onUpdate="NO ACTION" referencedColumnNames="OBJECT_ID" referencedTableName="T_DD_BUSI_OBJECT"/>
    </changeSet>
    <changeSet author="jason.shi (generated)" id="1452740185716-13">
        <addForeignKeyConstraint baseColumnNames="DATA_TABLE_TYPE" baseTableName="T_DD_BUSI_DATA_TABLE" constraintName="FK_DD_BUSI_DATA_TB__TYPE" deferrable="false" initiallyDeferred="false" onDelete="NO ACTION" onUpdate="NO ACTION" referencedColumnNames="DATA_TABLE_TYPE" referencedTableName="T_DD_BUSI_DATA_TABLE_TYPE"/>
    </changeSet>
    <changeSet author="jason.shi (generated)" id="1452740185716-14">
        <dropForeignKeyConstraint baseTableName="T_DD_BUSI_CODE_TABLE" constraintName="FK_DD_BUSI_CODE_TABLE_T"/>
    </changeSet>
    <changeSet author="jason.shi (generated)" id="1452740185716-18">
        <dropColumn columnName="PARENT_FIELD" tableName="T_DD_BUSI_CODE_TABLE"/>
    </changeSet>
    <changeSet author="jason.shi (generated)" id="1452740185716-19">
        <modifyDataType columnName="CLASS_NAME" newDataType="varchar(200)" tableName="T_DD_BUSI_JAVA_TYPE"/>
    </changeSet>
    <changeSet author="jason.shi (generated)" id="1452740185716-20">
        <dropNotNullConstraint columnDataType="number(5,0)" columnName="DATA_TYPE" tableName="T_DD_BUSI_FIELD_TYPE"/>
    </changeSet>
    <changeSet author="jason.shi (generated)" id="1452740185716-21">
        <dropNotNullConstraint columnDataType="number(5,0)" columnName="RELATION_TYPE" tableName="T_DD_BUSI_OBJECT_RELATION"/>
    </changeSet>
</databaseChangeLog>
