<?xml version="1.0" encoding="UTF-8" standalone="no"?>
<databaseChangeLog xmlns="http://www.liquibase.org/xml/ns/dbchangelog" xmlns:ext="http://www.liquibase.org/xml/ns/dbchangelog-ext" xmlns:xsi="http://www.w3.org/2001/XMLSchema-instance" xsi:schemaLocation="http://www.liquibase.org/xml/ns/dbchangelog-ext http://www.liquibase.org/xml/ns/dbchangelog/dbchangelog-ext.xsd http://www.liquibase.org/xml/ns/dbchangelog http://www.liquibase.org/xml/ns/dbchangelog/dbchangelog-3.4.xsd">
    <changeSet author="hongyang.zhang (generated)" id="1452848392725-1">
        <addColumn tableName="T_DD_BUSI_DATA_TABLE">
            <column name="PHYSICAL_TABLE_NAME" type="VARCHAR(30)"/>
        </addColumn>
    </changeSet>
    <changeSet author="hongyang.zhang (generated)" id="1452848392725-2">
        <dropForeignKeyConstraint baseTableName="T_DD_BUSI_DATA_TABLE" constraintName="FK_DD_BUSI_DATA_TABLE__OBJID"/>
    </changeSet>
    
    <changeSet author="hongyang.zhang (generated)" id="1452848392725-4">
        <dropColumn columnName="FIELDS_WITH_TYPE" tableName="T_DD_BUSI_DATA_TABLE"/>
    </changeSet>
    <changeSet author="jason.shi (generated)" id="1452848392725-3-2">
        <dropIndex indexName="I_DD_BUSI_DATA_TABLE__OBJID" tableName="T_DD_BUSI_DATA_TABLE"/>
    </changeSet>
	<changeSet author="hongyang.zhang (generated)" id="1452848392725-3">
        <dropColumn columnName="BUSINESS_OBJECT_ID" tableName="T_DD_BUSI_DATA_TABLE"/>
    </changeSet>
	
    <changeSet author="hongyang.zhang (generated)" id="1452848392725-6">
        <modifyDataType columnName="CLASS_NAME" newDataType="varchar(200)" tableName="T_DD_BUSI_JAVA_TYPE"/>
    </changeSet>
    <changeSet author="hongyang.zhang (generated)" id="1452848392725-7">
        <addDefaultValue columnDataType="number(10,0)" columnName="DATA_TABLE_TYPE" defaultValueComputed="-1" tableName="T_DD_BUSI_DATA_TABLE"/>
    </changeSet>
</databaseChangeLog>
