"INDEX_ID","NAME","DESCRIPTION","MODEL_ID","SCHEMA_NAME","DATA_PROVIDER_BEAN","REBUILD_DATA_PROVIDER_BEAN","REBUILD_INDEX_JOB_BEAN","RECORD_USAGE","FIELD_DEFINITION_PROVIDER_BEAN","INSERT_BY","UPDATE_BY"
"100005","Policy","Policy Index","-15","unicorn","commonIndexDataProvider","policyRebuildIndexDataProvider","policyRebuildIndexJob","1","","-11","-11"
"100007","CodeTable","CodeTable Index","-102","unicorn","codeTableIndexDataProvider","codeTableRebuildIndexDataProvider","codeTableRebuildIndexJob","1","codeTableFieldDefinitionProvider","-11","-11"
"100006","PartyIndividualCustomer","PartyIndividualCustomer Index","-120","unicorn","commonIndexDataProvider","customerRebuildIndexDataProvider","","1","","-11","-11"
"100008","PartyOrgCustomer","PartyOrgCustomer Index","-121","unicorn","commonIndexDataProvider","customerRebuildIndexDataProvider","","1","","-11","-11"
"100011","ClaimCase","Claim Case Index","-144","unicorn","commonIndexDataProvider","","","1","","401","401"
"100010","ClaimTask","Claim Task Index","596823","workflow","","","","1","","401","401"
"100009","Workflow","Workflow Index","-137","workflow","","","","1","","-11","-11"
