"DATA_TABLE_ID","NAME","DESCRIPTION","FIELDS","CONTEXT_ID","RECORD_USAGE","DATA_TABLE_TYPE","PHYSICAL_TABLE_NAME"
"546057","ClaimPriorityShowType","ClaimPriorityShowType","{""DisplayValue"":{""DataType"":-4,""NeedMultipleLanguage"":""N""},""DataValue"":{""DataType"":-2,""NeedMultipleLanguage"":""N""}}","-1","5","-1",""
"759254","District","District","{""Area"":{""DataType"":-4,""NeedMultipleLanguage"":""N""},""District"":{""DataType"":-4,""NeedMultipleLanguage"":""N""}}","-1","4","-1",""
"909626","DisplayValue","DisplayValue","{""DisplayValue"":{""DataType"":-4,""NeedMultipleLanguage"":""N""},""DataValue"":{""DataType"":-4,""NeedMultipleLanguage"":""N""}}","-1","1","-1",""
"101744","AddressUsageType","","{""TypeName"":{""DataType"":-4,""NeedMultipleLanguage"":""N""},""AddressUsageType"":{""DataType"":-2,""NeedMultipleLanguage"":""N""}}","-1","1","-1",""
"101743","AddressContactType","","{""TypeName"":{""DataType"":-4,""NeedMultipleLanguage"":""N""},""AddressContactType"":{""DataType"":-2,""NeedMultipleLanguage"":""N""}}","-1","1","-1",""
"502560","Title","Title","{""DisplayValue"":{""DataType"":-4,""NeedMultipleLanguage"":""N""},""DataValue"":{""DataType"":-4,""NeedMultipleLanguage"":""N""}}","-1","4","-1",""
"1024","Prioriry","Prioriry","{""DisplayValue"":{""DataType"":-4,""NeedMultipleLanguage"":""N""},""DataValue"":{""DataType"":-2,""NeedMultipleLanguage"":""N""}}","-1","5","-1",""
"1035","ClaimPartyType","ClaimPartyType","{""DisplayValue"":{""DataType"":-4,""NeedMultipleLanguage"":""N""},""DataValue"":{""DataType"":-2,""NeedMultipleLanguage"":""N""}}","-1","5","-1",""
"1000","ClaimPayFinal","ClaimPayFinal","{""DisplayValue"":{""DataType"":-4,""NeedMultipleLanguage"":""N""},""DataValue"":{""DataType"":-2,""NeedMultipleLanguage"":""N""}}","-1","5","-1",""
"1001","ClaimContactType","ClaimContactType","{""DisplayValue"":{""DataType"":-4,""NeedMultipleLanguage"":""N""},""DataValue"":{""DataType"":-2,""NeedMultipleLanguage"":""N""}}","-1","5","-1",""
"1002","ClaimLiability","ClaimLiability","{""DisplayValue"":{""DataType"":-4,""NeedMultipleLanguage"":""N""},""DataValue"":{""DataType"":-3,""NeedMultipleLanguage"":""N""}}","-1","5","-1",""
"1013","ClaimCloseReason","ClaimCloseReason","{""DisplayValue"":{""DataType"":-4,""NeedMultipleLanguage"":""N""},""DataValue"":{""DataType"":-2,""NeedMultipleLanguage"":""N""}}","-1","5","-1",""
"1003","ClaimValidationDecision","ClaimValidationDecision","{""DisplayValue"":{""DataType"":-4,""NeedMultipleLanguage"":""N""},""DataValue"":{""DataType"":-2,""NeedMultipleLanguage"":""N""}}","-1","5","-1",""
"1004","ClaimPlaceOfInspaction","ClaimPlaceOfInspaction","{""DisplayValue"":{""DataType"":-4,""NeedMultipleLanguage"":""N""},""DataValue"":{""DataType"":-2,""NeedMultipleLanguage"":""N""}}","-1","5","-1",""
"935182","PAYMENT_TERM","PAYMENT_TERM","{""DisplayValue"":{""DataType"":-4,""NeedMultipleLanguage"":""N""},""DataValue"":{""DataType"":-2,""NeedMultipleLanguage"":""N""}}","-1","2","-1",""
"936950","Gender","Gender","{""DisplayValue"":{""DataType"":-4,""NeedMultipleLanguage"":""N""},""DataValue"":{""DataType"":-4,""NeedMultipleLanguage"":""N""}}","-1","2","-1",""
"1028","ClaimFileType","ClaimFileType","{""DisplayValue"":{""DataType"":-4,""NeedMultipleLanguage"":""N""},""DataValue"":{""DataType"":-4,""NeedMultipleLanguage"":""N""}}","-1","5","-1",""
"1029","CliamReserveSign","CliamReserveSign","{""DisplayValue"":{""DataType"":-4,""NeedMultipleLanguage"":""N""},""DataValue"":{""DataType"":-4,""NeedMultipleLanguage"":""N""}}","-1","5","-1",""
"909635","Area","Area","{""DisplayValue"":{""DataType"":-4,""NeedMultipleLanguage"":""N""},""DataValue"":{""DataType"":-4,""NeedMultipleLanguage"":""N""}}","-1","1","-1",""
"909755","DisplayValue","DisplayValue","{""DisplayValue"":{""DataType"":-4,""NeedMultipleLanguage"":""N""},""DataValue"":{""DataType"":-4,""NeedMultipleLanguage"":""N""}}","-1","1","-1",""
"1034","ClaimRejectReason","ClaimRejectReason","{""DisplayValue"":{""DataType"":-4,""NeedMultipleLanguage"":""N""},""DataValue"":{""DataType"":-2,""NeedMultipleLanguage"":""N""}}","-1","5","-1",""
"935199","Agent_Billing","Agent_Billing","{""DisplayValue"":{""DataType"":-4,""NeedMultipleLanguage"":""N""},""DataValue"":{""DataType"":-4,""NeedMultipleLanguage"":""N""}}","-1","2","-1",""
"1016","ClaimFnolTypeCode","ClaimFnolTypeCode","{""DisplayValue"":{""DataType"":-4,""NeedMultipleLanguage"":""N""},""DataValue"":{""DataType"":-2,""NeedMultipleLanguage"":""N""}}","-1","5","-1",""
"979595","InsuranceCompany","InsuranceCompany","{""DisplayValue"":{""DataType"":-4,""NeedMultipleLanguage"":""N""},""DataValue"":{""DataType"":-4,""NeedMultipleLanguage"":""N""}}","-1","2","-1",""
