CODE_TABLE_ID,NAME,DESCRIPTION,CODE_TABLE_TYPE,PREDICATE,ID_FIELD,CODE_FIELD,DESC_FIELD,SORT_FIELD,SORT_TYPE,CONTEXT_ID,DATA_SOURCE,IS_SMALL,NEED_CACHE,RECORD_USAGE,CONDITION_FIELDS,NEED_MULTI_LANG,ID_DATA_TYPE,CODE_DATA_TYPE,DATA_TABLE_ID,DOMAIN_MODEL_CLASS_ID
-101,BusinessContextType,,-2,,CONTEXT_TYPE,CONTEXT_TYPE,NAME,NAME,ASC,-1,T_DD_BUSI_CONTEXT_TYPE,Y,Y,2,,Y,NULL,NULL,NULL,NULL
-102,BusinessContext,,-2,,CONTEXT_ID,CONTEXT_ID,DESCRIPTION,DESCRIPTION,ASC,-1,T_DD_BUSI_CONTEXT,Y,Y,2,"[""CONTEXT_TYPE""]",Y,NULL,NULL,NULL,NULL
-100,UnderwritingStatus,,-2,,STATUS_ID,NAME,DESCRIPTION,NAME,ASC,-1,T_PA_UW_STATUS,Y,Y,2,,Y,NULL,NULL,NULL,NULL
506384,PolicyLobPC_1Area,,-1,,Area,Area,Area,,,-1,District,Y,Y,4,,Y,NULL,NULL,759254,NULL
1013,ClaimCloseReason,ClaimCloseReason,-1,,DataValue,DataValue,DisplayValue,DisplayValue,ASC,-1,ClaimCloseReason,Y,Y,5,,Y,NULL,NULL,1013,NULL
1014,ClaimCoverageType,ClaimCoverageType,-2,,COVERAGE_TYPE_CODE,COVERAGE_TYPE_CODE,COVERAGE_TYPE_NAME,COVERAGE_TYPE_CODE,ASC,-1,T_CLM_COVERAGE_TYPE,Y,Y,5,,Y,NULL,NULL,NULL,NULL
815153,TreatyType,CodeTable,-2,,TREATY_TYPE,TREATY_TYPE,TREATY_TYPE_NAME,TREATY_TYPE,ASC,-1,T_RI_TREATY_TYPE,Y,Y,1,,Y,NULL,NULL,NULL,NULL
815154,TreatyStatus,CodeTable,-2,,TYPE_CODE,TYPE_CODE,TYPE_NAME,TYPE_CODE,ASC,-1,T_RI_TREATY_STATUS,Y,Y,1,,Y,NULL,NULL,NULL,NULL
815155,Risk Category,CodeTable,-2,,RISKCAT,RISKCAT,RISKCAT_NAME,RISKCAT,ASC,-1,T_RI_RISKCAT,Y,Y,1,,Y,NULL,NULL,NULL,NULL
815156,Treaty Category,CodeTable,-2,,TREATY_CAT_ID,TREATY_CAT_ID,TREATY_CAT_NAME,TREATY_CAT_ID,ASC,-1,T_RI_TREATY_CAT,Y,Y,1,,Y,NULL,NULL,NULL,NULL
1011,ClaimCloseType,ClaimCloseType,-2,,TYPE_CODE,TYPE_CODE,TYPE_NAME,TYPE_CODE,ASC,-1,T_CLM_CLOSE_TYPE,Y,Y,5,,Y,NULL,NULL,NULL,NULL
1012,ClaimChangeType,ClaimChangeType,-2,,CHANGE_TYPE,CHANGE_TYPE,CHANGE_TYPE_NAME,CHANGE_TYPE,ASC,-1,T_CLM_RESERVE_CHANGE_TYPE,Y,Y,5,,Y,NULL,NULL,NULL,NULL
101752,AddressContactType,,-1,,AddressContactType,AddressContactType,TypeName,,ASC,-1,AddressContactType,Y,Y,1,,Y,NULL,NULL,101743,NULL
101753,AddressUsageType,,-1,,AddressUsageType,AddressUsageType,TypeName,,ASC,-1,AddressUsageType,Y,Y,1,,Y,NULL,NULL,101744,NULL
511752,PolicyLobPCTitle,,-1,,DataValue,DataValue,DisplayValue,,,-1,Title,Y,Y,4,,Y,NULL,NULL,502560,NULL
-104,Currency,,-2,,CURRENCY_CODE,CURRENCY_SIGN,CURRENCY_NAME,CURRENCY_CODE,ASC,-1,T_PUB_CURRENCY,Y,Y,2,,Y,-4,-4,NULL,NULL
-106,User,,-2,,USER_ID,USER_NAME,REAL_NAME,USER_NAME,ASC,-1,T_PUB_USER,Y,Y,2,,N,-2,-4,NULL,NULL
1033,ClaimCoverageCodeName,ClaimCoverageCodeName,-2,,COVERAGE_CODE,COVERAGE_CODE,COVERAGE_NAME,COVERAGE_NAME,ASC,-1,t_clm_coverage,Y,Y,5,,Y,NULL,NULL,NULL,NULL
936959,Gender,,-1,,DataValue,DataValue,DisplayValue,,,-1,Gender,Y,Y,2,,Y,NULL,NULL,936950,NULL
938336,SalesChannelSatus,Code table for sales channel status,-2,,SC_STATUS,STATUS_NAME,STATUS_DESCRIPTION,,,-1,T_SC_CHANNEL_STATUS,Y,Y,2,,Y,NULL,NULL,NULL,NULL
938345,ScAgreementStatus,Code table for sales channel agreement status,-2,,SC_AGREEMENT_STATUS,NAME,DESCRIPTION,,,-1,T_SC_AGREEMENT_STATUS,Y,Y,2,,Y,NULL,NULL,NULL,NULL
1021,ClaimPolicyInsured,ClaimPolicyInsured,-2,,INSURED_ID,INSURED_ID,INSURED_NAME,INSURED_NAME,ASC,-1,T_CLM_POL_INSURED,Y,N,5,"[""POLICY_ID""]",N,NULL,NULL,NULL,NULL
1022,ClaimApproveDecison,ClaimApproveDecison,-2,,DECISION_CODE,DECISION_CODE,DECISION_NAME,DECISION_CODE,ASC,-1,T_CLM_APPROVE_DECISON,Y,Y,5,,Y,NULL,NULL,NULL,NULL
600005,TransType,bcp transaction type,-2,,TRANS_TYPE_ID,TRANS_TYPE_ID,TRANS_TYPE_NAME,TRANS_TYPE_NAME,DESC,-1,T_BCP_CFG_TRANS_TYPE,Y,Y,2,,Y,NULL,NULL,NULL,NULL
1000,ClaimPayFinal,ClaimPayFinal,-1,,DataValue,DataValue,DisplayValue,DisplayValue,ASC,-1,ClaimPayFinal,Y,Y,5,,Y,NULL,NULL,1000,NULL
1007,ClaimSubClaimType,ClaimSubClaimType,-2,,SUBCLAIM_TYPE_CODE,SUBCLAIM_TYPE_CODE,SUBCLAIM_TYPE_NAME,SUBCLAIM_TYPE_NAME,ASC,-1,"select rel.LOSS_CAUSE_CODE as ParentId,subclaimType.SUBCLAIM_TYPE_CODE,subclaimType.SUBCLAIM_TYPE_NAME, rel.PRODUCT_LINE_CODE from T_CLM_LOSS_SUBCLMTYPE rel join T_CLM_SUBCLAIM_TYPE subclaimType on rel.SUBCLAIM_TYPE_CODE=subclaimType.SUBCLAIM_TYPE_CODE",Y,Y,5,"[""ParentId"",""PRODUCT_LINE_CODE""]",Y,NULL,NULL,NULL,NULL
1006,ClaimLossCause,ClaimLossCause,-2,,LOSS_CAUSE_CODE,LOSS_CAUSE_CODE,LOSS_CAUSE_NAME,LOSS_CAUSE_NAME,ASC,-1,T_CLM_LOSSCAUSE,Y,Y,5,"[""PRODUCT_LINE_CODE""]",Y,NULL,NULL,NULL,NULL
1008,ClaimReserveType,ClaimReserveType,-2,,RESERVE_TYPE_CODE,RESERVE_TYPE_CODE,RESERVE_TYPE_NAME,RESERVE_TYPE_CODE,ASC,-1,T_CLM_RESERVE_TYPE,Y,Y,5,,Y,NULL,NULL,NULL,NULL
1023,ClaimTaskType,ClaimTaskType,-2,,TASK_CODE,TASK_CODE,TASK_NAME,TASK_NAME,ASC,-1,T_CLM_TASK,Y,Y,5,,Y,NULL,NULL,NULL,NULL
1024,ClaimPrioriry,ClaimPrioriry,-1,,DataValue,DataValue,DisplayValue,DataValue,ASC,-1,Prioriry,Y,Y,5,,Y,NULL,NULL,1024,NULL
1009,ClaimPaymentType,ClaimPaymentType,-2,,PAYMENT_TYPE_CODE,PAYMENT_TYPE_CODE,PAYMENT_TYPE_NAME,PAYMENT_TYPE_CODE,ASC,-1,T_CLM_PAYMENT_TYPE,Y,Y,5,,Y,NULL,NULL,NULL,NULL
1015,ClaimProductTypeCode,ProductTypeCode,-2,,PRODUCT_TYPE_CODE,PRODUCT_TYPE_CODE,PRODUCT_TYPE_NAME,PRODUCT_TYPE_CODE,ASC,-1,T_CLM_PRODUCT_TYPE,Y,Y,5,,Y,NULL,NULL,NULL,NULL
600006,Payment Approve Type,Payment Approve Type,-2,,TYPE_ID,TYPE_ID,TYPE_NAME,TYPE_NAME,DESC,-1,T_BCP_PYMNT_APPRV_TYP,Y,Y,2,,Y,NULL,NULL,NULL,NULL
1026,ClaimContactType,ClaimContactType,-1,,DataValue,DataValue,DisplayValue,DisplayValue,ASC,-1,ClaimContactType,Y,Y,5,,Y,NULL,NULL,1001,NULL
1030,ClaimLiability,ClaimLiability,-1,,DataValue,DataValue,DisplayValue,DisplayValue,ASC,-1,ClaimLiability,Y,Y,5,,Y,NULL,NULL,1002,NULL
1031,ClaimValidationDecision,ClaimValidationDecision,-1,,DataValue,DataValue,DisplayValue,DisplayValue,ASC,-1,ClaimValidationDecision,Y,Y,5,,Y,NULL,NULL,1003,NULL
1035,ClaimPartyType,ClaimPartyType,-1,,DataValue,DataValue,DisplayValue,DisplayValue,ASC,-1,ClaimPartyType,Y,Y,5,,Y,NULL,NULL,1035,NULL
600013,Collection Ref Type,Collection Ref Type,-2,,TYPE_ID,TYPE_ID,TYPE_NAME,TYPE_NAME,DESC,-1,T_BCP_CFG_CLLCTN_REF_TYPE,Y,Y,2,,Y,NULL,NULL,NULL,NULL
1010,ClaimReserveStatus,ClaimReserveStatus,-2,,STATUS_CODE,STATUS_CODE,STATUS_NAME,STATUS_CODE,ASC,-1,T_CLM_RESERVE_STATUS,Y,Y,5,,Y,NULL,NULL,NULL,NULL
815157,Cession Bound,CodeTable,-2,,CESSION_BOUND,CESSION_BOUND,CESSION_BOUND_NAME,CESSION_BOUND,ASC,-1,T_RI_CESSION_BOUND,Y,Y,1,,Y,NULL,NULL,NULL,NULL
600012,Collection Type,Collection Type,-2,,TYPE_ID,TYPE_ID,TYPE_NAME,TYPE_NAME,DESC,-1,T_BCP_CFG_COLLECTION_TYPE,Y,Y,2,,Y,NULL,NULL,NULL,NULL
-103,Branch,,-2,,PARTY_ID,PARTY_CODE,PARTY_NAME,PARTY_CODE,ASC,-1,"select a.party_id,a.party_code,a.party_name from t_pty_party a where a.party_type='3'",Y,Y,2,,N,-2,-4,NULL,NULL
1016,ClaimFnolTypeCode,ClaimFnolTypeCode,-1,,DataValue,DataValue,DisplayValue,DisplayValue,ASC,-1,ClaimFnolTypeCode,Y,Y,5,,Y,NULL,NULL,1016,NULL
1017,ClaimProductCode,ClaimProductCode,-2,,PRODUCT_CODE,PRODUCT_CODE,PRODUCT_NAME,PRODUCT_CODE,ASC,-1,T_CLM_PRODUCT,Y,Y,5,,Y,NULL,NULL,NULL,NULL
1018,ClaimDamagePartyCode,ClaimDamagePartyCode,-2,,PARTY_CODE,PARTY_CODE,PARTY_NAME,PARTY_CODE,ASC,-1,T_CLM_DAMAGE_PARTY,Y,Y,5,,Y,NULL,NULL,NULL,NULL
1019,ClaimDamageTypeCode,ClaimDamageTypeCode,-2,,DAMAGE_TYPE_CODE,DAMAGE_TYPE_CODE,DAMAGE_TYPE_DESC,DAMAGE_TYPE_CODE,ASC,-1,T_CLM_DAMAGE_TYPE,Y,Y,5,,Y,NULL,NULL,NULL,NULL
1020,ClaimCurrencyCode,ClaimCurrencyCode,-2,,CURRENCY_CODE,CURRENCY_CODE,CURRENCY_SIGN,CURRENCY_CODE,ASC,-1,T_PUB_CURRENCY,Y,Y,5,,Y,NULL,NULL,NULL,NULL
1028,ClaimFileType,ClaimFileType,-1,,DataValue,DataValue,DisplayValue,DisplayValue,ASC,-1,ClaimFileType,Y,Y,5,,Y,NULL,NULL,1028,NULL
1029,CliamReserveSign,CliamReserveSign,-1,,DataValue,DataValue,DisplayValue,DisplayValue,ASC,-1,CliamReserveSign,Y,Y,5,,Y,NULL,NULL,1029,NULL
938343,ScCommissionRateStatus,Code table for sales channel commissions status,-2,,SC_COM_RATE_STATUS,STATUS_NAME,STATUS_DESCRIPTION,,,-1,T_SC_COM_RATE_STATUS,Y,Y,2,,Y,NULL,NULL,NULL,NULL
938344,SalesChannelType,Code table for type of sales channel,-2,,SC_TYPE,TYPE_NAME,TYPE_DESCRIPTION,,,-1,T_SC_CHANNEL_TYPE,Y,Y,2,,Y,NULL,NULL,NULL,NULL
912426,Title,,-2,,COURTESY_TITLE,COURTESY_TITLE,TITLE_NAME,,,-1,T_PTY_COURTESY_TITLE,Y,Y,2,,Y,NULL,NULL,502560,NULL
912430,Area,,-1,,DataValue,DataValue,DisplayValue,,,-1,Area,Y,Y,2,,Y,NULL,NULL,909635,NULL
915073,Occupation,,-1,,DataValue,DataValue,DisplayValue,,,-1,Occupation,Y,Y,2,,Y,NULL,NULL,909755,NULL
600007,Reverse Type,Reverse Type,-2,,TYPE_ID,TYPE_ID,TYPE_NAME,TYPE_NAME,DESC,-1,T_BCP_CFG_REVERSE_TYPE,Y,Y,2,,Y,NULL,NULL,NULL,NULL
-110,BusienssScope,Busienss Scope,-2,,SCOPE_ID,SCOPE_ID,NAME,NAME,ASC,-1,T_DD_BUSI_SCOPE,Y,N,2,,Y,NULL,NULL,NULL,NULL
-111,BusienssTag,Busienss Tag,-2,,TAG_ID,TAG_ID,NAME,NAME,ASC,-1,T_DD_BUSI_TAG,Y,N,2,,Y,NULL,NULL,NULL,NULL
-112,CodeTable,CodeTable,-2,,CODE_TABLE_ID,CODE_TABLE_ID,NAME,NAME,ASC,-1,T_DD_BUSI_CODE_TABLE,Y,N,2,,Y,NULL,NULL,NULL,NULL
600000,FeeType,fee type definition,-2,,FEE_TYPE_ID,FEE_TYPE_ID,FEE_TYPE_NAME,FEE_TYPE_NAME,DESC,-1,T_PUB_FEE_TYPE_DEFINITION,Y,Y,2,,Y,NULL,NULL,NULL,NULL
600001,FinanceResource,business resource,-2,,TRANS_ID,TRANS_CODE,TRANS_NAME,TRANS_NAME,DESC,-1,T_PUB_FEE_TYPE_TRANS,Y,Y,2,,Y,NULL,NULL,NULL,NULL
600002,ArapFeeStatus,arap fee status,-2,,ARAP_STATUS_ID,ARAP_STATUS_ID,ARAP_STATUS_NAME,ARAP_STATUS_NAME,DESC,-1,T_BCP_CFG_ARAP_STATUS,Y,Y,2,,Y,NULL,NULL,NULL,NULL
600003,CollectionStatus,collection status,-2,,COLLECTION_STATUS_ID,COLLECTION_STATUS_ID,COLLECTION_STATUS_NAME,COLLECTION_STATUS_NAME,DESC,-1,T_BCP_CFG_COLLECTION_STATUS,Y,Y,2,,Y,NULL,NULL,NULL,NULL
600004,PaymentStatus,payment status,-2,,PAYMENT_STATUS_ID,PAYMENT_STATUS_ID,PAYMENT_STATUS_NAME,PAYMENT_STATUS_NAME,DESC,-1,T_BCP_CFG_PAYMENT_STATUS,Y,Y,2,,Y,NULL,NULL,NULL,NULL
600011,Payment Model,Payment Model,-2,,MODEL_ID,MODEL_ID,MODEL_NAME,MODEL_NAME,DESC,-1,T_PUB_PAYMENT_MODEL,Y,Y,2,,Y,NULL,NULL,NULL,NULL
972459,IndustryCategory,,-2,,INDUSTRY_CATEGORY,INDUSTRY_CATEGORY,INDUSTRY_NAME,,,-1,T_PTY_INDUSTRY_CATEGORY,Y,Y,5,,Y,NULL,NULL,NULL,NULL
600010,Offset Ref Type,Offset Ref Type,-2,,TYPE_ID,TYPE_ID,TYPE_NAME,TYPE_NAME,DESC,-1,T_BCP_CFG_OFFSET_REF_TYPE,Y,Y,2,,Y,NULL,NULL,NULL,NULL
600009,Offset Status,Offset Status,-2,,STATUS_ID,STATUS_ID,STATUS_NAME,STATUS_NAME,DESC,-1,T_BCP_CFG_OFFSET_STATUS,Y,Y,2,,Y,NULL,NULL,NULL,NULL
600008,Offset Type,Offset Type,-2,,TYPE_ID,TYPE_ID,TYPE_NAME,TYPE_NAME,DESC,-1,T_BCP_CFG_OFFSET_TYPE,Y,Y,2,,Y,NULL,NULL,NULL,NULL
937752,Make,,-5,,Make,Make,Make,,,-1,T_PA_VEHICLE_MODEL,Y,Y,2,"[""AutoLine""]",N,NULL,NULL,NULL,494488
938362,PAYMENT_TERM,,-1,,DataValue,DataValue,DisplayValue,,,-1,PAYMENT_TERM,Y,Y,2,,Y,NULL,NULL,935182,NULL
937753,Model,,-5,,Model,Model,Model,,,-1,T_PA_VEHICLE_MODEL,Y,Y,2,"[""AutoLine"",""Make""]",N,NULL,NULL,NULL,494488
909630,Display Value,,-1,,DataValue,DataValue,DisplayValue,,,-1,Display Value,N,Y,1,,Y,NULL,NULL,909626,NULL
937754,BodyType,,-5,,BodyType,BodyType,BodyType,,,-1,T_PA_VEHICLE_MODEL,Y,Y,2,"[""AutoLine"",""Make"",""Model""]",N,NULL,NULL,NULL,494488
937900,ModelDescription,,-5,,ModelDescription,ModelDescription,ModelDescription,,,-1,T_PA_VEHICLE_MODEL,Y,Y,2,"[""AutoLine"",""Make"",""Model"",""BodyType""]",N,NULL,NULL,NULL,494488
937901,Cc,,-5,,Cc,Cc,Cc,,,-1,T_PA_VEHICLE_MODEL,Y,Y,2,"[""AutoLine"",""Make"",""Model"",""BodyType""]",N,NULL,NULL,NULL,494488
937902,Seats,,-5,,Seats,Seats,Seats,,,-1,T_PA_VEHICLE_MODEL,Y,Y,2,"[""AutoLine"",""Make"",""Model"",""BodyType""]",N,NULL,NULL,NULL,494488
937903,CarGroup,,-5,,CarGroup,CarGroup,CarGroup,,,-1,T_PA_VEHICLE_MODEL,Y,Y,2,"[""AutoLine"",""Make"",""Model"",""BodyType""]",N,NULL,NULL,NULL,494488
937904,MinAge,,-5,,MinAge,MinAge,MinAge,,,-1,T_PA_VEHICLE_MODEL,Y,Y,2,"[""AutoLine"",""Make"",""Model"",""BodyType""]",N,NULL,NULL,NULL,494488
937905,MinExp,,-5,,MinExp,MinExp,MinExp,,,-1,T_PA_VEHICLE_MODEL,Y,Y,2,"[""AutoLine"",""Make"",""Model"",""BodyType""]",N,NULL,NULL,NULL,494488
937906,Alarm,,-5,,Alarm,Alarm,Alarm,,,-1,T_PA_VEHICLE_MODEL,Y,Y,2,"[""AutoLine"",""Make"",""Model"",""BodyType""]",N,NULL,NULL,NULL,494488
915283,District,,-1,,District,District,District,,,-1,District,Y,Y,2,"[""Area""]",Y,NULL,NULL,759254,NULL
1032,ClaimPlaceOfInspaction,ClaimPlaceOfInspaction,-1,,DataValue,DataValue,DisplayValue,DisplayValue,ASC,-1,ClaimPlaceOfInspaction,Y,Y,5,,Y,NULL,NULL,1004,NULL
938340,SalesChannelOrgLevel,Code table for org level of sales channel,-2,,SC_ORG_LEVEL,NAME,DESCRIPTION,,,-1,T_SC_ORG_LEVEL,Y,Y,2,,Y,NULL,NULL,NULL,NULL
1027,ClaimDamageTypeCondition,ClaimDamageTypeCondition,-2,,DAMAGE_TYPE_CODE,DAMAGE_TYPE_CODE,DAMAGE_TYPE_DESC,DAMAGE_TYPE_DESC,ASC,-1,"SELECT rel.SUBCLAIM_TYPE_CODE AS ParentId, dt.DAMAGE_TYPE_CODE,dt.DAMAGE_TYPE_DESC, rel.PRODUCT_LINE_CODE FROM t_clm_subclmtype_dmgtype rel JOIN t_clm_damage_type dt ON rel.damage_type_code = dt.damage_type_code ",Y,Y,5,"[""ParentId"",""PRODUCT_LINE_CODE""]",Y,NULL,NULL,NULL,NULL
1025,ClaimAccidentCode,ClaimAccidentCode,-2,,ACCIDENT_CODE,ACCIDENT_CODE,ACCIDENT_NAME,ACCIDENT_NAME,ASC,-1,T_CLM_ACCIDENT,Y,Y,5,,Y,NULL,NULL,NULL,NULL
938365,Agent_Billing,,-1,,DataValue,DataValue,DisplayValue,,,-1,Agent_Billing,Y,Y,2,,Y,NULL,NULL,935199,NULL
979879,InsuranceCompany,,-1,,DataValue,DataValue,DisplayValue,,,-1,InsuranceCompany,Y,Y,2,,Y,NULL,NULL,979595,NULL
1034,ClaimRejectReason,ClaimRejectReason,-1,,DataValue,DataValue,DisplayValue,DisplayValue,ASC,-1,ClaimRejectReason,Y,Y,5,,Y,NULL,NULL,1034,NULL
