"CLASS_ID","JAVA_CLASS","MASTER_ID_PROPERTY_NAME","RECORD_USAGE","PRIMARY_TABLE_NAME"
"517681","com.ebao.claim.common.domain.ClaimCaseEntity","","3","T_CLM_CASE"
"972421","com.ebao.unicorn.platform.data.code.domain.BusinessDataTableRecord","","2","T_DD_BUSI_DATA_TABLE_RECORD"
"935889","com.ebao.unicorn.platform.ri.domain.arap.RiPay","","2","T_RI_PAY"
"934952","com.ebao.unicorn.platform.ri.domain.claim.RiClaimRprRiskCategory","","2","T_RI_CLAIM_RPR_RISK_CATEGORY"
"906071","com.ebao.unicorn.platform.ri.domain.claim.RiClaimRprRiskCatFeeDetail","","2","T_RI_CLAIM_RPR_RISKCAT_FEE_DTL"
"905974","com.ebao.unicorn.platform.ri.domain.claim.RiClaimRiskCategory","","2","T_RI_CLAIM_RISK_CATEGORY"
"905908","com.ebao.unicorn.platform.ri.domain.claim.RiClaim","","2","T_RI_CLAIM"
"905857","com.ebao.unicorn.platform.ri.domain.claim.RiAccident","","2","T_RI_ACCIDENT"
"843625","com.ebao.unicorn.platform.ri.domain.intf.claim.ClaimIntf","","2","T_RI_CLAIM_INTF"
"773706","com.ebao.unicorn.platform.ri.domain.product.PrdtRiskLevel","","2","T_RI_PRODUCT_RISKLEVEL"
"766719","com.ebao.unicorn.platform.ri.domain.treaty.FacDefi","","2","T_RI_FAC_DEFI"
"590807","com.ebao.unicorn.platform.policy.domain.settlement.PolicyFeeSplit","","2","T_PA_POLICY_FEE_SPLIT"
"590927","com.ebao.unicorn.platform.policy.domain.CoInsuranceInsurer","","2","T_PA_CO_INSURANCE_INSURER"
"590901","com.ebao.unicorn.platform.policy.domain.CoInsuranceInfo","","2","T_PA_CO_INSURANCE_INFO"
"590690","com.ebao.unicorn.platform.policy.domain.mp.MasterPolicyDeclarationDetail","","2","T_PA_MP_DECLARATION_DTL"
"558667","com.ebao.unicorn.channel.domain.SalesAuthority","","2","T_SC_AGREEMENT_AUTH"
"590953","com.ebao.unicorn.platform.party.domain.PartyAccount","","2","T_PTY_ACCOUNT"
"590781","com.ebao.unicorn.platform.policy.domain.settlement.PolicyFee","","2","T_PA_POLICY_FEE"
"590732","com.ebao.unicorn.platform.policy.domain.settlement.PolicyFeeInstallment","","2","T_PA_POLICY_FEE_INSTALLMENT"
"-100","com.ebao.unicorn.platform.data.domain.BusinessObject","","1","T_DD_BUSI_OBJECT"
"-103","com.ebao.unicorn.platform.data.domain.BusinessModel","","1","T_DD_BUSI_MODEL"
"-102","com.ebao.unicorn.platform.data.domain.BusinessFieldBinding","","1","T_DD_BUSI_FIELD_BINDING"
"-101","com.ebao.unicorn.platform.data.domain.BusinessField","","1","T_DD_BUSI_FIELD"
"333042","com.ebao.unicorn.channel.domain.SalesAgreement","","2","T_SC_AGREEMENT"
"-804","com.ebao.unicorn.platform.party.domain.PartyContact","","1","T_PTY_CONTACT"
"-802","com.ebao.unicorn.platform.party.domain.PartyAddress","","1","T_PTY_ADDRESS"
"-801","com.ebao.unicorn.platform.party.domain.Party","","1","T_PTY_PARTY"
"-937","com.ebao.unicorn.platform.policy.domain.Submission","","1","T_PA_SUBMISSION"
"333081","com.ebao.unicorn.channel.domain.SalesCommissionRate","","2","T_SC_AGREEMENT_COMM_RATE"
"-933","com.ebao.unicorn.platform.policy.domain.QuotationVersion","","1","T_PA_QUOTATION_VERSION"
"-925","com.ebao.unicorn.platform.policy.domain.PolicyLob","ProductId","1","T_PA_POLICY_LOB"
"-941","com.ebao.unicorn.platform.policy.domain.vehicle.Driver","","1","T_PA_DRIVER"
"-909","com.ebao.unicorn.platform.endorsement.domain.Endorsement","","1","T_PA_ENDORSEMENT"
"-911","com.ebao.unicorn.platform.policy.domain.Insured","","1","T_PA_INSURED"
"-902","com.ebao.unicorn.platform.policy.domain.AbstractPolicyCoverage","ProductElementId","1","T_PA_POLICY_COVERAGE"
"-901","com.ebao.unicorn.platform.policy.domain.AbstractPolicy","ProductId","1","T_PA_POLICY"
"-950","com.ebao.unicorn.platform.policy.domain.PolicyCustomer","","1","T_PA_POLICY_CUSTOMER"
"-508","com.ebao.unicorn.platform.product.domain.ProductMaster","","1","T_PRD_PRODUCT_MASTER"
"227298","com.ebao.unicorn.platform.policy.domain.PolicySchedule","","1","T_PA_POLICY_SCHEDULE"
"-509","com.ebao.unicorn.platform.product.domain.ProductElementRelation","","1","T_PRD_PRODUCT_ELEMENT_RELATION"
"494488","com.ebao.unicorn.platform.policy.domain.vehicle.VehicleModel","","2","T_PA_VEHICLE_MODEL"
"-953","com.ebao.unicorn.platform.policy.domain.Quotation","","1","T_PA_QUOTATION"
"316568","com.ebao.unicorn.platform.policy.domain.PolicyCommissionRate","","1","T_PA_POLICY_COMM_RATE"
"-951","com.ebao.unicorn.platform.policy.domain.PolicyAddress","","1","T_PA_POLICY_ADDRESS"
"-417","com.ebao.unicorn.platform.product.domain.Product","","1","T_PRD_PRODUCT"
"-547","com.ebao.unicorn.platform.product.domain.ProductElement","","1","T_PRD_PRODUCT_ELEMENT"
"745537","com.ebao.unicorn.platform.ri.domain.intf.pa.PolicyIntf","","2","T_RI_POLICY_INTF"
"689281","com.ebao.unicorn.platform.policy.domain.TravelPolicyLob","","1",""
"669936","com.ebao.unicorn.platform.policy.domain.contract.ContractPolicyLob","","1",""
"669907","com.ebao.unicorn.platform.ri.domain.pa.RiPolicyInstalment","","2",""
"669884","com.ebao.unicorn.platform.ri.domain.pa.RiRiskUnitCoverage","","2",""
"669603","com.ebao.unicorn.platform.ri.domain.RiskUnitMap","","2",""
"-956","com.ebao.unicorn.platform.ri.domain.RiDomainModelImpl","","1",""
"600659","com.ebao.unicorn.platform.ri.domain.treaty.Treaty","","1",""
"599940","com.ebao.unicorn.platform.ri.domain.pa.RiRiskUnitContRein","","2",""
"599916","com.ebao.unicorn.platform.ri.domain.pa.RiRiskUnitContract","","2",""
"599859","com.ebao.unicorn.platform.ri.domain.pa.RiRiskUnit","","2",""
"599838","com.ebao.unicorn.platform.ri.domain.pa.RiPolicyContract","","2",""
"599514","com.ebao.unicorn.platform.ri.domain.RiskCat","","2",""
"599499","com.ebao.unicorn.platform.ri.domain.treaty.TreatyReins","","2",""
"599410","com.ebao.unicorn.platform.ri.domain.treaty.TreatyArrange","","2",""
"599382","com.ebao.unicorn.platform.domain.model.treaty.AFTreaty","","2",""
"599354","com.ebao.unicorn.platform.ri.domain.pa.RiPolicy","","2",""
"-954","com.ebao.unicorn.platform.ri.domain.pa.RiPADomainModelImpl","","1",""
"593292","com.ebao.unicorn.platform.domain.model.Riskcat","","2",""
"590851","com.ebao.unicorn.platform.endorsement.domain.EndorsementPaymentInfo","","2",""
"590832","com.ebao.unicorn.platform.endorsement.domain.EndorsementFeeInfo","","2",""
"590761","com.ebao.unicorn.platform.policy.domain.settlement.NewbizFeeInfo","","2",""
"577137","com.ebao.claim.settlement.domain.SettlementPayeeEntity","","3",""
"564255","com.ebao.unicorn.channel.domain.SalesChannelOrg","","2",""
"562994","com.ebao.claim.settlement.domain.SettlementItemEntity","","3",""
"562917","com.ebao.claim.settlement.domain.SettlementEntity","","3",""
"520234","com.ebao.unicorn.platform.policy.domain.PolicyPaymentInfo","","1",""
"517999","com.ebao.claim.common.domain.ClaimReserveEntity","","3",""
"517929","com.ebao.claim.common.domain.ClaimItemEntity","","3",""
"517828","com.ebao.claim.common.domain.ClaimObjectEntity","","3",""
"482031","com.ebao.unicorn.platform.data.demo.DemoProductCt","","3",""
"482049","com.ebao.unicorn.platform.data.demo.DemoPolicyCommission","","3",""
"482015","com.ebao.unicorn.platform.data.demo.DemoProduct","","3",""
"481994","com.ebao.unicorn.platform.data.demo.DemoPolicyCt","","3",""
"481970","com.ebao.unicorn.platform.data.demo.DemoInsured","","3",""
"481944","com.ebao.unicorn.platform.data.demo.DemoPolicy","","3",""
"329962","com.ebao.unicorn.channel.domain.SalesChannelIndividual","","2",""
"317379","com.ebao.unicorn.channel.domain.AgentIndividual","","2",""
"312471","com.ebao.unicorn.platform.form.domain.FormModel","","2",""
"294044","com.ebao.unicorn.platform.form.domain.FormVariableDefinition","","2",""
"283448","com.ebao.unicorn.platform.form.domain.FormContextDefinition","","2",""
"-952","com.ebao.unicorn.platform.policy.domain.plan.PolicyPlanElement","","1",""
"-510","com.ebao.unicorn.platform.product.domain.ProductForm","","1",""
"-511","com.ebao.unicorn.platform.product.domain.ProductBusinessProduct","","1",""
"-504","com.ebao.unicorn.platform.product.domain.ProductSubProduct","","1",""
"-507","com.ebao.unicorn.platform.product.domain.ProductRisk","","1",""
"-503","com.ebao.unicorn.platform.product.domain.ProductPlan","","1",""
"-505","com.ebao.unicorn.platform.product.domain.ProductSchedule","","1",""
"-906","com.ebao.unicorn.platform.policy.domain.CoverageTemplate","","1",""
"-907","com.ebao.unicorn.platform.policy.domain.DiscountLoading","","1",""
"-908","com.ebao.unicorn.platform.policy.domain.DiscountLoadingType","","1",""
"-910","com.ebao.unicorn.platform.policy.domain.EndorsementRequest","","1",""
"-912","com.ebao.unicorn.platform.policy.domain.LocationInsured","","1",""
"-913","com.ebao.unicorn.platform.policy.domain.PADomainModelImpl","","1",""
"-942","com.ebao.unicorn.platform.policy.domain.vehicle.VehicleInsured","","1",""
"-915","com.ebao.unicorn.platform.policy.domain.Policy","","1",""
"-917","com.ebao.unicorn.platform.policy.domain.PolicyCoverage","","1",""
"-918","com.ebao.unicorn.platform.policy.domain.PolicyCoverageGroup","","1",""
"-919","com.ebao.unicorn.platform.policy.domain.PolicyDeductible","","1",""
"-920","com.ebao.unicorn.platform.policy.domain.PolicyElement","","1",""
"-943","com.ebao.unicorn.platform.policy.domain.vehicle.VehiclePolicyLob","","1",""
"-922","com.ebao.unicorn.platform.policy.domain.PolicyForm","","1",""
"-923","com.ebao.unicorn.platform.policy.domain.PolicyLayer","","1",""
"-924","com.ebao.unicorn.platform.policy.domain.PolicyLimit","","1",""
"-927","com.ebao.unicorn.platform.policy.domain.PolicyPeril","","1",""
"-928","com.ebao.unicorn.platform.policy.domain.PolicySubCoverage","","1",""
"-929","com.ebao.unicorn.platform.policy.domain.PolicyTaxFee","","1",""
"-944","com.ebao.unicorn.platform.policy.domain.home.HomeInsured","","1",""
"-931","com.ebao.unicorn.platform.policy.domain.plan.PolicyPlan","ProductPlanId","1",""
"-945","com.ebao.unicorn.platform.policy.domain.home.HomePolicyLob","","1",""
"-946","com.ebao.unicorn.platform.policy.domain.insured.AddressInsured","","1",""
"-803","com.ebao.unicorn.platform.party.domain.PartyBranch","","1",""
"-805","com.ebao.unicorn.platform.party.domain.PartyIndividual","","1",""
"-806","com.ebao.unicorn.platform.policy.domain.PartyIndividualCustomer","","1",""
"-807","com.ebao.unicorn.platform.party.domain.PartyOrg","","1",""
"-808","com.ebao.unicorn.platform.policy.domain.PartyOrgCustomer","","1",""
"-809","com.ebao.unicorn.platform.party.domain.PartyDomainModelImpl","","1",""
"-947","com.ebao.unicorn.platform.policy.domain.contract.ContractInsured","","1",""
"-948","com.ebao.unicorn.platform.policy.domain.insured.LiabilityInsured","","1",""
"-949","com.ebao.unicorn.platform.policy.domain.insured.PersonInsured","","1",""
"-905","com.ebao.unicorn.platform.policy.domain.CommonPolicyLob","","1",""
"-904","com.ebao.unicorn.platform.policy.domain.CommonInsured","","1",""
"-546","com.ebao.unicorn.platform.product.domain.ProductPeril","","1",""
"-492","com.ebao.unicorn.platform.product.domain.ProductLayer","","1",""
"-400","com.ebao.unicorn.platform.product.domain.ProductCoverage","","1",""
"-940","com.ebao.unicorn.platform.data.domain.DomainModelImpl","","1",""
"-938","com.ebao.unicorn.platform.data.domain.BaseEntityImpl","","1",""
"-939","com.ebao.unicorn.platform.data.domain.BaseEntityWithDynamicFieldsImpl","","1",""
