<?xml version="1.0" encoding="UTF-8" standalone="no"?>
<databaseChangeLog xmlns="http://www.liquibase.org/xml/ns/dbchangelog" xmlns:ext="http://www.liquibase.org/xml/ns/dbchangelog-ext" xmlns:xsi="http://www.w3.org/2001/XMLSchema-instance" xsi:schemaLocation="http://www.liquibase.org/xml/ns/dbchangelog-ext http://www.liquibase.org/xml/ns/dbchangelog/dbchangelog-ext.xsd http://www.liquibase.org/xml/ns/dbchangelog http://www.liquibase.org/xml/ns/dbchangelog/dbchangelog-3.4.xsd">
   <changeSet author="jason.shi" id="1452848392725-1-1">
        <insert tableName="T_DD_BUSI_DATA_TABLE_TYPE">
            <column name="DATA_TABLE_TYPE" valueNumeric="-1"/>
            <column name="NAME" value="LogicalTable"/>
            <column name="DESCRIPTION" value="Logical Table"/>
            <column name="INSERT_TIME" valueDate="2015-12-10 17:27:04"/>
            <column name="UPDATE_TIME" valueDate="2015-12-10 17:27:04"/>
        </insert>
        <insert tableName="T_DD_BUSI_DATA_TABLE_TYPE">
            <column name="DATA_TABLE_TYPE" valueNumeric="-2"/>
            <column name="NAME" value="PhysicalTable"/>
            <column name="DESCRIPTION" value="Physical Table"/>
            <column name="INSERT_TIME" valueDate="2015-12-10 17:27:04"/>
            <column name="UPDATE_TIME" valueDate="2015-12-10 17:27:04"/>
        </insert>
        
    </changeSet>

      
     <changeSet author="hongyang.zhang (generated)" id="1452848392725-1">
        <loadUpdateData encoding="UTF-8" relativeToChangelogFile="true" file="20160116_154100_DataDict_DML_T_DD_BUSI_CODE_TABLE_TYPE.csv"  quotchar="&quot;" separator="," tableName="T_DD_BUSI_CODE_TABLE_TYPE"  primaryKey="CODE_TABLE_TYPE">
            <column header="CODE_TABLE_TYPE" name="CODE_TABLE_TYPE" type="NUMERIC"/>
            <column header="NAME" name="NAME" type="STRING"/>
            <column header="DESCRIPTION" name="DESCRIPTION" type="STRING"/>
        </loadUpdateData>
    </changeSet>
    <changeSet author="hongyang.zhang (generated)" id="1452848392725-2">
        <loadUpdateData encoding="UTF-8" relativeToChangelogFile="true" file="20160116_154103_DataDict_DML_T_DD_BUSI_CONTEXT_TYPE.csv"  quotchar="&quot;" separator="," tableName="T_DD_BUSI_CONTEXT_TYPE"  primaryKey="CONTEXT_TYPE">
            <column header="CONTEXT_TYPE" name="CONTEXT_TYPE" type="NUMERIC"/>
            <column header="NAME" name="NAME" type="STRING"/>
            <column header="DESCRIPTION" name="DESCRIPTION" type="STRING"/>
            <column header="RECORD_USAGE" name="RECORD_USAGE" type="NUMERIC"/>
            <column header="CONTEXT_FIELDS" name="CONTEXT_FIELDS" type="STRING"/>
        </loadUpdateData>
    </changeSet>    
    
      <changeSet author="hongyang.zhang (generated)" id="1452848392725-3">
        <loadUpdateData encoding="UTF-8" relativeToChangelogFile="true" file="20160116_155103_DataDict_DML_T_DD_BUSI_JAVA_CLASS.csv"  quotchar="&quot;" separator="," tableName="T_DD_BUSI_JAVA_CLASS"  primaryKey="CLASS_ID">
            <column header="CLASS_ID" name="CLASS_ID" type="NUMERIC"/>
            <column header="JAVA_CLASS" name="JAVA_CLASS" type="STRING"/>
            <column header="MASTER_ID_PROPERTY_NAME" name="MASTER_ID_PROPERTY_NAME" type="STRING"/>
            <column header="RECORD_USAGE" name="RECORD_USAGE" type="NUMERIC"/>
            <column header="PRIMARY_TABLE_NAME" name="PRIMARY_TABLE_NAME" type="STRING"/>
        </loadUpdateData>
    </changeSet>   
    
    <changeSet author="hongyang.zhang (generated)" id="1452848392725-4">
        <loadUpdateData encoding="UTF-8" relativeToChangelogFile="true" file="20160116_155104_DataDict_DML_T_DD_BUSI_JAVA_PROPERTY.csv"  quotchar="&quot;" separator="," tableName="T_DD_BUSI_JAVA_PROPERTY"  primaryKey="PROPERTY_ID">
             <column header="PROPERTY_ID" name="PROPERTY_ID" type="NUMERIC"/>
            <column header="NAME" name="NAME" type="STRING"/>
            <column header="DESCRIPTION" name="DESCRIPTION" type="STRING"/>
            <column header="CLASS_ID" name="CLASS_ID" type="NUMERIC"/>
            <column header="JAVA_TYPE" name="JAVA_TYPE" type="NUMERIC"/>
            <column header="ALIAS" name="ALIAS" type="STRING"/>
            <column header="RECORD_USAGE" name="RECORD_USAGE" type="NUMERIC"/>
            <column header="TABLE_NAME" name="TABLE_NAME" type="STRING"/>
            <column header="COLUMN_NAME" name="COLUMN_NAME" type="STRING"/>
        </loadUpdateData>
    </changeSet>       

  <changeSet author="hongyang.zhang (generated)" id="1452848392725-5">
        <loadUpdateData encoding="UTF-8" relativeToChangelogFile="true" file="20160116_164100_DataDict_DML_T_DD_BUSI_MODEL.csv"  quotchar="&quot;" separator="," tableName="T_DD_BUSI_MODEL"  primaryKey="MODEL_ID">
               <column header="MODEL_ID" name="MODEL_ID" type="NUMERIC"/>
            <column header="NAME" name="NAME" type="STRING"/>
            <column header="RECORD_USAGE" name="RECORD_USAGE" type="NUMERIC"/>
        </loadUpdateData>
    </changeSet>           
    
    <changeSet author="hongyang.zhang (generated)" id="1452848392725-6">
        <loadUpdateData encoding="UTF-8" relativeToChangelogFile="true" file="20160116_164101_DataDict_DML_T_DD_BUSI_OBJECT.csv"  quotchar="&quot;" separator="," tableName="T_DD_BUSI_OBJECT"  primaryKey="OBJECT_ID">
         <column header="OBJECT_ID" name="OBJECT_ID" type="NUMERIC"/>
            <column header="NAME" name="NAME" type="STRING"/>
            <column header="DESCRIPTION" name="DESCRIPTION" type="STRING"/>
            <column header="CODE" name="CODE" type="STRING"/>
            <column header="MODEL_ID" name="MODEL_ID" type="NUMERIC"/>
            <column header="IS_ABSTRACT" name="IS_ABSTRACT" type="STRING"/>
            <column header="CONTEXT_ID" name="CONTEXT_ID" type="NUMERIC"/>
            <column header="CLASS_ID" name="CLASS_ID" type="NUMERIC"/>
            <column header="SUPER_OBJECT_ID" name="SUPER_OBJECT_ID" type="NUMERIC"/>
            <column header="RECORD_USAGE" name="RECORD_USAGE" type="NUMERIC"/>
            <column header="DELETE_WHEN_NO_LINKED_CHILD" name="DELETE_WHEN_NO_LINKED_CHILD" type="STRING"/>
            <column header="IS_MANDATORY" name="IS_MANDATORY" type="STRING"/>
        </loadUpdateData>
    </changeSet>           
    
      
    <changeSet author="hongyang.zhang (generated)" id="1452848392725-7">
        <loadUpdateData encoding="UTF-8" relativeToChangelogFile="true" file="20160117_164102_DataDict_DML_T_DD_BUSI_FIELD.csv"  quotchar="&quot;" separator="," tableName="T_DD_BUSI_FIELD"  primaryKey="FIELD_ID">
            <column header="FIELD_ID" name="FIELD_ID" type="NUMERIC"/>
            <column header="NAME" name="NAME" type="STRING"/>
            <column header="LABEL_" name="LABEL_" type="STRING"/>
            <column header="DESCRIPTION" name="DESCRIPTION" type="STRING"/>
            <column header="ALIAS" name="ALIAS" type="STRING"/>
            <column header="FIELD_TYPE" name="FIELD_TYPE" type="NUMERIC"/>
            <column header="RECORD_USAGE" name="RECORD_USAGE" type="NUMERIC"/>
        </loadUpdateData>
    </changeSet>           
    
   <changeSet author="hongyang.zhang (generated)" id="1452848392725-8">
        <loadUpdateData encoding="UTF-8" relativeToChangelogFile="true" file="20160117_164103_DataDict_DML_T_DD_BUSI_FIELD_BINDING.csv"  quotchar="&quot;" separator="," tableName="T_DD_BUSI_FIELD_BINDING"  primaryKey="BINDING_ID">
              <column header="BINDING_ID" name="BINDING_ID" type="NUMERIC"/>
            <column header="FIELD_ID" name="FIELD_ID" type="NUMERIC"/>
            <column header="OBJECT_ID" name="OBJECT_ID" type="NUMERIC"/>
            <column header="IS_FIXED" name="IS_FIXED" type="STRING"/>
            <column header="IS_MASKED" name="IS_MASKED" type="STRING"/>
            <column header="IS_ENCRYPTED" name="IS_ENCRYPTED" type="STRING"/>
            <column header="PROPERTY_ID" name="PROPERTY_ID" type="NUMERIC"/>
            <column header="CODE_TABLE_ID" name="CODE_TABLE_ID" type="NUMERIC"/>
            <column header="IS_INPUT" name="IS_INPUT" type="STRING"/>
            <column header="RECORD_USAGE" name="RECORD_USAGE" type="NUMERIC"/>
            <column header="IS_FORMULA" name="IS_FORMULA" type="STRING"/>
            <column header="FORMULA_TEXT" name="FORMULA_TEXT" type="STRING"/>
            <column header="SCOPE_IDS" name="SCOPE_IDS" type="STRING"/>
            <column header="IS_TECHNICAL" name="IS_TECHNICAL" type="STRING"/>
            <column header="PRECISION" name="PRECISION" type="NUMERIC"/>
            <column header="IS_UNIQUE" name="IS_UNIQUE" type="STRING"/>
            <column header="IS_MANDATORY" name="IS_MANDATORY" type="STRING"/>
        </loadUpdateData>
    </changeSet>            
    
       <changeSet author="hongyang.zhang (generated)" id="1452848392725-9">
        <loadUpdateData encoding="UTF-8" relativeToChangelogFile="true" file="20160117_164104_DataDict_DML_T_DD_BUSI_DATA_TABLE.csv"  quotchar="&quot;" separator="," tableName="T_DD_BUSI_DATA_TABLE"  primaryKey="DATA_TABLE_ID">
               <column header="DATA_TABLE_ID" name="DATA_TABLE_ID" type="NUMERIC"/>
            <column header="NAME" name="NAME" type="STRING"/>
            <column header="DESCRIPTION" name="DESCRIPTION" type="STRING"/>
            <column header="FIELDS" name="FIELDS" type="STRING"/>
            <column header="CONTEXT_ID" name="CONTEXT_ID" type="NUMERIC"/>
            <column header="RECORD_USAGE" name="RECORD_USAGE" type="NUMERIC"/>
        </loadUpdateData>
    </changeSet>       
    
      <changeSet author="hongyang.zhang (generated)" id="1452848392725-10">
        <loadUpdateData encoding="UTF-8" relativeToChangelogFile="true" file="20160117_164105_DataDict_DML_T_DD_BUSI_DATA_TABLE_RECORD.csv"  quotchar="&quot;" separator="," tableName="T_DD_BUSI_DATA_TABLE_RECORD"  primaryKey="RECORD_ID">
               <column header="RECORD_ID" name="RECORD_ID" type="NUMERIC"/>
            <column header="DATA_TABLE_ID" name="DATA_TABLE_ID" type="NUMERIC"/>
            <column header="DYNAMIC_FIELDS" name="DYNAMIC_FIELDS" type="STRING"/>
            <column header="RECORD_USAGE" name="RECORD_USAGE" type="NUMERIC"/>
        </loadUpdateData>
    </changeSet>          
    
    <changeSet author="hongyang.zhang (generated)" id="1452848392725-11">
        <loadUpdateData encoding="UTF-8" relativeToChangelogFile="true" file="20160117_164106_DataDict_DML_T_DD_BUSI_CODE_TABLE.csv"  quotchar="&quot;" separator="," tableName="T_DD_BUSI_CODE_TABLE"  primaryKey="CODE_TABLE_ID">
            <column header="CODE_TABLE_ID" name="CODE_TABLE_ID" type="NUMERIC"/>
            <column header="NAME" name="NAME" type="STRING"/>
            <column header="CODE_TABLE_TYPE" name="CODE_TABLE_TYPE" type="NUMERIC"/>
            <column header="ID_FIELD" name="ID_FIELD" type="STRING"/>
            <column header="CODE_FIELD" name="CODE_FIELD" type="STRING"/>
            <column header="DESC_FIELD" name="DESC_FIELD" type="STRING"/>
            <column header="SORT_FIELD" name="SORT_FIELD" type="STRING"/>
            <column header="CONTEXT_ID" name="CONTEXT_ID" type="NUMERIC"/>
            <column header="DATA_SOURCE" name="DATA_SOURCE" type="STRING"/>
            <column header="IS_SMALL" name="IS_SMALL" type="STRING"/>
            <column header="NEED_CACHE" name="NEED_CACHE" type="STRING"/>
            <column header="RECORD_USAGE" name="RECORD_USAGE" type="NUMERIC"/>
            <column header="CONDITION_FIELDS" name="CONDITION_FIELDS" type="STRING"/>
            <column header="NEED_MULTI_LANG" name="NEED_MULTI_LANG" type="STRING"/>
            <column header="DATA_TABLE_ID" name="DATA_TABLE_ID" type="NUMERIC"/>
        </loadUpdateData>
    </changeSet>        
    
  <changeSet author="hongyang.zhang (generated)" id="1452848392725-12">
        <loadUpdateData encoding="UTF-8" relativeToChangelogFile="true" file="20160117_164107_DataDict_DML_T_DD_BUSI_INDEX.csv"  quotchar="&quot;" separator="," tableName="T_DD_BUSI_INDEX"  primaryKey="INDEX_ID">
               <column header="INDEX_ID" name="INDEX_ID" type="NUMERIC"/>
            <column header="NAME" name="NAME" type="STRING"/>
            <column header="DESCRIPTION" name="DESCRIPTION" type="STRING"/>
            <column header="MODEL_ID" name="MODEL_ID" type="NUMERIC"/>
            <column header="SCHEMA_NAME" name="SCHEMA_NAME" type="STRING"/>
            <column header="DATA_PROVIDER_BEAN" name="DATA_PROVIDER_BEAN" type="STRING"/>
            <column header="REBUILD_DATA_PROVIDER_BEAN" name="REBUILD_DATA_PROVIDER_BEAN" type="STRING"/>
            <column header="RECORD_USAGE" name="RECORD_USAGE" type="NUMERIC"/>
        </loadUpdateData>
    </changeSet>            
    
  <changeSet author="hongyang.zhang (generated)" id="1452848392725-13">
        <loadUpdateData encoding="UTF-8" relativeToChangelogFile="true" file="20160117_164108_DataDict_DML_T_DD_BUSI_INDEX_FIELD.csv"  quotchar="&quot;" separator="," tableName="T_DD_BUSI_INDEX_FIELD"  primaryKey="INDEX_FIELD_ID">
           <column header="INDEX_FIELD_ID" name="INDEX_FIELD_ID" type="NUMERIC"/>
            <column header="INDEX_FIELD_NAME" name="INDEX_FIELD_NAME" type="STRING"/>
            <column header="INDEX_ID" name="INDEX_ID" type="NUMERIC"/>
            <column header="MODEL_ID" name="MODEL_ID" type="NUMERIC"/>
            <column header="FIELD_ID" name="FIELD_ID" type="NUMERIC"/>
            <column header="IS_FUZZY" name="IS_FUZZY" type="STRING"/>
            <column header="IS_CODE_TABLE" name="IS_CODE_TABLE" type="STRING"/>
            <column header="OBJECT_CODE" name="OBJECT_CODE" type="STRING"/>
            <column header="RECORD_USAGE" name="RECORD_USAGE" type="NUMERIC"/>
        </loadUpdateData>
    </changeSet>         
</databaseChangeLog>
