<?xml version="1.0" encoding="UTF-8" standalone="no"?>
<databaseChangeLog xmlns="http://www.liquibase.org/xml/ns/dbchangelog" xmlns:ext="http://www.liquibase.org/xml/ns/dbchangelog-ext" xmlns:xsi="http://www.w3.org/2001/XMLSchema-instance" xsi:schemaLocation="http://www.liquibase.org/xml/ns/dbchangelog-ext http://www.liquibase.org/xml/ns/dbchangelog/dbchangelog-ext.xsd http://www.liquibase.org/xml/ns/dbchangelog http://www.liquibase.org/xml/ns/dbchangelog/dbchangelog-3.3.xsd">
  <changeSet author="generated" id="201605101101_T_RI_GL_CASH_BALANCE_TYPE_ddl">
    <createTable tableName="T_RI_GL_CASH_BALANCE_TYPE">
      <column name="CB_TYPE" type="NUMBER(2, 0)">
        <constraints nullable="false"/>
      </column>
      <column name="DESCRIPTION" type="VARCHAR2(100)"/>
    </createTable>
  </changeSet>
  <changeSet author="generated" id="PK_GL_CASH_BALANCE_TYPE">
    <addPrimaryKey columnNames="CB_TYPE" constraintName="PK_GL_CASH_BALANCE_TYPE" tableName="T_RI_GL_CASH_BALANCE_TYPE"/>
  </changeSet>
</databaseChangeLog>
