<?xml version="1.0" encoding="UTF-8" standalone="no"?>
<databaseChangeLog xmlns="http://www.liquibase.org/xml/ns/dbchangelog" xmlns:ext="http://www.liquibase.org/xml/ns/dbchangelog-ext" xmlns:xsi="http://www.w3.org/2001/XMLSchema-instance" xsi:schemaLocation="http://www.liquibase.org/xml/ns/dbchangelog-ext http://www.liquibase.org/xml/ns/dbchangelog/dbchangelog-ext.xsd http://www.liquibase.org/xml/ns/dbchangelog http://www.liquibase.org/xml/ns/dbchangelog/dbchangelog-3.3.xsd">
    <changeSet author="generated" id="201605251645_T_RI_BCP_PAYMENT_DDL">
    	<addColumn tableName="T_RI_BCP_PAYMENT">
        <column name="VALUE_DATE" remarks="VALUE DATE" type="date"/>
        <column name="CHEQUE_NO" type="VARCHAR2(500)"/>
        <column name="CHEQUE_DATE" type="date"/>
        <column name="CHEQUE_HOLDER_NAME" type="VARCHAR2(500)"/>
    	</addColumn>
    </changeSet>
</databaseChangeLog>
