<?xml version="1.0" encoding="UTF-8" standalone="no"?>
<databaseChangeLog xmlns="http://www.liquibase.org/xml/ns/dbchangelog" xmlns:ext="http://www.liquibase.org/xml/ns/dbchangelog-ext" xmlns:xsi="http://www.w3.org/2001/XMLSchema-instance" xsi:schemaLocation="http://www.liquibase.org/xml/ns/dbchangelog-ext http://www.liquibase.org/xml/ns/dbchangelog/dbchangelog-ext.xsd http://www.liquibase.org/xml/ns/dbchangelog http://www.liquibase.org/xml/ns/dbchangelog/dbchangelog-3.3.xsd">

    <changeSet author="generated" id="2016041201_T_RI_CONT_DEDUCTIONS">
        <modifyDataType columnName="BROKERAGE2"
        	newDataType="NUMBER(15,2)"
        	tableName="T_RI_CONT_DEDUCTIONS"/>
    </changeSet>
    <changeSet author="generated" id="2016041202_T_RI_CONT_DEDUCTIONS_LOG">
        <modifyDataType columnName="BROKERAGE2"
        	newDataType="NUMBER(15,2)"
        	tableName="T_RI_CONT_DEDUCTIONS_LOG"/>
    </changeSet>
    
    <changeSet author="generated" id="2016041203_T_RI_CONTRACT_ENDO">
        <modifyDataType columnName="CLIENT_ENDO_NO"
        	newDataType="VARCHAR2(30)"
        	tableName="T_RI_CONTRACT_ENDO"/>
    </changeSet>
    
    <changeSet author="generated" id="2016041204_T_RI_CONT_OPERATE_TYPE">
        <dropColumn tableName="T_RI_CONT_OPERATE_TYPE">
            <column name="NEXT_STEP_ID" type="VARCHAR2(2)"/>
        </dropColumn>
    </changeSet>
    
    <changeSet author="generated" id="PK_T_RI_MENUS">
        <addPrimaryKey columnNames="MENU_ID" constraintName="PK_T_RI_MENUS" tableName="T_RI_MENUS"/>
    </changeSet>
    
    <changeSet author="generated" id="PK_T_RI_CONT_PREMIUM_ITEM_TYPE">
        <addPrimaryKey columnNames="TYPE_ID" constraintName="PK_T_RI_CONT_PREMIUM_ITEM_TYPE" tableName="T_RI_CONT_PREMIUM_ITEM_TYPE"/>
    </changeSet>
    
</databaseChangeLog>