<?xml version="1.0" encoding="UTF-8" standalone="no"?>
<databaseChangeLog xmlns="http://www.liquibase.org/xml/ns/dbchangelog" xmlns:ext="http://www.liquibase.org/xml/ns/dbchangelog-ext" xmlns:xsi="http://www.w3.org/2001/XMLSchema-instance" xsi:schemaLocation="http://www.liquibase.org/xml/ns/dbchangelog-ext http://www.liquibase.org/xml/ns/dbchangelog/dbchangelog-ext.xsd http://www.liquibase.org/xml/ns/dbchangelog http://www.liquibase.org/xml/ns/dbchangelog/dbchangelog-3.3.xsd">
  <changeSet author="generated" id="20160408_190001_Document_dml_init">
    <insert tableName="T_RI_CM_DOCUMENT_CATEGORY">
      <column name="DOCUMENT_CATEGORY_ID" valueNumeric="1"/>
      <column name="DOCUMENT_CATEGORY_CODE" value="1"/>
      <column name="DOCUMENT_CATEGORY_NAME" value="New Business"/>
      <column name="BUSINESS_TYPE" value="1"/>
      <column name="INSERT_BY"/>
      <column name="INSERT_TIME"/>
      <column name="UPDATE_BY"/>
      <column name="UPDATE_TIME"/>
    </insert>
    <insert tableName="T_RI_CM_DOCUMENT_CATEGORY">
      <column name="DOCUMENT_CATEGORY_ID" valueNumeric="2"/>
      <column name="DOCUMENT_CATEGORY_CODE" value="2"/>
      <column name="DOCUMENT_CATEGORY_NAME" value="Endorsement"/>
      <column name="BUSINESS_TYPE" value="1"/>
      <column name="INSERT_BY"/>
      <column name="INSERT_TIME"/>
      <column name="UPDATE_BY"/>
      <column name="UPDATE_TIME"/>
    </insert>
    <insert tableName="T_RI_CM_DOCUMENT_CATEGORY">
      <column name="DOCUMENT_CATEGORY_ID" valueNumeric="3"/>
      <column name="DOCUMENT_CATEGORY_CODE" value="3"/>
      <column name="DOCUMENT_CATEGORY_NAME" value="General files- Loss advice"/>
      <column name="BUSINESS_TYPE" value="2"/>
      <column name="INSERT_BY"/>
      <column name="INSERT_TIME"/>
      <column name="UPDATE_BY"/>
      <column name="UPDATE_TIME"/>
    </insert>
    <insert tableName="T_RI_CM_DOCUMENT_CATEGORY">
      <column name="DOCUMENT_CATEGORY_ID" valueNumeric="4"/>
      <column name="DOCUMENT_CATEGORY_CODE" value="4"/>
      <column name="DOCUMENT_CATEGORY_NAME" value="General files- Settlement advice"/>
      <column name="BUSINESS_TYPE" value="2"/>
      <column name="INSERT_BY"/>
      <column name="INSERT_TIME"/>
      <column name="UPDATE_BY"/>
      <column name="UPDATE_TIME"/>
    </insert>
    <insert tableName="T_RI_CM_DOCUMENT_CATEGORY">
      <column name="DOCUMENT_CATEGORY_ID" valueNumeric="5"/>
      <column name="DOCUMENT_CATEGORY_CODE" value="5"/>
      <column name="DOCUMENT_CATEGORY_NAME" value="Sent files- Large claims/events"/>
      <column name="BUSINESS_TYPE" value="2"/>
      <column name="INSERT_BY"/>
      <column name="INSERT_TIME"/>
      <column name="UPDATE_BY"/>
      <column name="UPDATE_TIME"/>
    </insert>
    <insert tableName="T_RI_CM_DOCUMENT_CATEGORY">
      <column name="DOCUMENT_CATEGORY_ID" valueNumeric="6"/>
      <column name="DOCUMENT_CATEGORY_CODE" value="6"/>
      <column name="DOCUMENT_CATEGORY_NAME" value="General files- General advice"/>
      <column name="BUSINESS_TYPE" value="2"/>
      <column name="INSERT_BY"/>
      <column name="INSERT_TIME"/>
      <column name="UPDATE_BY"/>
      <column name="UPDATE_TIME"/>
    </insert>
    <insert tableName="T_RI_CM_DOCUMENT_CATEGORY">
      <column name="DOCUMENT_CATEGORY_ID" valueNumeric="7"/>
      <column name="DOCUMENT_CATEGORY_CODE" value="7"/>
      <column name="DOCUMENT_CATEGORY_NAME" value="Sent files- Large settlement amount"/>
      <column name="BUSINESS_TYPE" value="2"/>
      <column name="INSERT_BY"/>
      <column name="INSERT_TIME"/>
      <column name="UPDATE_BY"/>
      <column name="UPDATE_TIME"/>
    </insert>
    <insert tableName="T_RI_CM_DOCUMENT_CATEGORY">
      <column name="DOCUMENT_CATEGORY_ID" valueNumeric="8"/>
      <column name="DOCUMENT_CATEGORY_CODE" value="8"/>
      <column name="DOCUMENT_CATEGORY_NAME" value="Approval- supporting files- Cash Call approval"/>
      <column name="BUSINESS_TYPE" value="2"/>
      <column name="INSERT_BY"/>
      <column name="INSERT_TIME"/>
      <column name="UPDATE_BY"/>
      <column name="UPDATE_TIME"/>
    </insert>
    <insert tableName="T_RI_CM_DOCUMENT_CATEGORY">
      <column name="DOCUMENT_CATEGORY_ID" valueNumeric="9"/>
      <column name="DOCUMENT_CATEGORY_CODE" value="9"/>
      <column name="DOCUMENT_CATEGORY_NAME" value="Approval- supporting files- LLA approval"/>
      <column name="BUSINESS_TYPE" value="2"/>
      <column name="INSERT_BY"/>
      <column name="INSERT_TIME"/>
      <column name="UPDATE_BY"/>
      <column name="UPDATE_TIME"/>
    </insert>
    <insert tableName="T_RI_CM_DOCUMENT_CATEGORY">
      <column name="DOCUMENT_CATEGORY_ID" valueNumeric="10"/>
      <column name="DOCUMENT_CATEGORY_CODE" value="10"/>
      <column name="DOCUMENT_CATEGORY_NAME" value="Business Partner Information"/>
      <column name="BUSINESS_TYPE" value="3"/>
      <column name="INSERT_BY"/>
      <column name="INSERT_TIME"/>
      <column name="UPDATE_BY"/>
      <column name="UPDATE_TIME"/>
    </insert>
    <insert tableName="T_RI_CM_DOCUMENT_CATEGORY">
      <column name="DOCUMENT_CATEGORY_ID" valueNumeric="11"/>
      <column name="DOCUMENT_CATEGORY_CODE" value="11"/>
      <column name="DOCUMENT_CATEGORY_NAME" value="Signed Compliance Checklist"/>
      <column name="BUSINESS_TYPE" value="3"/>
      <column name="INSERT_BY"/>
      <column name="INSERT_TIME"/>
      <column name="UPDATE_BY"/>
      <column name="UPDATE_TIME"/>
    </insert>
    <insert tableName="T_RI_CM_DOCUMENT_CATEGORY">
      <column name="DOCUMENT_CATEGORY_ID" valueNumeric="12"/>
      <column name="DOCUMENT_CATEGORY_CODE" value="12"/>
      <column name="DOCUMENT_CATEGORY_NAME" value="New Statement"/>
      <column name="BUSINESS_TYPE" value="4"/>
      <column name="INSERT_BY"/>
      <column name="INSERT_TIME"/>
      <column name="UPDATE_BY"/>
      <column name="UPDATE_TIME"/>
    </insert>
    <insert tableName="T_RI_CM_DOCUMENT_CATEGORY">
      <column name="DOCUMENT_CATEGORY_ID" valueNumeric="13"/>
      <column name="DOCUMENT_CATEGORY_CODE" value="13"/>
      <column name="DOCUMENT_CATEGORY_NAME" value="IBNR"/>
      <column name="BUSINESS_TYPE" value="4"/>
      <column name="INSERT_BY"/>
      <column name="INSERT_TIME"/>
      <column name="UPDATE_BY"/>
      <column name="UPDATE_TIME"/>
    </insert>
  </changeSet>
</databaseChangeLog>
