<?xml version="1.0" encoding="UTF-8" standalone="no"?>
<databaseChangeLog xmlns="http://www.liquibase.org/xml/ns/dbchangelog" xmlns:ext="http://www.liquibase.org/xml/ns/dbchangelog-ext" xmlns:xsi="http://www.w3.org/2001/XMLSchema-instance" xsi:schemaLocation="http://www.liquibase.org/xml/ns/dbchangelog-ext http://www.liquibase.org/xml/ns/dbchangelog/dbchangelog-ext.xsd http://www.liquibase.org/xml/ns/dbchangelog http://www.liquibase.org/xml/ns/dbchangelog/dbchangelog-3.3.xsd">
  <changeSet author="generated" id="20160408_190001_Document_ddl_init">
    <createTable tableName="T_RI_CM_DOCUMENT_CATEGORY">
      <column name="DOCUMENT_CATEGORY_ID" type="NUMBER">
        <constraints nullable="false"/>
      </column>
      <column name="DOCUMENT_CATEGORY_CODE" type="VARCHAR2(50)"/>
      <column name="DOCUMENT_CATEGORY_NAME" type="VARCHAR2(50)"/>
      <column name="BUSINESS_TYPE" type="VARCHAR2(1)"/>
      <column name="INSERT_BY" type="NUMBER"/>
      <column name="INSERT_TIME" type="date"/>
      <column name="UPDATE_BY" type="NUMBER"/>
      <column name="UPDATE_TIME" type="date"/>
    </createTable>
  </changeSet>
  <changeSet author="generated" id="PK_DOCUMENT_CATEGORY_ID">
    <addPrimaryKey columnNames="DOCUMENT_CATEGORY_ID" constraintName="PK_DOCUMENT_CATEGORY_ID" tableName="T_RI_CM_DOCUMENT_CATEGORY"/>
  </changeSet>
</databaseChangeLog>
