<?xml version="1.0" encoding="UTF-8" standalone="no"?>
<databaseChangeLog xmlns="http://www.liquibase.org/xml/ns/dbchangelog"
	xmlns:ext="http://www.liquibase.org/xml/ns/dbchangelog-ext" xmlns:xsi="http://www.w3.org/2001/XMLSchema-instance"
	xsi:schemaLocation="http://www.liquibase.org/xml/ns/dbchangelog-ext http://www.liquibase.org/xml/ns/dbchangelog/dbchangelog-ext.xsd http://www.liquibase.org/xml/ns/dbchangelog http://www.liquibase.org/xml/ns/dbchangelog/dbchangelog-3.3.xsd">
	<changeSet author="generated" id="2016041417_CLAIM_T_RI_CLAIM_RESERVE">
		<addColumn tableName="T_RI_CLAIM_RESERVE">
			<column name="RELATED_RESERVE_ID" remarks="related financial reserve id" type="NUMBER(10)" />
		</addColumn>
	</changeSet>
	<changeSet author="generated" id="2016041416_CLAIM_T_RI_CLAIM_RESERVE_LOG">
		<addColumn tableName="T_RI_CLAIM_RESERVE_LOG">
			<column name="RELATED_RESERVE_ID" remarks="related financial reserve id" type="NUMBER(10)" />
		</addColumn>
	</changeSet>
	<changeSet author="generated" id="2016041415_CLAIM_T_RI_CLAIM_SETTLEMENT_ITEM">
		<addColumn tableName="T_RI_CLAIM_SETTLEMENT_ITEM">
			<column name="RELATED_SETTLE_DETAIL_ID" remarks="related financial settlementItem id" type="NUMBER(10)" />
		</addColumn>
	</changeSet>
</databaseChangeLog>
