<?xml version="1.0" encoding="UTF-8" standalone="no"?>
<databaseChangeLog xmlns="http://www.liquibase.org/xml/ns/dbchangelog" xmlns:ext="http://www.liquibase.org/xml/ns/dbchangelog-ext" xmlns:xsi="http://www.w3.org/2001/XMLSchema-instance" xsi:schemaLocation="http://www.liquibase.org/xml/ns/dbchangelog-ext http://www.liquibase.org/xml/ns/dbchangelog/dbchangelog-ext.xsd http://www.liquibase.org/xml/ns/dbchangelog http://www.liquibase.org/xml/ns/dbchangelog/dbchangelog-3.3.xsd">
    <changeSet author="generated" id="T_RM_TRACKING">
        <createTable tableName="T_RM_TRACKING">
            <column name="TRACKING_ID" type="NUMBER(10, 0)">
                <constraints nullable="false"/>
            </column>
            <column name="TRACKING_CONTENT" remarks="Tracking content" type="CLOB"/>
            <column name="TRACKING_TIME" remarks="Tracking time" type="TIMESTAMP"/>
            <column name="OPERATOR_ID" remarks="Operator ID" type="NUMBER(10, 0)"/>
            <column name="STATUS" remarks="Status (P: passed, E: failed)" type="VARCHAR2(1)"/>
            <column name="RULE_LEVEL" remarks="Rule level" type="VARCHAR2(200)"/>
            <column name="CONTEXT_VALUES" remarks="Context values" type="VARCHAR2(4000)"/>
            <column defaultValueComputed="-11" name="INSERT_BY" remarks="User Id who insert this record,Refer T_PUB_USER" type="NUMBER(10, 0)">
                <constraints nullable="false"/>
            </column>
            <column defaultValueComputed="-11" name="UPDATE_BY" remarks="User Id who update this record,Refer T_PUB_USER" type="NUMBER(10, 0)">
                <constraints nullable="false"/>
            </column>
            <column defaultValueComputed="CURRENT_TIMESTAMP" name="INSERT_TIME" remarks="Record Insert Time" type="TIMESTAMP">
                <constraints nullable="false"/>
            </column>
            <column defaultValueComputed="CURRENT_TIMESTAMP" name="UPDATE_TIME" remarks="Record Update Time" type="TIMESTAMP">
                <constraints nullable="false"/>
            </column>
            <column name="RECORD_USAGE" remarks="Record usage for definition data,ref T_PUB_RECORD_USAGE" type="NUMBER(1, 0)"/>
            <column name="EVENT_ID" remarks="Event ID" type="NUMBER(10, 0)"/>
        </createTable>
    </changeSet>
    <changeSet author="generated" id="PK_RM_TRACKING_ID">
        <addPrimaryKey columnNames="TRACKING_ID" constraintName="PK_RM_TRACKING_ID" tableName="T_RM_TRACKING"/>
    </changeSet>
</databaseChangeLog>
