<?xml version="1.0" encoding="UTF-8" standalone="no"?>
<databaseChangeLog xmlns="http://www.liquibase.org/xml/ns/dbchangelog" xmlns:ext="http://www.liquibase.org/xml/ns/dbchangelog-ext" xmlns:xsi="http://www.w3.org/2001/XMLSchema-instance" xsi:schemaLocation="http://www.liquibase.org/xml/ns/dbchangelog-ext http://www.liquibase.org/xml/ns/dbchangelog/dbchangelog-ext.xsd http://www.liquibase.org/xml/ns/dbchangelog http://www.liquibase.org/xml/ns/dbchangelog/dbchangelog-3.4.xsd">
    <changeSet author="jason.shi (generated)" id="1453715158642-1" dbms="oracle">
        <setColumnRemarks columnName="APPLICABLE_CONDITION" remarks="Applicable condition" tableName="T_RM_EVENT_GROUP_MAPPING"/>
    </changeSet>
    <changeSet author="jason.shi (generated)" id="1453715158642-2" dbms="oracle">
        <setColumnRemarks columnName="APPLICABLE_CONDITION" remarks="Applicable condition" tableName="T_RM_EVENT_RULE_MAPPING"/>
    </changeSet>
    <changeSet author="jason.shi (generated)" id="1453715158642-3" dbms="oracle">
        <setColumnRemarks columnName="APPLICABLE_CONDITION" remarks="Applicable condition" tableName="T_RM_GROUP"/>
    </changeSet>
    <changeSet author="jason.shi (generated)" id="1453715158642-4" dbms="oracle">
        <setColumnRemarks columnName="APPLICABLE_CONDITION" remarks="Applicable condition" tableName="T_RM_RULE"/>
    </changeSet>
    <changeSet author="jason.shi (generated)" id="1453715158642-5" dbms="oracle">
        <setColumnRemarks columnName="CODE" remarks="Event code" tableName="T_RM_EVENT"/>
    </changeSet>
    <changeSet author="jason.shi (generated)" id="1453715158642-6" dbms="oracle">
        <setColumnRemarks columnName="CONTENT" remarks="Rule content" tableName="T_RM_RULE"/>
    </changeSet>
    <changeSet author="jason.shi (generated)" id="1453715158642-7" dbms="oracle">
        <setColumnRemarks columnName="CONTEXT_FIELDS" remarks="Context fields" tableName="T_RM_CONTEXT_TYPE"/>
    </changeSet>
    <changeSet author="jason.shi (generated)" id="1453715158642-8" dbms="oracle">
        <setColumnRemarks columnName="CONTEXT_ID" remarks="Context ID" tableName="T_RM_EVENT_GROUP_MAPPING"/>
    </changeSet>
    <changeSet author="jason.shi (generated)" id="1453715158642-9" dbms="oracle">
        <setColumnRemarks columnName="CONTEXT_ID" remarks="Context ID" tableName="T_RM_EVENT_RULE_MAPPING"/>
    </changeSet>
    <changeSet author="jason.shi (generated)" id="1453715158642-10" dbms="oracle">
        <setColumnRemarks columnName="CONTEXT_PARAMS" remarks="Context parameters" tableName="T_RM_CONTEXT"/>
    </changeSet>
    <changeSet author="jason.shi (generated)" id="1453715158642-11" dbms="oracle">
        <setColumnRemarks columnName="CONTEXT_TYPE" remarks="Context type" tableName="T_RM_CONTEXT"/>
    </changeSet>
    <changeSet author="jason.shi (generated)" id="1453715158642-12" dbms="oracle">
        <setColumnRemarks columnName="DESCRIPTION" remarks="Context definition" tableName="T_RM_CONTEXT"/>
    </changeSet>
    <changeSet author="jason.shi (generated)" id="1453715158642-13" dbms="oracle">
        <setColumnRemarks columnName="DESCRIPTION" remarks="Context type description" tableName="T_RM_CONTEXT_TYPE"/>
    </changeSet>
    <changeSet author="jason.shi (generated)" id="1453715158642-14" dbms="oracle">
        <setColumnRemarks columnName="DESCRIPTION" remarks="Driver description" tableName="T_RM_DRIVER"/>
    </changeSet>
    <changeSet author="jason.shi (generated)" id="1453715158642-15" dbms="oracle">
        <setColumnRemarks columnName="DESCRIPTION" remarks="Driver description" tableName="T_RM_DRIVER_TYPE"/>
    </changeSet>
    <changeSet author="jason.shi (generated)" id="1453715158642-16" dbms="oracle">
        <setColumnRemarks columnName="DESCRIPTION" remarks="Event description" tableName="T_RM_EVENT"/>
    </changeSet>
    <changeSet author="jason.shi (generated)" id="1453715158642-17" dbms="oracle">
        <setColumnRemarks columnName="DESCRIPTION" remarks="Event description" tableName="T_RM_EVENT_TYPE"/>
    </changeSet>
    <changeSet author="jason.shi (generated)" id="1453715158642-18" dbms="oracle">
        <setColumnRemarks columnName="DESCRIPTION" remarks="Group description" tableName="T_RM_GROUP"/>
    </changeSet>
    <changeSet author="jason.shi (generated)" id="1453715158642-19" dbms="oracle">
        <setColumnRemarks columnName="DESCRIPTION" remarks="Rule description" tableName="T_RM_RULE"/>
    </changeSet>
    <changeSet author="jason.shi (generated)" id="1453715158642-20" dbms="oracle">
        <setColumnRemarks columnName="DESCRIPTION" remarks="Tag description" tableName="T_RM_TAG"/>
    </changeSet>
    <changeSet author="jason.shi (generated)" id="1453715158642-21" dbms="oracle">
        <setColumnRemarks columnName="DRIVER_ID" remarks="Driver ID" tableName="T_RM_EVENT"/>
    </changeSet>
    <changeSet author="jason.shi (generated)" id="1453715158642-22" dbms="oracle">
        <setColumnRemarks columnName="DRIVER_TYPE" remarks="Driver type, ref T_RM_DRIVER_TYPE" tableName="T_RM_DRIVER"/>
    </changeSet>
    <changeSet author="jason.shi (generated)" id="1453715158642-23" dbms="oracle">
        <setColumnRemarks columnName="EVENT_ID" remarks="Event ID" tableName="T_RM_EVENT_GROUP_MAPPING"/>
    </changeSet>
    <changeSet author="jason.shi (generated)" id="1453715158642-24" dbms="oracle">
        <setColumnRemarks columnName="EVENT_ID" remarks="Event ID" tableName="T_RM_EVENT_RULE_MAPPING"/>
    </changeSet>
    <changeSet author="jason.shi (generated)" id="1453715158642-25" dbms="oracle">
        <setColumnRemarks columnName="EVENT_TYPE" remarks="Event type" tableName="T_RM_EVENT"/>
    </changeSet>
    <changeSet author="jason.shi (generated)" id="1453715158642-26" dbms="oracle">
        <setColumnRemarks columnName="FIXED_EVENT_CODE" remarks="Fixed event code" tableName="T_RM_DRIVER_TYPE"/>
    </changeSet>
    <changeSet author="jason.shi (generated)" id="1453715158642-27" dbms="oracle">
        <setColumnRemarks columnName="GROUP_ID" remarks="Rule group ID" tableName="T_RM_EVENT_GROUP_MAPPING"/>
    </changeSet>
    <changeSet author="jason.shi (generated)" id="1453715158642-28" dbms="oracle">
        <setColumnRemarks columnName="GROUP_ID" remarks="Group ID" tableName="T_RM_GROUP_RULE_MAPPING"/>
    </changeSet>
    <changeSet author="jason.shi (generated)" id="1453715158642-29" dbms="oracle">
        <setColumnRemarks columnName="GROUP_ID_OLD" remarks="Group old ID" tableName="T_RM_GROUP"/>
    </changeSet>
    <changeSet author="jason.shi (generated)" id="1453715158642-30" dbms="oracle">
        <setColumnRemarks columnName="NAME" remarks="Context name" tableName="T_RM_CONTEXT"/>
    </changeSet>
    <changeSet author="jason.shi (generated)" id="1453715158642-31" dbms="oracle">
        <setColumnRemarks columnName="NAME" remarks="Context type name" tableName="T_RM_CONTEXT_TYPE"/>
    </changeSet>
    <changeSet author="jason.shi (generated)" id="1453715158642-32" dbms="oracle">
        <setColumnRemarks columnName="NAME" remarks="Driver name" tableName="T_RM_DRIVER"/>
    </changeSet>
    <changeSet author="jason.shi (generated)" id="1453715158642-33" dbms="oracle">
        <setColumnRemarks columnName="NAME" remarks="Driver type name" tableName="T_RM_DRIVER_TYPE"/>
    </changeSet>
    <changeSet author="jason.shi (generated)" id="1453715158642-34" dbms="oracle">
        <setColumnRemarks columnName="NAME" remarks="Event name" tableName="T_RM_EVENT"/>
    </changeSet>
    <changeSet author="jason.shi (generated)" id="1453715158642-35" dbms="oracle">
        <setColumnRemarks columnName="NAME" remarks="Event name" tableName="T_RM_EVENT_TYPE"/>
    </changeSet>
    <changeSet author="jason.shi (generated)" id="1453715158642-36" dbms="oracle">
        <setColumnRemarks columnName="NAME" remarks="Group name" tableName="T_RM_GROUP"/>
    </changeSet>
    <changeSet author="jason.shi (generated)" id="1453715158642-37" dbms="oracle">
        <setColumnRemarks columnName="NAME" remarks="Rule name" tableName="T_RM_RULE"/>
    </changeSet>
    <changeSet author="jason.shi (generated)" id="1453715158642-38" dbms="oracle">
        <setColumnRemarks columnName="NAME" remarks="Tag name" tableName="T_RM_TAG"/>
    </changeSet>
    <changeSet author="jason.shi (generated)" id="1453715158642-39" dbms="oracle">
        <setColumnRemarks columnName="RULE_ID" remarks="Rule ID" tableName="T_RM_EVENT_RULE_MAPPING"/>
    </changeSet>
    <changeSet author="jason.shi (generated)" id="1453715158642-40" dbms="oracle">
        <setColumnRemarks columnName="RULE_ID" remarks="Rule ID" tableName="T_RM_GROUP_RULE_MAPPING"/>
    </changeSet>
    <changeSet author="jason.shi (generated)" id="1453715158642-41" dbms="oracle">
        <setColumnRemarks columnName="RULE_ID_OLD" remarks="Rule old ID" tableName="T_RM_RULE"/>
    </changeSet>
    <changeSet author="jason.shi (generated)" id="1453715158642-42" dbms="oracle">
        <setColumnRemarks columnName="RULE_LEVEL" remarks="Rule level" tableName="T_RM_RULE"/>
    </changeSet>
    <changeSet author="jason.shi (generated)" id="1453715158642-43" dbms="oracle">
        <setColumnRemarks columnName="RULE_NO" remarks="Rule number" tableName="T_RM_RULE"/>
    </changeSet>
    <changeSet author="jason.shi (generated)" id="1453715158642-44" dbms="oracle">
        <setColumnRemarks columnName="RUN_PRIORITY" remarks="Rule priority" tableName="T_RM_EVENT_GROUP_MAPPING"/>
    </changeSet>
    <changeSet author="jason.shi (generated)" id="1453715158642-45" dbms="oracle">
        <setColumnRemarks columnName="RUN_PRIORITY" remarks="Rule priority" tableName="T_RM_EVENT_RULE_MAPPING"/>
    </changeSet>
    <changeSet author="jason.shi (generated)" id="1453715158642-46" dbms="oracle">
        <setColumnRemarks columnName="RUN_PRIORITY" remarks="Run priority" tableName="T_RM_GROUP_RULE_MAPPING"/>
    </changeSet>
    <changeSet author="jason.shi (generated)" id="1453715158642-47" dbms="oracle">
        <setColumnRemarks columnName="STATUS" remarks="Status (0: inactive, 1: active)" tableName="T_RM_RULE"/>
    </changeSet>
    <changeSet author="jason.shi (generated)" id="1453715158642-48" dbms="oracle">
        <setColumnRemarks columnName="SUPPORT_EVENT_TYPES" remarks="Support event types" tableName="T_RM_DRIVER_TYPE"/>
    </changeSet>
    <changeSet author="jason.shi (generated)" id="1453715158642-49" dbms="oracle">
        <setColumnRemarks columnName="TAG_IDS" remarks="Tag ID" tableName="T_RM_EVENT"/>
    </changeSet>
    <changeSet author="jason.shi (generated)" id="1453715158642-50" dbms="oracle">
        <setColumnRemarks columnName="TAG_IDS" remarks="Tag IDs" tableName="T_RM_GROUP"/>
    </changeSet>
    <changeSet author="jason.shi (generated)" id="1453715158642-51" dbms="oracle">
        <setColumnRemarks columnName="TAG_IDS" remarks="Tag IDs" tableName="T_RM_RULE"/>
    </changeSet>
</databaseChangeLog>
