<?xml version="1.0" encoding="UTF-8" standalone="no"?>
<databaseChangeLog xmlns="http://www.liquibase.org/xml/ns/dbchangelog" xmlns:ext="http://www.liquibase.org/xml/ns/dbchangelog-ext" xmlns:xsi="http://www.w3.org/2001/XMLSchema-instance" xsi:schemaLocation="http://www.liquibase.org/xml/ns/dbchangelog-ext http://www.liquibase.org/xml/ns/dbchangelog/dbchangelog-ext.xsd http://www.liquibase.org/xml/ns/dbchangelog http://www.liquibase.org/xml/ns/dbchangelog/dbchangelog-3.3.xsd">
    <changeSet author="generated" id="20160302_164208_T_RI_ACCT_SEGMENT">
        <createTable tableName="T_RI_ACCT_SEGMENT">
            <column name="SEGMENT_ID" remarks="segment id" type="NUMBER(12, 0)">
                <constraints nullable="false"/>
            </column>
            <column name="SEGMENT_CODE" remarks="segment code" type="VARCHAR2(20)">
                <constraints nullable="false"/>
            </column>
            <column name="SEGMENT_NAME" remarks="segment name" type="VARCHAR2(200)">
                <constraints nullable="false"/>
            </column>
            <column name="STATUS" remarks="status" type="NUMBER(1, 0)">
                <constraints nullable="false"/>
            </column>
            <column name="COB" remarks="class of business" type="VARCHAR2(2)"/>
            <column name="CEDENT_COUNTRY" remarks="cedent country" type="VARCHAR2(2)"/>
            <column name="UW_YEAR" remarks="underwriting year" type="date"/>
            <column name="CONTRACT_NATURE" remarks="contract nature" type="VARCHAR2(2)"/>
            <column defaultValueComputed="-11" name="INSERT_BY" type="NUMBER(12, 0)">
                <constraints nullable="false"/>
            </column>
            <column defaultValueComputed="-11" name="UPDATE_BY" type="NUMBER(12, 0)">
                <constraints nullable="false"/>
            </column>
            <column defaultValueComputed="sysdate" name="INSERT_TIME" type="date">
                <constraints nullable="false"/>
            </column>
            <column defaultValueComputed="sysdate" name="UPDATE_TIME" type="date">
                <constraints nullable="false"/>
            </column>
        </createTable>
    </changeSet>
    <changeSet author="generated" id="PK_T_RI_ACCT_SEGMENT">
        <addPrimaryKey columnNames="SEGMENT_ID" constraintName="PK_T_RI_ACCT_SEGMENT" tableName="T_RI_ACCT_SEGMENT"/>
    </changeSet>
</databaseChangeLog>
