<?xml version="1.0" encoding="UTF-8" standalone="no"?>
<databaseChangeLog xmlns="http://www.liquibase.org/xml/ns/dbchangelog" xmlns:ext="http://www.liquibase.org/xml/ns/dbchangelog-ext" xmlns:xsi="http://www.w3.org/2001/XMLSchema-instance" xsi:schemaLocation="http://www.liquibase.org/xml/ns/dbchangelog-ext http://www.liquibase.org/xml/ns/dbchangelog/dbchangelog-ext.xsd http://www.liquibase.org/xml/ns/dbchangelog http://www.liquibase.org/xml/ns/dbchangelog/dbchangelog-3.3.xsd">
    <changeSet author="generated" id="20160302_164202_T_RI_ACCT_ESTIMATE_ITEM">
        <createTable remarks="Estimate items" tableName="T_RI_ACCT_ESTIMATE_ITEM">
            <column name="ITEM_ID" remarks="item id" type="NUMBER(12, 0)">
                <constraints nullable="false"/>
            </column>
            <column name="ESTIMATE_ID" remarks="estimate id" type="NUMBER(12, 0)">
                <constraints nullable="false"/>
            </column>
            <column name="ENTRY_CODE" remarks="entry code" type="CHAR(4)">
                <constraints nullable="false"/>
            </column>
            <column name="AMOUNT" remarks="amount" type="NUMBER(20, 2)">
                <constraints nullable="false"/>
            </column>
            <column name="STATUS" remarks="status" type="NUMBER(1, 0)">
                <constraints nullable="false"/>
            </column>
            <column defaultValueComputed="-11" name="INSERT_BY" type="NUMBER(12, 0)">
                <constraints nullable="false"/>
            </column>
            <column defaultValueComputed="-11" name="UPDATE_BY" type="NUMBER(12, 0)">
                <constraints nullable="false"/>
            </column>
            <column defaultValueComputed="sysdate" name="INSERT_TIME" type="date">
                <constraints nullable="false"/>
            </column>
            <column defaultValueComputed="sysdate" name="UPDATE_TIME" type="date">
                <constraints nullable="false"/>
            </column>
        </createTable>
    </changeSet>
    <changeSet author="generated" id="PK_T_RI_ACCT_ESTIMATE_ITEM">
        <addPrimaryKey columnNames="ITEM_ID" constraintName="PK_T_RI_ACCT_ESTIMATE_ITEM" tableName="T_RI_ACCT_ESTIMATE_ITEM"/>
    </changeSet>
</databaseChangeLog>
