<?xml version="1.0" encoding="UTF-8" standalone="no"?>
<databaseChangeLog xmlns="http://www.liquibase.org/xml/ns/dbchangelog" xmlns:ext="http://www.liquibase.org/xml/ns/dbchangelog-ext" xmlns:xsi="http://www.w3.org/2001/XMLSchema-instance" xsi:schemaLocation="http://www.liquibase.org/xml/ns/dbchangelog-ext http://www.liquibase.org/xml/ns/dbchangelog/dbchangelog-ext.xsd http://www.liquibase.org/xml/ns/dbchangelog http://www.liquibase.org/xml/ns/dbchangelog/dbchangelog-3.3.xsd">
    <changeSet author="generated" id="20160302_164206_T_RI_ACCT_IBNR_INFO">
        <createTable tableName="T_RI_ACCT_IBNR_INFO">
            <column name="ID" remarks="id" type="NUMBER(12, 0)">
                <constraints nullable="false"/>
            </column>
            <column name="SEGMENT_ID" remarks="segment id" type="NUMBER(12, 0)">
                <constraints nullable="false"/>
            </column>
            <column name="UW_YEAR" remarks="underwriting year" type="VARCHAR2(4)"/>
            <column name="FN_QUARTER" remarks="financial quarter" type="VARCHAR2(6)"/>
            <column name="AMOUNT" remarks="amount" type="NUMBER(18, 2)"/>
            <column name="STATUS" remarks="status" type="VARCHAR2(1)"/>
            <column name="UPLOAD_ID" remarks="primary key of file uploading" type="NUMBER(12, 0)">
                <constraints nullable="false"/>
            </column>
            <column defaultValueComputed="-11" name="INSERT_BY" type="NUMBER(12, 0)">
                <constraints nullable="false"/>
            </column>
            <column defaultValueComputed="-11" name="UPDATE_BY" type="NUMBER(12, 0)">
                <constraints nullable="false"/>
            </column>
            <column defaultValueComputed="sysdate" name="INSERT_TIME" type="date">
                <constraints nullable="false"/>
            </column>
            <column defaultValueComputed="sysdate" name="UPDATE_TIME" type="date">
                <constraints nullable="false"/>
            </column>
        </createTable>
    </changeSet>
    <changeSet author="generated" id="PK_T_RI_ACCT_IBNR_INFO">
        <addPrimaryKey columnNames="ID" constraintName="PK_T_RI_ACCT_IBNR_INFO" tableName="T_RI_ACCT_IBNR_INFO"/>
    </changeSet>
</databaseChangeLog>
