<?xml version="1.0" encoding="UTF-8" standalone="no"?>
<databaseChangeLog xmlns="http://www.liquibase.org/xml/ns/dbchangelog" xmlns:ext="http://www.liquibase.org/xml/ns/dbchangelog-ext" xmlns:xsi="http://www.w3.org/2001/XMLSchema-instance" xsi:schemaLocation="http://www.liquibase.org/xml/ns/dbchangelog-ext http://www.liquibase.org/xml/ns/dbchangelog/dbchangelog-ext.xsd http://www.liquibase.org/xml/ns/dbchangelog http://www.liquibase.org/xml/ns/dbchangelog/dbchangelog-3.3.xsd">
    <changeSet author="generated" id="20160302_164207_T_RI_ACCT_QUARTER_CLOSING">
        <createTable tableName="T_RI_ACCT_QUARTER_CLOSING">
            <column name="QUARTER_ID" remarks="quarter id" type="NUMBER(12, 0)">
                <constraints nullable="false"/>
            </column>
            <column name="FINANCIAL_YEAR" remarks="financial year" type="NUMBER(4, 0)"/>
            <column name="FINANCIAL_QUARTER" remarks="financial quarter" type="NUMBER(4, 0)"/>
            <column name="CLOSING_STATUS" remarks="closing status" type="NUMBER(1, 0)"/>
            <column name="CLOSING_DATE" remarks="closing date" type="date"/>
            <column name="START_DATE" remarks="start date" type="date"/>
            <column name="CLOSED_DATE" remarks="closed date" type="date"/>
            <column defaultValueComputed="-11" name="INSERT_BY" type="NUMBER(12, 0)">
                <constraints nullable="false"/>
            </column>
            <column defaultValueComputed="-11" name="UPDATE_BY" type="NUMBER(12, 0)">
                <constraints nullable="false"/>
            </column>
            <column defaultValueComputed="sysdate" name="INSERT_TIME" type="date">
                <constraints nullable="false"/>
            </column>
            <column defaultValueComputed="sysdate" name="UPDATE_TIME" type="date">
                <constraints nullable="false"/>
            </column>
        </createTable>
    </changeSet>
    <changeSet author="generated" id="PK_T_RI_ACCT_QUARTER_CLOSING">
        <addPrimaryKey columnNames="QUARTER_ID" constraintName="PK_T_RI_ACCT_QUARTER_CLOSING" tableName="T_RI_ACCT_QUARTER_CLOSING"/>
    </changeSet>
</databaseChangeLog>
