<?xml version="1.0" encoding="UTF-8" standalone="no"?>
<databaseChangeLog xmlns="http://www.liquibase.org/xml/ns/dbchangelog" xmlns:ext="http://www.liquibase.org/xml/ns/dbchangelog-ext" xmlns:xsi="http://www.w3.org/2001/XMLSchema-instance" xsi:schemaLocation="http://www.liquibase.org/xml/ns/dbchangelog-ext http://www.liquibase.org/xml/ns/dbchangelog/dbchangelog-ext.xsd http://www.liquibase.org/xml/ns/dbchangelog http://www.liquibase.org/xml/ns/dbchangelog/dbchangelog-3.3.xsd">
    <changeSet author="generated" id="20160302_185909_T_RI_ACCT_REVALUATE_RESULT">
        <createTable remarks="Revaluation result" tableName="T_RI_ACCT_REVALUATE_RESULT">
            <column name="REVALUATION_RESULT_ID" remarks="primary key" type="NUMBER(10, 0)">
                <constraints nullable="false"/>
            </column>
            <column name="REVALUATION_ID" remarks="foreign key" type="NUMBER(10, 0)"/>
            <column name="FN_MONTH" remarks="financial month" type="CHAR(8)"/>
            <column name="AMOUNT" remarks="AMOUNT FOR EACH CURRENCY AND MONTH" type="NUMBER(20, 2)"/>
            <column name="CURRENCY_CODE" remarks="CURRENCY CODE" type="CHAR(3)"/>
            <column name="EX_RATE_DIFF" remarks="the diff between current rate and original rate" type="NUMBER(15, 9)"/>
            <column name="EX_DIFF" remarks="the diff between current amount and original amount (base on the base currency)" type="NUMBER(20, 2)"/>
            <column name="ORIGINAL_RATE" type="NUMBER(15, 9)"/>
            <column name="CURRENT_RATE" type="NUMBER(15, 9)"/>
            <column name="INSERT_BY" type="NUMBER(10, 0)"/>
            <column name="UPDATE_BY" type="NUMBER(10, 0)"/>
            <column name="INSERT_TIME" type="date"/>
            <column name="UPDATE_TIME" type="date"/>
        </createTable>
    </changeSet>
    <changeSet author="generated" id="PK_T_RI_ACCT_REVAL_RESULT_ID">
        <addPrimaryKey columnNames="REVALUATION_RESULT_ID" constraintName="PK_T_RI_ACCT_REVAL_RESULT_ID" tableName="T_RI_ACCT_REVALUATE_RESULT"/>
    </changeSet>
    <changeSet author="generated" id="FK_RI_ACCT_REVALUATE_RESULT">
        <addForeignKeyConstraint baseColumnNames="REVALUATION_ID" baseTableName="T_RI_ACCT_REVALUATE_RESULT" constraintName="FK_RI_ACCT_REVALUATE_RESULT" deferrable="false" initiallyDeferred="false" onDelete="RESTRICT" onUpdate="RESTRICT" referencedColumnNames="REVALUATION_ID" referencedTableName="T_RI_ACCT_REVALUATE"/>
    </changeSet>
</databaseChangeLog>
