<?xml version="1.0" encoding="UTF-8" standalone="no"?>
<databaseChangeLog xmlns="http://www.liquibase.org/xml/ns/dbchangelog" xmlns:ext="http://www.liquibase.org/xml/ns/dbchangelog-ext" xmlns:xsi="http://www.w3.org/2001/XMLSchema-instance" xsi:schemaLocation="http://www.liquibase.org/xml/ns/dbchangelog-ext http://www.liquibase.org/xml/ns/dbchangelog/dbchangelog-ext.xsd http://www.liquibase.org/xml/ns/dbchangelog http://www.liquibase.org/xml/ns/dbchangelog/dbchangelog-3.3.xsd">

    <changeSet author="generated" id="2016050501_T_RI_CONT_DEDUCTIONS">
        <sql>
            UPDATE T_RI_CONT_DEDUCTIONS T SET BROKERAGE = NULL;
        </sql>
    </changeSet>
    <changeSet author="generated" id="2016050502_T_RI_CONT_DEDUCTIONS_LOG">
        <sql>
            UPDATE T_RI_CONT_DEDUCTIONS_LOG T SET BROKERAGE = NULL;
        </sql>
    </changeSet>
    
</databaseChangeLog>