<?xml version="1.0" encoding="UTF-8" standalone="no"?>
<databaseChangeLog xmlns="http://www.liquibase.org/xml/ns/dbchangelog" xmlns:ext="http://www.liquibase.org/xml/ns/dbchangelog-ext" xmlns:xsi="http://www.w3.org/2001/XMLSchema-instance" xsi:schemaLocation="http://www.liquibase.org/xml/ns/dbchangelog-ext http://www.liquibase.org/xml/ns/dbchangelog/dbchangelog-ext.xsd http://www.liquibase.org/xml/ns/dbchangelog http://www.liquibase.org/xml/ns/dbchangelog/dbchangelog-3.3.xsd">  
    <changeSet author="generated" id="201605121857_T_RI_SOA_TYPE.DATA">
    <insert tableName="T_RI_SOA_TYPE">
      <column name="STATEMENT_TYPE" value="1"/>
      <column name="DESCRIPTION" value="Quarterly statement and others "/>
      <column name="STATUS" value="1"/>
    </insert>
    <insert tableName="T_RI_SOA_TYPE">
      <column name="STATEMENT_TYPE" value="2"/>
      <column name="DESCRIPTION" value="Portfolio transfer in"/>
      <column name="STATUS" value="1"/>
    </insert>
    <insert tableName="T_RI_SOA_TYPE">
      <column name="STATEMENT_TYPE" value="3"/>
      <column name="DESCRIPTION" value="Portfolio transfer out"/>
      <column name="STATUS" value="1"/>
    </insert>
  </changeSet>
</databaseChangeLog>
