<?xml version="1.0" encoding="UTF-8" standalone="no"?>
<databaseChangeLog xmlns="http://www.liquibase.org/xml/ns/dbchangelog" xmlns:ext="http://www.liquibase.org/xml/ns/dbchangelog-ext" xmlns:xsi="http://www.w3.org/2001/XMLSchema-instance" xsi:schemaLocation="http://www.liquibase.org/xml/ns/dbchangelog-ext http://www.liquibase.org/xml/ns/dbchangelog/dbchangelog-ext.xsd http://www.liquibase.org/xml/ns/dbchangelog http://www.liquibase.org/xml/ns/dbchangelog/dbchangelog-3.4.xsd">
    <changeSet author="jason.shi (generated)" id="1453714747416-2" dbms="oracle">
        <setTableRemarks remarks="batch trigger definition" tableName="T_PUB_TRIGGER_DEFINATION"/>
    </changeSet>
    <changeSet author="jason.shi (generated)" id="1453714747416-3" dbms="oracle">
        <setColumnRemarks columnName="APPLICATION" remarks="the application name,which application this job run on" tableName="T_PUB_JOB_DEFINATION"/>
    </changeSet>
    <changeSet author="jason.shi (generated)" id="1453714747416-4" dbms="oracle">
        <setColumnRemarks columnName="CATALOG" remarks="trigger catalog name" tableName="T_PUB_TRIGGER_DEFINATION"/>
    </changeSet>
    <changeSet author="jason.shi (generated)" id="1453714747416-5" dbms="oracle">
        <setColumnRemarks columnName="CONTEXT" remarks="json data for map data structure,you can define the job execute parameter" tableName="T_PUB_JOB_DEFINATION"/>
    </changeSet>
    <changeSet author="jason.shi (generated)" id="1453714747416-6" dbms="oracle">
        <setColumnRemarks columnName="CORN" remarks="corn expression" tableName="T_PUB_TRIGGER_DEFINATION"/>
    </changeSet>
    <changeSet author="jason.shi (generated)" id="1453714747416-7" dbms="oracle">
        <setColumnRemarks columnName="DESCRIPTION" remarks="jon description" tableName="T_PUB_JOB_DEFINATION"/>
    </changeSet>
    <changeSet author="jason.shi (generated)" id="1453714747416-8" dbms="oracle">
        <setColumnRemarks columnName="DESCRIPTION" remarks="the description of this trigger" tableName="T_PUB_TRIGGER_DEFINATION"/>
    </changeSet>
    <changeSet author="jason.shi (generated)" id="1453714747416-9" dbms="oracle">
        <setColumnRemarks columnName="ERR_MESSAGE" remarks="the err message" tableName="T_PUB_JOB_EXECUTE_HISTORY"/>
    </changeSet>
    <changeSet author="jason.shi (generated)" id="1453714747416-10" dbms="oracle">
        <setColumnRemarks columnName="EXECUTE_INTERVAL" remarks="execute interval , unit:secord" tableName="T_PUB_TRIGGER_DEFINATION"/>
    </changeSet>
    <changeSet author="jason.shi (generated)" id="1453714747416-11" dbms="oracle">
        <setColumnRemarks columnName="EXIT_CODE" remarks="the spring batch exit code" tableName="T_PUB_JOB_EXECUTE_HISTORY"/>
    </changeSet>
    <changeSet author="jason.shi (generated)" id="1453714747416-12" dbms="oracle">
        <setColumnRemarks columnName="EXIT_DESC" remarks="the spring batch exit desc" tableName="T_PUB_JOB_EXECUTE_HISTORY"/>
    </changeSet>
    <changeSet author="jason.shi (generated)" id="1453714747416-13" dbms="oracle">
        <setColumnRemarks columnName="FINISH_TIME" remarks="the spring batch finish time" tableName="T_PUB_JOB_EXECUTE_HISTORY"/>
    </changeSet>
    <changeSet author="jason.shi (generated)" id="1453714747416-14" dbms="oracle">
        <setColumnRemarks columnName="FIRE_TIME" remarks="the schedule fire time" tableName="T_PUB_JOB_EXECUTE_HISTORY"/>
    </changeSet>
    <changeSet author="jason.shi (generated)" id="1453714747416-15" dbms="oracle">
        <setColumnRemarks columnName="ID" remarks="primary key" tableName="T_PUB_JOB_DEFINATION"/>
    </changeSet>
    <changeSet author="jason.shi (generated)" id="1453714747416-16" dbms="oracle">
        <setColumnRemarks columnName="ID" remarks="primary key" tableName="T_PUB_JOB_EXECUTE_HISTORY"/>
    </changeSet>
    <changeSet author="jason.shi (generated)" id="1453714747416-17" dbms="oracle">
        <setColumnRemarks columnName="ID" remarks="primary key" tableName="T_PUB_TRIGGER_DEFINATION"/>
    </changeSet>
    <changeSet author="jason.shi (generated)" id="1453714747416-18" dbms="oracle">
        <setColumnRemarks columnName="INSTANCE_ID" remarks="current schedule instance id" tableName="T_PUB_JOB_EXECUTE_HISTORY"/>
    </changeSet>
    <changeSet author="jason.shi (generated)" id="1453714747416-19" dbms="oracle">
        <setColumnRemarks columnName="JOB_GROUP" remarks="the spring batch job group name" tableName="T_PUB_JOB_EXECUTE_HISTORY"/>
    </changeSet>
    <changeSet author="jason.shi (generated)" id="1453714747416-20" dbms="oracle">
        <setColumnRemarks columnName="JOB_NAME" remarks="the spring batch job name" tableName="T_PUB_JOB_EXECUTE_HISTORY"/>
    </changeSet>
    <changeSet author="jason.shi (generated)" id="1453714747416-21" dbms="oracle">
        <setColumnRemarks columnName="LAST_EXECUTE_ID" remarks="the last execution reference id" tableName="T_PUB_JOB_DEFINATION"/>
    </changeSet>
    <changeSet author="jason.shi (generated)" id="1453714747416-22" dbms="oracle">
        <setColumnRemarks columnName="MESSAGE_CHANNEL" remarks="which queue the schedule event sent to" tableName="T_PUB_JOB_DEFINATION"/>
    </changeSet>
    <changeSet author="jason.shi (generated)" id="1453714747416-23" dbms="oracle">
        <setColumnRemarks columnName="NAME" remarks="the job name, it is same with spring batch job name" tableName="T_PUB_JOB_DEFINATION"/>
    </changeSet>
    <changeSet author="jason.shi (generated)" id="1453714747416-24" dbms="oracle">
        <setColumnRemarks columnName="NAME" remarks="the trigger name" tableName="T_PUB_TRIGGER_DEFINATION"/>
    </changeSet>
    <changeSet author="jason.shi (generated)" id="1453714747416-25" dbms="oracle">
        <setColumnRemarks columnName="NEXT_FIRE_TIME" remarks="next fire time" tableName="T_PUB_JOB_EXECUTE_HISTORY"/>
    </changeSet>
    <changeSet author="jason.shi (generated)" id="1453714747416-26" dbms="oracle">
        <setColumnRemarks columnName="PRECENT" remarks="the precent of complete" tableName="T_PUB_JOB_EXECUTE_HISTORY"/>
    </changeSet>
    <changeSet author="jason.shi (generated)" id="1453714747416-27" dbms="oracle">
        <setColumnRemarks columnName="SCHEDULE_TIME" remarks="the scheduler time of this execution" tableName="T_PUB_JOB_EXECUTE_HISTORY"/>
    </changeSet>
    <changeSet author="jason.shi (generated)" id="1453714747416-28" dbms="oracle">
        <setColumnRemarks columnName="STATUS" remarks="status of execution" tableName="T_PUB_JOB_EXECUTE_HISTORY"/>
    </changeSet>
    <changeSet author="jason.shi (generated)" id="1453714747416-29" dbms="oracle">
        <setColumnRemarks columnName="SUCCESS" remarks="success or fail of this execution" tableName="T_PUB_JOB_EXECUTE_HISTORY"/>
    </changeSet>
    <changeSet author="jason.shi (generated)" id="1453714747416-30" dbms="oracle">
        <setColumnRemarks columnName="TRIGGER_DEFINATION_ID" remarks="the trigger defination reference id" tableName="T_PUB_JOB_DEFINATION"/>
    </changeSet>
    <changeSet author="jason.shi (generated)" id="1453714747416-31" dbms="oracle">
        <setColumnRemarks columnName="UUID" remarks="the execution  uuid" tableName="T_PUB_JOB_EXECUTE_HISTORY"/>
    </changeSet>
</databaseChangeLog>
