FIELD_ID,NAME,LABEL_,DESCRIPTION,ALIAS,FIELD_TYPE,RECORD_USAGE
122842,ProductElementId,ProductElementId,,[],-2,1
317414,ChannelCode,ChannelCode,,[],-4,1
317426,Status,Status,,[],-1,1
317434,TeamId,TeamId,,[],-2,1
317439,ChannelName,ChannelName,,[],-4,1
317444,ParentChannelId,ParentChannelId,,[],-2,1
126142,ProductElementName,ProductElementName,,[],-4,1
126144,IsRequired,IsRequired,,[],-4,1
126147,ProductElementCode,ProductElementCode,,[],-4,1
126150,RelationTypeId,RelationTypeId,,[],-1,1
120434,BusinessObjectId,BusinessObjectId,,[],-2,1
120438,ElementCode,ElementCode,,[],-4,1
120440,ExpireDate,ExpireDate,,[],-5,1
120449,ProductId,ProductId,,[],-2,1
120453,EffectiveDate,EffectiveDate,,[],-5,1
120463,ProductName,ProductName,,[],-4,1
120472,StartDate,StartDate,,[],-5,1
120480,ProductCode,ProductCode,,[],-4,1
120487,ReplaceFlag,ReplaceFlag,,[],-1,1
120520,BusinessCode,BusinessCode,,[],-4,1
120667,Commission,Commission,,"[""Commission""]",-3,1
120574,EndDate,EndDate,,[],-5,1
120613,PolicyType,PolicyType,,"[""PolicyType""]",-4,1
120644,LayerCode,LayerCode,,[],-4,1
120650,PerilCode,PerilCode,,[],-4,1
120660,QuotationNo,QuotationNo,,[],-4,1
120742,QuoteExpirationDate,QuoteExpirationDate,,[],-5,1
120746,BinderExpirationDate,BinderExpirationDate,,[],-5,1
120748,PolicyStatus,PolicyStatus,,[],-1,1
120752,FinalPremium,FinalPremium,,[],-3,1
120760,PolicyNo,PolicyNo,,[],-4,1
120762,RateId,RateId,,[],-2,1
120766,IsRenewable,IsRenewable,,[],-4,1
120774,ApplicationDate,ApplicationDate,,[],-5,1
120782,IsPackageProduct,IsPackageProduct,,[],-4,1
120784,ProposalSentDate,ProposalSentDate,,[],-5,1
120788,PremiumCurrencyCode,PremiumCurrencyCode,,[],-4,1
120790,SaveRatingDetails,SaveRatingDetails,,[],-4,1
120793,RatingDetails,RatingDetails,,[],-4,1
120795,SiCurrencyCode,SiCurrencyCode,,[],-4,1
120797,SumInsured,SumInsured,,"[""SumInsured""]",-3,1
120805,IssueDate,IssueDate,,[],-5,1
120807,QuickRateDate,QuickRateDate,,[],-5,1
120813,AgentContactId,AgentContactId,,[],-2,1
120817,CurrentQuoatationVersionSequenceNumber,CurrentQuoatationVersionSequenceNumber,,[],-4,1
120819,ApplicationBy,ApplicationBy,,[],-2,1
120821,OrgId,OrgId,,[],-2,1
120829,NonRenewalDesc,NonRenewalDesc,,[],-4,1
120832,SubmissionId,SubmissionId,,[],-2,1
120836,BindDate,BindDate,,[],-5,1
120838,RejectSubCodeId,RejectSubCodeId,,[],-2,1
120842,PolicyId,PolicyId,,[],-2,1
120848,AddDesc,AddDesc,,[],-4,1
120852,Remark,Remark,,[],-4,1
120672,PrintCount,PrintCount,,[],-1,1
120674,LocalCurrencyCode,LocalCurrencyCode,,[],-4,1
120676,NewbizStatus,NewbizStatus,,[],-1,1
120678,ApplicationComments,ApplicationComments,,[],-4,1
120680,TerminalCode,TerminalCode,,[],-1,1
120682,PrintDate,PrintDate,,[],-5,1
120688,SequenceNumber,SequenceNumber,,[],-4,1
120694,LastPolicyId,LastPolicyId,,[],-2,1
120696,AgentId,AgentId,,[],-2,1
120698,PremiumLocalExchangeRate,PremiumLocalExchangeRate,,[],-3,1
120706,ProposalDescription,ProposalDescription,,[],-4,1
120708,AgreementId,AgreementId,,[],-2,1
120711,RejDesc,RejDesc,,[],-4,1
120713,StampDuty,StampDuty,,[],-3,1
120717,QuotationDate,QuotationDate,,[],-5,1
120721,ProposalDate,ProposalDate,,[],-5,1
120730,BinderQuotationVersion,BinderQuotationVersion,,[],-2,1
120732,SiLocalExchangeRate,SiLocalExchangeRate,,[],-3,1
120734,UwaUserId,UwaUserId,,[],-2,1
120736,IsRenewalPolicy,IsRenewalPolicy,,[],-4,1
120738,NonRenewalReason,NonRenewalReason,,[],-1,1
120740,PremiumAdjustReason,PremiumAdjustReason,,[],-4,1
120884,VirtualFlag,VirtualFlag,,[],-1,1
120899,Description,Description,,[],-4,1
120934,Pml,Pml,,[],-3,1
120940,PolicyCoverageId,PolicyCoverageId,,[],-2,1
120949,CommissionRate,CommissionRate,,"[""CommissionRate""]",-3,1
120951,RiskLevel,RiskLevel,,"[""RiskLevel""]",-1,1
120954,LicenseNo,LicenseNo,,[],-4,1
120956,DriverId,DriverId,,[],-2,1
120960,LicenseSince,LicenseSince,,[],-5,1
120962,RelationshipId,RelationshipId,,[],-1,1
120966,DrivingYears,DrivingYears,,[],-1,1
120968,LicenseClass,LicenseClass,,[],-1,1
120970,AccidentCount,AccidentCount,,[],-1,1
120972,LicenseType,License Type,,"[""LicenseType""]",-4,1
120981,InsuredName,InsuredName,,[],-4,1
120984,InsuredId,InsuredId,,[],-2,1
120986,InsuredDescription,InsuredDescription,,[],-4,1
120992,InsuredIdNo3Type,InsuredIdNo3Type,,[],-4,1
121005,InsuredIdNo1Type,InsuredIdNo1Type,,[],-4,1
121007,InsuredIdNo2,InsuredIdNo2,,[],-4,1
121009,InsuredIdNo3,InsuredIdNo3,,[],-4,1
121015,InsuredIdNo1,InsuredIdNo1,,[],-4,1
121017,InsuredCount,InsuredCount,,[],-1,1
121027,InsuredIdNo2Type,InsuredIdNo2Type,,[],-4,1
121037,PolicyLobId,PolicyLobId,,[],-2,1
121039,LobId,LobId,,[],-2,1
121046,ResultAmount,ResultAmount,,[],-3,1
121048,Rate,Rate,,[],-3,1
121051,Amount,Amount,,[],-3,1
121053,DiscountLoadingTypeId,DiscountLoadingTypeId,,[],-1,1
121055,Order,Order,,[],-1,1
121057,TypeId,TypeId,,"[""TypeId""]",-1,1
121059,TargetBusinessModels,TargetBusinessModels,,[],-4,1
121061,PremiumType,PremiumType,,[],-1,1
121063,Code,Code,,[],-4,1
121065,ContentAuto,ContentAuto,,[],-4,1
121067,Er6,Er6,,[],-3,1
121069,WithdrawDate,WithdrawDate,,[],-5,1
121071,DeductReinstated,DeductReinstated,,[],-1,1
121073,CalModeFlag,CalModeFlag,,[],-1,1
121075,LastUwLevel,LastUwLevel,,[],-1,1
121077,WaivePremium,WaivePremium,,[],-1,1
121079,EntryOperId,EntryOperId,,[],-2,1
121081,FlatPoiExtensionPremium,FlatPoiExtensionPremium,,[],-3,1
121083,IsOOSCase,IsOOSCase,,[],-1,1
121085,CommissionAdjustmentRemark,CommissionAdjustmentRemark,,[],-4,1
121087,UwOperId,UwOperId,,[],-2,1
121089,FlatPoiShortenPremium,FlatPoiShortenPremium,,[],-3,1
121091,HeldPremium,HeldPremium,,[],-3,1
121093,WaiveMinEarn,WaiveMinEarn,,[],-2,1
121095,OtherCancelReason,OtherCancelReason,,[],-4,1
121098,CommChangeReason,CommChangeReason,,[],-4,1
121101,ReinstateReason,ReinstateReason,,[],-2,1
121103,IsPreClnPolicy,IsPreClnPolicy,,[],-1,1
121105,TotalLossTypeId,TotalLossTypeId,,[],-1,1
121107,NcdOperateType,NcdOperateType,,[],-1,1
121109,ApplyDate,ApplyDate,,[],-5,1
121111,AuditHoldPremium,AuditHoldPremium,,[],-1,1
121176,ReinstateRemark,ReinstateRemark,,[],-4,1
121178,AdminFeeFlag,AdminFeeFlag,,[],-1,1
121180,CurUwLevel,CurUwLevel,,[],-1,1
121182,ClaimNo,ClaimNo,,[],-4,1
121184,PdeMinimumEarnedPremium,PdeMinimumEarnedPremium,,[],-2,1
121187,PoiAltReason,PoiAltReason,,[],-4,1
121191,AfterRevisionId,AfterRevisionId,,[],-2,1
121193,CancelReasonId,CancelReasonId,,[],-1,1
121195,FirstUwId,FirstUwId,,[],-2,1
121197,LastUwId,LastUwId,,[],-2,1
121199,DeductSi,DeductSi,,[],-3,1
121201,NewPolExpDate,NewPolExpDate,,[],-5,1
121204,CancelTypeId,CancelTypeId,,[],-1,1
121206,IssueOperId,IssueOperId,,[],-2,1
121208,IndexNum,IndexNum,,[],-1,1
121210,RedoReason,RedoReason,,[],-4,1
121212,ProcessInstanceId,ProcessInstanceId,,[],-4,1
121214,BeforeRevisionId,BeforeRevisionId,,[],-2,1
121216,ClnPolEndoId,ClnPolEndoId,,[],-2,1
121218,IsForwardCase,IsForwardCase,,[],-1,1
121220,WithdrawOperId,WithdrawOperId,,[],-2,1
121223,SubEndoType,SubEndoType,,"[""SubEndoType""]",-1,1
121225,LastUwOrganId,LastUwOrganId,,[],-4,1
121228,SubType,SubType,,[],-4,1
121230,RequestId,RequestId,,[],-2,1
121232,AuditType,AuditType,,[],-4,1
121234,IsAuditNoChange,IsAuditNoChange,,[],-1,1
121236,ReqStatusId,ReqStatusId,,[],-1,1
121238,EndoDetail,EndoDetail,,[],-4,1
121240,ProcessedDate,ProcessedDate,,[],-5,1
121242,MailTaskId,MailTaskId,,[],-4,1
121244,ReceiveDate,ReceiveDate,,[],-5,1
121247,EndoEffDate,EndoEffDate,,[],-5,1
121250,RevisedAudit,RevisedAudit,,[],-4,1
121393,MasterPolicyId,MasterPolicyId,,[],-2,1
121464,App,App,,[],-3,1
121477,RiskCat,RiskCat,,"[""RiskCat""]",-4,1
121482,DefaultRate,DefaultRate,,[],-3,1
121524,CoverageId,CoverageId,,[],-2,1
121613,DeductilbleModeId,DeductilbleModeId,,[],-2,1
121615,DeductilbeValue,DeductilbeValue,,[],-3,1
121661,FormType,FormType,,[],-1,1
121754,LayerLimit,LayerLimit,,[],-3,1
121765,LayerNumber,LayerNumber,,[],-1,1
121768,RangeFrom,RangeFrom,,[],-3,1
121772,RangeTo,RangeTo,,[],-3,1
121777,LimitValue,LimitValue,,[],-3,1
121779,LimitModeId,LimitModeId,,[],-2,1
121801,Address,Address,,[],-4,1
121810,PayMode,PayMode,,"[""PayMode""]",-1,1
121113,PolicyDiff,PolicyDiff,,[],-4,1
121115,EndoId,EndoId,,[],-2,1
121117,AuditPremium,AuditPremium,,[],-3,1
121120,Content,Content,,[],-4,1
121122,OldPolExpDate,OldPolExpDate,,[],-5,1
121124,StatusId,StatusId,,[],-1,1
121126,EndoLevel,EndoLevel,,[],-1,1
121128,IsBackwardCase,IsBackwardCase,,[],-1,1
121130,IsRedoCase,IsRedoCase,,[],-1,1
121132,WithdrawReason,WithdrawReason,,[],-4,1
121134,ClnInternalNo,ClnInternalNo,,[],-1,1
121136,CurUwOrganId,CurUwOrganId,,[],-4,1
121138,HoldPremium,HoldPremium,,[],-1,1
121140,UndoType,UndoType,,[],-1,1
121142,CancelLtrTypeId,CancelLtrTypeId,,[],-1,1
121144,ClnPolTransType,ClnPolTransType,,[],-1,1
121148,PoiAltTypeId,PoiAltTypeId,,[],-1,1
121150,ReplacePolicyNo,ReplacePolicyNo,,[],-4,1
121152,EffDate,EffDate,,[],-5,1
121154,ApplyTypeId,ApplyTypeId,,[],-1,1
121156,CauseType,CauseType,,[],-1,1
121158,ModifiedDate,ModifiedDate,,[],-5,1
121160,AuditEndoId,AuditEndoId,,[],-2,1
121162,CalcuBase,CalcuBase,,[],-2,1
121164,ApplyName,ApplyName,,[],-4,1
121166,HasClaim,HasClaim,,[],-1,1
121168,OosStatusId,OosStatusId,,[],-1,1
121170,EndoCode,EndoCode,,[],-4,1
121172,ModifierId,ModifierId,,[],-2,1
121174,OverrideEndtPremium,OverrideEndtPremium,,[],-3,1
121824,BillingType,BillingType,,"[""BillingType""]",-1,1
121968,PolicyTaxFeeId,PolicyTaxFeeId,,[],-2,1
121970,Category,Category,,[],-1,1
121974,CommissionAble,CommissionAble,,[],-1,1
121977,Name,Name,,"[""Name""]",-4,1
122022,PlanName,PlanName,,[],-4,1
122037,PolicyRevisionId,PolicyRevisionId,,[],-2,1
122039,VersionDescription,VersionDescription,,[],-4,1
122043,VersionName,VersionName,,[],-4,1
122045,SummaryInfo,SummaryInfo,,[],-4,1
122082,AccountNo,AccountNo,,[],-4,1
122108,District,District,,[],-4,1
122176,BusinessObjectCode,BusinessObjectCode,,[],-4,1
122178,BusinessModelName,BusinessModelName,,[],-4,1
122185,Email,Email,,[],-4,1
122187,SubAgentId,SubAgentId,,[],-2,1
122189,OtherInsureds,OtherInsureds,,[],-4,1
122193,SubmissionDate,SubmissionDate,,[],-5,1
122200,SubmissionNo,SubmissionNo,,[],-4,1
122203,LegacyId,LegacyId,,[],-4,1
122205,CustId,CustId,,[],-2,1
122207,TransationDate,TransationDate,,[],-5,1
122209,RejectCodeId,RejectCodeId,,[],-2,1
122229,LegalStatusOtherDescription,LegalStatusOtherDescription,,[],-4,1
122231,Underwriter,Underwriter,,[],-1,1
122235,BusinessUnit,BusinessUnit,,[],-2,1
122240,BranchCode,BranchCode,,[],-4,1
122242,RejectRemark,RejectRemark,,[],-4,1
122244,SubQuoteVersion,SubQuoteVersion,,[],-2,1
122246,SalesMgr,SalesMgr,,[],-4,1
122248,QuoteSentDate,QuoteSentDate,,[],-5,1
122211,SubExpirationDate,SubExpirationDate,,[],-5,1
122215,IndustryCategory,IndustryCategory,,[],-4,1
122219,IsBindered,IsBindered,,[],-4,1
122221,SubmittedBy,SubmittedBy,,[],-4,1
122225,BusinessDescription,BusinessDescription,,[],-4,1
122227,ClearAgentId,ClearAgentId,,[],-2,1
122323,Country,Country,,[],-4,1
122325,RegionId,RegionId,,[],-2,1
122327,AddressType,AddressType,,[],-4,1
122330,AddressId,AddressId,,[],-2,1
122335,AddressStatus,AddressStatus,,[],-4,1
122338,OrganizationIdType,OrganizationIdType,,[],-4,1
122341,IsProspectCustomer,IsProspectCustomer,,[],-4,1
122343,DateOfRegistration,DateOfRegistration,,[],-5,1
122348,LegalStatis,LegalStatis,,[],-2,1
122354,HandPhone,HandPhone,,[],-4,1
122356,HomeTel,HomeTel,,[],-4,1
122359,BusinessTel,BusinessTel,,[],-4,1
122361,ContactId,ContactId,,[],-2,1
122363,Fax,Fax,,[],-4,1
122365,DateOfBirth,DateOfBirth,,[],-5,1
122367,CourtesyTitle,CourtesyTitle,,[],-4,1
122370,IdNumber,IdNumber,,[],-4,1
122372,Religion,Religion,,[],-4,1
122375,Gender,Gender,,"[""Gender""]",-4,1
122377,Nationality,Nationality,,[],-2,1
122379,IdType,IdType,,[],-4,1
122381,MaritalStatus,MaritalStatus,,[],-4,1
122385,AliasName,AliasName,,[],-4,1
122387,Race,Race,,[],-2,1
122389,DateOfDeath,DateOfDeath,,[],-5,1
122392,LanguagePreferred,LanguagePreferred,,[],-4,1
122394,CountryOfBirth,CountryOfBirth,,"[""CountryOfBirth""]",-4,1
122403,Weight,Weight,,[],-2,1
122407,Occupation,Occupation,,[],-4,1
122411,SmokerIndicator,SmokerIndicator,,[],-4,1
122416,Height,Height,,[],-2,1
122420,MonthlyIncome,MonthlyIncome,,[],-2,1
122250,AssignUserId,AssignUserId,,[],-2,1
122254,IsRenewal,IsRenewal,,[],-1,1
122256,ClearDate,ClearDate,,[],-5,1
122259,ContactorPartyId,ContactorPartyId,,[],-2,1
122261,Phone,Phone,,[],-4,1
122263,WebAddress,WebAddress,,[],-4,1
122267,InsuranceCompanyPaper,InsuranceCompanyPaper,,[],-4,1
122269,SubStatus,SubStatus,,[],-1,1
122277,SubNote,SubNote,,[],-4,1
122281,LegalStatus,LegalStatus,,[],-2,1
122283,OrganizationIdNumber,OrganizationIdNumber,,[],-4,1
122287,RegistrationName,RegistrationName,,[],-4,1
122289,ClearUserId,ClearUserId,,[],-2,1
122291,FullAddress,FullAddress,,[],-4,1
122295,DeliveryState,DeliveryState,,[],-2,1
122302,ClearProducts,ClearProducts,,[],-4,1
122307,PartyId,PartyId,,[],-2,1
122309,PartyCode,PartyCode,,[],-4,1
122312,PartyName,PartyName,,[],-4,1
122314,MergedPartyId,MergedPartyId,,[],-2,1
122318,ContactType,ContactType,,[],-4,1
122533,LastName,LastName,,[],-4,1
122564,MiddleName,MiddleName,,[],-4,1
122585,ObjectId,ObjectId,,[],-2,1
122589,ClassId,ClassId,,[],-2,1
122595,ContextId,ContextId,,[],-2,1
122597,SuperObjectId,SuperObjectId,,[],-2,1
122599,ModelId,ModelId,,[],-2,1
122601,ObjectReferenceId,ObjectReferenceId,,[],-2,1
122603,IsAbstract,IsAbstract,,[],-4,1
122607,Alias,Alias,,[],-4,1
122609,FieldId,FieldId,,[],-2,1
122611,Label,Label,,[],-4,1
122614,FieldType,FieldType,,[],-2,1
122616,IsMasked,IsMasked,,[],-4,1
122618,CodeTableId,CodeTableId,,[],-2,1
122620,TagIds,TagIds,,[],-4,1
122625,IsFixed,IsFixed,,[],-4,1
122627,BindingId,BindingId,,[],-2,1
122629,IsEncrypted,IsEncrypted,,[],-4,1
122632,PropertyId,PropertyId,,[],-2,1
145729,Title,Title,,[],-4,1
145860,ClaimType,ClaimType,,[],-4,1
160085,RegisrationNo,RegisrationNo,,[],-4,1
160092,Make,Make,,[],-4,1
160095,Model,Model,,[],-4,1
160135,Familyname,Family name,,[],-4,1
160190,GrossPremium,GrossPremium,,"[""GrossPremium""]",-3,1
160194,NetPremium,NetPremium,,"[""NetPremium""]",-3,1
227422,PolicyScheduleId,PolicyScheduleId,,[],-2,1
227432,RecordUsage,RecordUsage,,[],-1,1
283711,MatchFields,MatchFields,,[],-4,1
283713,FormContextDefinitionId,FormContextDefinitionId,,[],-2,1
333066,AgreementCode,AgreementCode,,[],-4,1
333069,InvalidatedBy,InvalidatedBy,,[],-2,1
333071,InvalidateTime,InvalidateTime,,[],-5,1
481959,PolicyCommissionListAsJson,PolicyCommissionListAsJson,,[],-4,1
481967,Prem,Prem,,[],-3,1
482012,PolicyCtId,PolicyCtId,,[],-2,1
482044,CtCode,CtCode,,[],-4,1
482047,CtId,CtId,,[],-2,1
482059,RiskCate,RiskCate,,"[""RiskCate""]",-1,1
518019,CandidateUser,CandidateUser,,[],-4,1
518023,PayeeNames,PayeeNames,,[],-4,1
518025,SubclaimId,SubclaimId,,[],-4,1
518027,TaskRejected,TaskRejected,,[],-4,1
518029,ExceedAuthority,ExceedAuthority,,[],-4,1
518033,DynamicFields,DynamicFields,,[],-4,1
518036,ReserveType,ReserveType,,[],-4,1
314040,DefaultValue,DefaultValue,,[],-4,1
314042,VariableType,VariableType,,[],-4,1
314047,VariableName,VariableName,,[],-4,1
314050,VariableDefinitionId,VariableDefinitionId,,[],-2,1
314053,VariableDataType,VariableDataType,,[],-4,1
267343,ReinstatementTest,ReinstatementTest,,[],-4,1
517805,ValidationRemark,ValidationRemark,,[],-4,1
517807,InsureOrganId,InsureOrganId,,[],-2,1
517809,RegisterTime,RegisterTime,,[],-5,1
517811,PoliceStatementDate,PoliceStatementDate,,[],-5,1
517813,ValidationDate,ValidationDate,,[],-5,1
517815,AccidentDistrict,AccidentDistrict,,[],-2,1
517817,DcFlag,DcFlag,,[],-4,1
517819,SalvageStatus,SalvageStatus,,[],-4,1
517822,CaseStatus,CaseStatus,,[],-4,1
517824,AccidentCode,AccidentCode,,[],-4,1
517826,ContactName,ContactName,,[],-4,1
517867,IsSalvage,IsSalvage,,[],-4,1
517869,AppraisalApproveDate,AppraisalApproveDate,,[],-5,1
517872,LastDocFlag,LastDocFlag,,[],-4,1
517875,TotalLossFlag,TotalLossFlag,,[],-4,1
517877,StatusCode,StatusCode,,[],-4,1
517879,RiskName,RiskName,,[],-4,1
517881,ClaimantName,ClaimantName,,[],-4,1
517883,AppraisalApprover,AppraisalApprover,,[],-2,1
517885,FraudScore,FraudScore,,[],-2,1
517888,OwnerId,OwnerId,,[],-2,1
517890,DriverIsInsured,DriverIsInsured,,[],-4,1
517894,ObjectPlace,ObjectPlace,,[],-4,1
517896,CarOwnerId,CarOwnerId,,[],-2,1
517898,AppraisalDate,AppraisalDate,,[],-5,1
517901,SeqNo,SeqNo,,[],-4,1
517904,ClaimantId,ClaimantId,,[],-2,1
517908,AppraisalUser,AppraisalUser,,[],-2,1
517910,DamageType,DamageType,,[],-4,1
517912,WorkshopId,WorkshopId,,[],-2,1
517914,DamageSeverity,DamageSeverity,,[],-4,1
517916,PlacetogoType,PlacetogoType,,[],-4,1
517918,ReceivedDate,ReceivedDate,,[],-5,1
517921,SubclaimType,SubclaimType,,[],-4,1
517925,IsSubrogation,IsSubrogation,,[],-4,1
517927,DamageDesc,DamageDesc,,[],-4,1
517954,CoverageCode,CoverageCode,,[],-4,1
517959,CoverageName,CoverageName,,[],-4,1
517962,ItemId,ItemId,,[],-2,1
517966,UpperCoverageCode,UpperCoverageCode,,[],-4,1
517971,InitLossIndemnity,InitLossIndemnity,,[],-3,1
517973,PolCoverageId,PolCoverageId,,[],-2,1
517976,UpperCoverageName,UpperCoverageName,,[],-4,1
520262,InstallmentType,InstallmentType,,[],-1,1
520264,AccountHolderType,AccountHolderType,,[],-4,1
520269,AccountHolderName,AccountHolderName,,[],-4,1
520272,BankCode,BankCode,,[],-4,1
520275,CreditCardType,CreditCardType,,[],-1,1
520277,InstallmentFlag,InstallmentFlag,,"[""InstallmentFlag""]",-4,1
520279,PaymentInfoId,PaymentInfoId,,[],-2,1
520282,AccountType,AccountType,,[],-1,1
520284,AccountHolderIdType,AccountHolderIdType,,[],-4,1
520286,AccountStatus,AccountStatus,,[],-1,1
520289,ThirdpartyPaymentPlatform,ThirdpartyPaymentPlatform,,[],-4,1
520292,AccountPurpose,AccountPurpose,,[],-1,1
520295,AccountHolderIdNo,AccountHolderIdNo,,[],-4,1
111942,Address1,Address1,,[],-4,1
111944,Address2,Address2,,[],-4,1
111946,Address3,Address3,,[],-4,1
111948,Address4,Address4,,[],-4,1
111950,PromotionCode,PromotionCode,,"[""PromotionCode""]",-4,1
111988,BodyType,Body Type,,[],-4,1
112042,Limit,Limit,,"[""Limit""]",-2,1
112138,ExpiryDate,ExpiryDate,,"[""ExpiryDate""]",-5,1
111938,PostCode,PostCode,,"[""PostCode""]",-4,1
-2,CommissionCategory,CommissionCategory,,,-2,1
-3,ReserveCategory,ReserveCategory,,,-2,1
-4,RiskTypeCode,RiskTypeCode,,,-4,1
-7,SubProductCode,SubProductCode,,,-4,1
491149,NewPolEffDate,NewPolEffDate,,[],-5,1
494503,Cc,Cc,,[],-1,1
494514,ModelDescription,ModelDescription,,[],-4,1
494516,Seats,Seats,,[],-1,1
1000000868,FirstName,FirstName,,[],-4,1
125752,StandardLOB,StandardLOB,,[],-1,1
125757,FromProductMasterId,FromProductMasterId,,[],-2,1
125761,ProductMasterId,ProductMasterId,,[],-2,1
125763,IsPackage,IsPackage,,[],-4,1
125766,CreatingOrgId,CreatingOrgId,,[],-2,1
125768,ProductLine,ProductLine,,[],-1,1
125777,MasterPolicyIndicator,MasterPolicyIndicator,,[],-1,1
125781,NumberingFactorCode,NumberingFactorCode,,[],-4,1
125783,IsReleased,IsReleased,,[],-4,1
125785,ProductVersion,ProductVersion,,[],-4,1
125787,FromProductId,FromProductId,,[],-2,1
125796,IsTemplate,IsTemplate,,[],-4,1
125801,ExtendedData,ExtendedData,,[],-4,1
125805,Constraints,Constraints,,[],-4,1
125807,IsGroup,IsGroup,,[],-4,1
125821,ElementRelationId,ElementRelationId,,[],-2,1
-1,ReinsuranceLOB,ReinsuranceLOB,,,-2,1
227169,AvalabilityRule,AvalabilityRule,,[],-4,1
227171,IsExpanded,IsExpanded,,[],-4,1
227207,CreateCustomerId,CreateCustomerId,,[],-2,1
227213,QuotationId,QuotationId,,[],-2,1
227215,CreateAgentId,CreateAgentId,,[],-2,1
227217,PolicyDataAsJson,PolicyDataAsJson,,[],-4,1
227219,IsSubmitted,IsSubmitted,,[],-4,1
227237,IsInsured,IsInsured,,[],-4,1
227241,IsPolicyHolder,IsPolicyHolder,,[],-4,1
227243,PolicyCustomerId,PolicyCustomerId,,[],-2,1
227259,YearsWithoutClaim,YearsWithoutClaim,,[],-1,1
227261,PolicyCustomerSeqNumber,PolicyCustomerSeqNumber,,[],-4,1
227264,PlanCode,PlanCode,,[],-4,1
227289,PartyAddress,PartyAddress,,[],-4,1
227296,IsInput,IsInput,,[],-4,1
290725,DynamicPropertiesAsJSon,DynamicPropertiesAsJSon,,[],-4,1
290727,PrimaryKey,PrimaryKey,,[],-2,1
290732,TypeForJSON_,TypeForJSON_,,[],-4,1
290748,DefinitionObjectId,DefinitionObjectId,,[],-2,1
290750,ElementTypeId,ElementTypeId,,[],-1,1
290762,EffectiveFlag,EffectiveFlag,,[],-4,1
290973,CurrentQuotationVersionDescription,CurrentQuotationVersionDescription,,[],-4,1
290978,CurrentQuotationVersionName,CurrentQuotationVersionName,,[],-4,1
291011,InsuredType,InsuredType,,[],-4,1
291014,PolicyPlanListAsJson,PolicyPlanListAsJson,,[],-4,1
291061,EndorsementNumber,EndorsementNumber,,[],-4,1
291154,VehicleModelId,VehicleModelId,,[],-2,1
291167,DriverSequenceNumList,DriverSequenceNumList,,[],-4,1
291421,SpecialSubNumber,SpecialSubNumber,,[],-4,1
291436,IsPrimartyAddress,IsPrimartyAddress,,[],-4,1
291449,ParentOrgId,ParentOrgId,,[],-2,1
291456,IsPrimartyContact,IsPrimartyContact,,[],-4,1
312527,FormNumber,FormNumber,,[],-4,1
312529,FormEdition,FormEdition,,[],-4,1
312532,FormTitle,FormTitle,,[],-4,1
312534,FormModelId,FormModelId,,[],-2,1
312539,IsVariable,IsVariable,,[],-4,1
312543,LOB,LOB,,[],-4,1
333103,CommissionRateId,CommissionRateId,,[],-2,1
334693,ExpiredDate,ExpiredDate,,[],-5,1
481775,ContactNo,ContactNo,,[],-2,4
481779,UnitNo,UnitNo,,[],-4,4
481781,Floor,Floor,,[],-1,4
481783,Block,Block,,[],-4,4
481785,BuildingName,BuildingName,,[],-4,4
481787,Estate,Estate,,[],-4,4
481789,StreetName,StreetName,,[],-4,4
481791,StreetNo,StreetNo,,[],-4,4
481794,Area,Area,,"[""Area""]",-4,4
481803,Comprehensive,Comprehensive,,[],-4,4
481805,ThirdPartyPlan,ThirdPartyPlan,,[],-4,4
481807,ThirdParty,ThirdParty,,[],-4,4
481839,EstimatdValue,EstimatdValue,,[],-2,4
481907,Levy,Levy,,"[""Levy""]",-3,4
481911,PremiumDue,PremiumDue,,"[""PremiumDue""]",-3,4
481923,ChequeName,ChequeName,,[],-4,4
481925,ChequeNo,ChequeNo,,[],-4,4
481927,CreditCardNo,CreditCardNo,,[],-4,4
481929,CardholdersName,Cardholder'sName,,[],-4,4
481931,CardExpirationDate,CardExpirationDate,,[],-5,4
481937,UWRemarks,UWRemarks,,[],-4,4
481942,Declaration,Declaration,,[],-4,4
496853,Remarks,Remarks,,[],-4,1
507793,Premium,Premium,,"[""Premium""]",-3,1
517665,ScType,ScType,,[],-4,1
517667,ScStatus,ScStatus,,[],-1,1
517750,CallerPhone,CallerPhone,,[],-4,1
517755,AccidentPlace,AccidentPlace,,[],-4,1
517757,CallerType,CallerType,,[],-4,1
517759,PoliceRemark,PoliceRemark,,[],-4,1
517761,NoticeTime,NoticeTime,,[],-5,1
517763,ContactPhone,ContactPhone,,[],-4,1
517765,SubrogationStatus,SubrogationStatus,,[],-4,1
517767,ProcessOrganId,ProcessOrganId,,[],-2,1
517769,AccidentTime,AccidentTime,,[],-5,1
517771,PoliceStation,PoliceStation,,[],-4,1
517773,LossStatus,LossStatus,,[],-4,1
517775,Currency,Currency,,[],-4,1
517778,ValidationDecision,ValidationDecision,,[],-4,1
517780,FnolType,FnolType,,[],-4,1
517782,CallerName,CallerName,,[],-4,1
517784,LossCause,LossCause,,[],-4,1
517786,AgentTel,AgentTel,,[],-4,1
517789,ExtClaimNo,ExtClaimNo,,[],-4,1
517791,InsuredLiability,InsuredLiability,,[],-3,1
517796,AccidentDesc,AccidentDesc,,[],-4,1
517799,PoliceStatementNo,PoliceStatementNo,,[],-4,1
517801,CaseId,CaseId,,[],-4,1
517803,CaseOrganId,CaseOrganId,,[],-2,1
577070,MinimumEarnedPremium,,,[],-3,1
577173,SettlePayeeId,SettlePayeeId,,[],-2,1
577183,CheckNumber,CheckNumber,,[],-4,1
577190,PtyAddressId,PtyAddressId,,[],-2,1
577192,AccountName,AccountName,,[],-4,1
590747,InstallmentPeriodSeq,InstallmentPeriodSeq,,[],-1,1
590749,InstallmentId,InstallmentId,,[],-2,1
590754,InstallmentAmount,InstallmentAmount,,[],-3,1
590759,InstallmentDate,InstallmentDate,,[],-5,1
590778,FeeInfoId,FeeInfoId,,[],-2,1
590795,FeeType,FeeType,,[],-1,1
590799,PolicyFeeId,PolicyFeeId,,[],-2,1
590805,FeeAmount,FeeAmount,,[],-3,1
590826,FeeSplitId,FeeSplitId,,[],-2,1
590828,PaymentInfoSeqNumber,PaymentInfoSeqNumber,,[],-4,1
590976,IsPrimartyAccount,IsPrimartyAccount,,[],-4,1
590978,AccountId,AccountId,,[],-2,1
592140,MinExp,,MinExp,[],-4,1
592151,Alarm,,Alarm,[],-4,1
592964,MinimumCPI,MinimumCPI,,[],-3,1
592967,RiProfitCommRate,RiProfitCommRate,,[],-3,1
592969,RiPortOsClaimRate,RiPortOsClaimRate,,[],-3,1
592971,OnrCommRate,OnrCommRate,,[],-3,1
592973,CompulsoryFlag,CompulsoryFlag,,[],-1,1
593330,CtRelated,CtRelated,,[],-2,1
593332,ParentRiskCate,ParentRiskCate,,[],-2,1
593335,FnRiskCat,FnRiskCat,,[],-2,1
593338,RiskCateName,RiskCateName,,[],-4,1
593342,RiRelated,RiRelated,,[],-2,1
593344,FnRelated,FnRelated,,[],-2,1
595310,JoinUsSince,JoinUsSince,,[],-4,1
597056,InterestedArea,InterestedArea,,[],-4,1
597057,InsuranceYear,InsuranceYear,,[],-4,1
597067,InsuranceProduct,InsuranceProduct,,[],-4,1
597068,InsuranceBy,InsuranceBy,,[],-4,1
597085,OtherComment,OtherComment,,[],-4,1
667061,OwnerAgentIds,OwnerAgentIds,,,-4,1
667063,PartyType,PartyType,,,-4,1
669922,TotalPeriod,TotalPeriod,,,-1,1
669925,PaymentPlan,PaymentPlan,,,-1,1
669928,InstalmentNumber,InstalmentNumber,,,-1,1
669930,Ratio,Ratio,,,-3,1
669932,DueDate,DueDate,,,-5,1
670016,ContactHistoryTime,ContactHistoryTime,,[],-5,1
670017,ContactHistoryMessage,ContactHistoryMessage,,[],-4,1
739990,TESTAddFiled,TESTAddFiled,,,-1,1
751884,BusinessUUID,BusinessUUID,,,-4,1
751887,DiscriminatorValue,DiscriminatorValue,,,-1,1
751935,TargetProductElementBusinessUUID,TargetProductElementBusinessUUID,,,-4,1
751938,SourceProductElementBusinessUUID,SourceProductElementBusinessUUID,,,-4,1
751943,ModelNameObjectCode,ModelNameObjectCode,,,-4,1
751950,IsCustomerInMasterPolicy,IsCustomerInMasterPolicy,,,-4,1
751956,PayerPayeePolicyCustomerSeq,PayerPayeePolicyCustomerSeq,,,-4,1
751959,CopyOfCustomerBasicInformationAsJSon,CopyOfCustomerBasicInformationAsJSon,,,-4,1
751982,NewbizRejectReason,NewbizRejectReason,,,-2,1
751986,BusinessCate,BusinessCate,,,-1,1
752009,UndoEndoId,UndoEndoId,,,-2,1
752082,PlanDefinitionId,PlanDefinitionId,,,-2,1
752087,QuotationVersionId,QuotationVersionId,,,-2,1
752117,FullBranchCode,FullBranchCode,,,-4,1
752119,BranchLevel,BranchLevel,,,-1,1
752168,ScopeIds,ScopeIds,,,-4,1
752170,MandatoryRule,MandatoryRule,,,-4,1
752172,MaxLength,MaxLength,,,-1,1
752176,IsMandatory,IsMandatory,,,-4,1
752178,IsUnique,IsUnique,,,-4,1
752180,MinValue,MinValue,,,-3,1
752182,ValueConflictAction,ValueConflictAction,,,-1,1
752184,FieldLabel,FieldLabel,,,-4,1
752188,MinLength,MinLength,,,-1,1
752190,ValueCopyRuleGroup,ValueCopyRuleGroup,,,-4,1
752192,HelpText,HelpText,,,-4,1
752194,MaxValue,MaxValue,,,-3,1
752196,FormulaText,FormulaText,,,-4,1
752198,ValidationRule,ValidationRule,,,-4,1
563136,SalesDiscountRate,,,[],-3,1
563138,PremiumDifference,,,[],-3,1
563246,FinalPremiumDifference,FinalPremiumDifference,,"[""FinalPremiumDifference""]",-3,1
591510,InsuredCategory,InsuredCategory,,[],-1,1
592142,ChinaLD,,ChinaLD,[],-4,1
592149,CarRateRefer,,CarRateRefer,[],-4,1
592412,EndoEffectiveDate,EndoEffectiveDate,,[],-5,1
592414,OrganId,OrganId,,[],-4,1
592419,TransationId,TransationId,,[],-2,1
592424,PolicyHolder,PolicyHolder,,[],-4,1
592426,CessionBound,CessionBound,,[],-1,1
592433,DerivType,DerivType,,[],-1,1
592436,EndoType,EndoType,,[],-1,1
592438,AgentCommission,AgentCommission,,[],-3,1
592440,AgentCommissionRate,AgentCommissionRate,,[],-3,1
592442,Premium2,Premium2,,[],-3,1
592447,InsuredCoverageInstDataAsJson,InsuredCoverageInstDataAsJson,,[],-4,1
599614,TreatyType,TreatyType,,[],-1,1
110110,CoInsuranceAdminFee,CoInsuranceAdminFee,,[],-3,1
110111,TotalDiscount,TotalDiscount,,[],-3,1
110112,DiscountAmount,DiscountAmount,,[],-3,1
752200,IsTechnical,IsTechnical,,,-4,1
518021,DamageItems,DamageItems,,[],-4,1
518022,ClaimantNames,ClaimantNames,,[],-4,1
518024,AssignmentApproach,AssignmentApproach,,[],-4,1
518026,BusinessId,BusinessId,,[],-4,1
518028,ApproveDecision,ApproveDecision,,[],-4,1
518030,ExceedApprovalAuthority,ExceedApprovalAuthority,,[],-4,1
870131,UserName,,UserName,,-4,1
905846,DebitNoteNo,DebitNoteNo,,,-4,1
905848,IntermediaryCode,IntermediaryCode,,,-4,1
905880,GrossReserveRetention,GrossReserveRetention,,,-3,1
905882,RecoveryReserveAmount,RecoveryReserveAmount,,,-3,1
905884,RecoveryAmount,RecoveryAmount,,,-3,1
905887,ReserveAmount,ReserveAmount,,,-3,1
905890,PaymentAmount,PaymentAmount,,,-3,1
905892,AccidentId,AccidentId,,,-2,1
905894,GrossRecoveryRetention,GrossRecoveryRetention,,,-3,1
905896,GrossRecoveryReserveRetent,GrossRecoveryReserveRetent,,,-3,1
905898,AccidentName,AccidentName,,,-4,1
905900,AccidentNo,AccidentNo,,,-4,1
905902,RecoveryStatus,RecoveryStatus,,,-1,1
905904,AccidentDate,AccidentDate,,,-5,1
905906,GrossPaymentRetention,GrossPaymentRetention,,,-3,1
905946,ClaimDescription,ClaimDescription,,,-4,1
905951,ReserveAmountUpdate,ReserveAmountUpdate,,,-3,1
905956,RecoveryReserveAmountUpdate,RecoveryReserveAmountUpdate,,,-3,1
905959,RiClaimNo,RiClaimNo,,,-4,1
905962,PaymentHistory,PaymentHistory,,,-4,1
905972,RiClaimId,RiClaimId,,,-2,1
905989,ClaimRiskCategoryId,ClaimRiskCategoryId,,,-2,1
906043,ProductCoverageId,ProductCoverageId,,,-2,1
906068,RprRiskCategoryId,RprRiskCategoryId,,,-2,1
906084,RprFeeDetailId,RprFeeDetailId,,,-2,1
906087,ReserveChangeType,ReserveChangeType,,,-4,1
564296,UserId,UserId,,[],-2,1
518001,TaskName,TaskName,,[],-4,1
518002,TaskAssignee,TaskAssignee,,[],-4,1
518003,ExecutionId,ExecutionId,,[],-4,1
518005,TaskCreateTime,TaskCreateTime,,[],-5,1
518006,TaskDueTime,TaskDueTime,,[],-5,1
518007,TaskPrioriry,TaskPrioriry,,[],-4,1
518011,AssignDate,AssignDate,,[],-5,1
599813,RiPolicyNo,RiPolicyNo,,[],-4,1
599817,IsCoInsuranceFollower,IsCoInsuranceFollower,,[],-1,1
599823,IsFacManually,IsFacManually,,[],-4,1
599831,RiPolicyId,RiPolicyId,,[],-2,1
599835,CoInsuranceShareRate,CoInsuranceShareRate,,[],-3,1
599852,ShareSumInsured,ShareSumInsured,,[],-3,1
599854,ContractType,ContractType,,[],-1,1
599857,ContractId,ContractId,,[],-2,1
599891,SiBalance,SiBalance,,[],-3,1
599895,LastSIAllocate,LastSIAllocate,,[],-3,1
599897,RiskUnitId,RiskUnitId,,[],-2,1
599899,RiskUnitName,RiskUnitName,,[],-4,1
599902,CreateDate,CreateDate,,[],-5,1
599905,RiskUnitNo,RiskUnitNo,,[],-4,1
599907,IsFacLock,IsFacLock,,[],-4,1
599909,SiAllocate,SiAllocate,,[],-3,1
599912,SiNetRiskAccmulation,SiNetRiskAccmulation,,[],-3,1
599934,RiskUnitContractId,RiskUnitContractId,,[],-2,1
599936,ContractStatus,ContractStatus,,[],-1,1
599954,RiskUnitContReinId,RiskUnitContReinId,,[],-2,1
599956,ReinEmail,ReinEmail,,[],-4,1
599960,FacEffectiveDate,FacEffectiveDate,,[],-5,1
599962,RiCommissionRate,RiCommissionRate,,[],-3,1
599965,ReinOrgan,ReinOrgan,,[],-4,1
669898,CoverageTotalAmount,CoverageTotalAmount,,,-3,1
669903,InstalmentId,InstalmentId,,,-2,1
669905,IntfTransationId,IntfTransationId,,,-2,1
935945,BusinessType,BusinessType,,,-1,1
935947,ClaimTranId,ClaimTranId,,,-2,1
935949,OffsetReason,OffsetReason,,,-1,1
935952,FCurrencyId,FCurrencyId,,,-1,1
935954,ReinsUnderBroker,ReinsUnderBroker,,,-4,1
935958,FormerPayDetailId,FormerPayDetailId,,,-2,1
935960,SoaId,SoaId,,,-2,1
935963,CashCallFlag,CashCallFlag,,,-1,1
935966,DeptId,DeptId,,,-4,1
935969,IntfTranid,IntfTranid,,,-2,1
935971,MpSettlementId,MpSettlementId,,,-2,1
935973,FormerPayTranId,FormerPayTranId,,,-2,1
935975,PostFlag,PostFlag,,,-1,1
563248,UnearnedProrate,UnearnedProrate,,"[""UnearnedProrate""]",-3,1
577068,TotalAdditionalPremium,,,[],-3,1
592136,CarGroup,CarGroup,CarGroup,"[""CarGroup""]",-2,1
593239,SpLines,SpLines,,[],-3,1
593244,Retention,Retention,,[],-3,1
593246,CessionLimit,CessionLimit,,[],-3,1
593249,ExecOrder,ExecOrder,,[],-1,1
593251,XolAggreLimit,XolAggreLimit,,[],-3,1
593253,Capacity,Capacity,,[],-3,1
593256,ArrangeId,ArrangeId,,[],-2,1
593259,SpRetentionBase,SpRetentionBase,,[],-3,1
593261,XolMinLives,XolMinLives,,[],-1,1
593264,QaShareRate,QaShareRate,,[],-3,1
593268,CashCallLimit,CashCallLimit,,[],-3,1
593286,ShareRate,ShareRate,,[],-3,1
593288,TreatyReinsId,TreatyReinsId,,[],-2,1
593290,ReinsOrganId,ReinsOrganId,,[],-4,1
593533,XolInstalmentPeriod,XolInstalmentPeriod,,[],-1,1
593540,XolReinsPremRate,XolReinsPremRate,,[],-3,1
593545,XolPremDiscount,XolPremDiscount,,[],-3,1
593572,XolPremType,XolPremType,,[],-1,1
593574,XolPayInterval,XolPayInterval,,[],-1,1
593577,XolFlatAdjRate,XolFlatAdjRate,,[],-3,1
593581,XolPremAmt,XolPremAmt,,[],-3,1
593583,XolNoOfReins,XolNoOfReins,,[],-1,1
518012,TaskDefinitionKey,TaskDefinitionKey,,[],-4,1
669623,RiskUnitMapId,RiskUnitMapId,,,-2,1
669626,RiskAccNoRule,RiskAccNoRule,,,-4,1
669628,SiAlloCateCalType,SiAlloCateCalType,,,-1,1
669630,PremCalType,PremCalType,,,-1,1
669632,RiskUnitNameRule,RiskUnitNameRule,,,-1,1
669634,TreatyDerivingDate,TreatyDerivingDate,,,-1,1
669636,SiCalType,SiCalType,,,-1,1
702974,Action,Action,,[],-4,1
773719,RiskLevelDesc,RiskLevelDesc,,,-4,1
773725,RiskLevelId,RiskLevelId,,,-2,1
831974,CommissionAmount,Commission,,,-3,1
831976,OverrideCommissionAmount,OverrideCommissionAmount,,,-3,1
935978,FnProcNo,FnProcNo,,,-4,1
935981,XolOffsetFlag,XolOffsetFlag,,,-1,1
935983,FeeCur,FeeCur,,,-1,1
935985,ContCurrencyId,ContCurrencyId,,,-1,1
935989,OffsetFlag,OffsetFlag,,,-1,1
935992,PayId,PayId,,,-2,1
935995,ContAdjId,ContAdjId,,,-2,1
935999,FacXolOrder,FacXolOrder,,,-1,1
936001,FeeStatus,FeeStatus,,,-1,1
936003,ReserveChangeCate,ReserveChangeCate,,,-4,1
936006,RiskunitContractId,RiskunitContractId,,,-2,1
936008,ClaimRPRId,ClaimRPRId,,,-2,1
936010,Uuid,Uuid,,,-4,1
936012,SoaFlag,SoaFlag,,,-1,1
936014,PremCurrencyId,PremCurrencyId,,,-1,1
936016,OsBalance,OsBalance,,,-3,1
936033,CoverageFeeAmt,CoverageFeeAmt,,,-3,1
936035,PayCoverageId,PayCoverageId,,,-2,1
936041,CoverageRatio,CoverageRatio,,,-3,1
558193,SalesDiscountAmount,,,[],-3,1
558652,PaymentTerm,PaymentTerm,,[],-1,1
558654,IsApplicableForNB,IsApplicableForNB,,[],-1,1
558656,IsApplicableForRenewal,IsApplicableForRenewal,,[],-1,1
558658,AgreementStatus,AgreementStatus,,[],-1,1
558665,ComRateStatus,ComRateStatus,,[],-1,1
558681,AuthId,AuthId,,[],-2,1
562912,AdjustedPremium,,,[],-3,1
577074,EarnedPremium,,,[],-3,1
590709,IsProcessed,IsProcessed,,[],-4,1
590711,DetailType,DetailType,,[],-1,1
590714,FileUploadTaskId,FileUploadTaskId,,[],-2,1
590717,IsProcessSuccess,IsProcessSuccess,,[],-4,1
590719,DetailId,DetailId,,[],-2,1
590724,DeclarationId,DeclarationId,,[],-2,1
590726,ErrorMessage,ErrorMessage,,[],-4,1
590728,DetailData,DetailData,,[],-4,1
596977,DetailAddress,DetailAddress,,[],-4,1
744186,ApplyTax,ApplyTax,,,-1,1
752202,Precision,Precision,,,-1,1
752204,DefaultValueRule,DefaultValueRule,,,-4,1
752206,IsFormula,IsFormula,,,-4,1
752214,FeeInfoType,FeeInfoType,,,-4,1
752217,FeeInfoStatus,FeeInfoStatus,,,-1,1
752220,CurrencyCode,CurrencyCode,,,-4,1
752253,RecordSeq,RecordSeq,,,-2,1
518013,AssignBy,AssignBy,,[],-4,1
518014,AttachTo,AttachTo,,[],-4,1
518015,TaskDescription,TaskDescription,,[],-4,1
518016,CloseBy,CloseBy,,[],-4,1
518017,CloseDate,CloseDate,,[],-5,1
518018,TaskStatus,TaskStatus,,[],-4,1
518020,CandidateGroup,CandidateGroup,,[],-4,1
766735,FacAmtLimit,FacAmtLimit,,,-3,1
766742,FacDefiId,FacDefiId,,,-2,1
766745,FacStatus,FacStatus,,,-1,1
800227,OverrideGrossPremium,OverrideGrossPremium,,,-3,1
843653,ClaimId,ClaimId,,,-2,1
843655,SubClaimNo,SubClaimNo,,,-4,1
843664,OccurDate,OccurDate,,,-5,1
843666,CancelDate,CancelDate,,,-5,1
843668,CoverageAndFeeDataAsJson,CoverageAndFeeDataAsJson,,,-4,1
843670,ClaimTransationId,ClaimTransationId,,,-2,1
843672,ClaimStatus,ClaimStatus,,,-1,1
843674,ClaimCause,ClaimCause,,,-4,1
936765,CoverageAmount,CoverageAmount,,,-3,1
558287,RiskCategory,RiskCategory,,"[""RiskCategory""]",-1,1
562949,Submiter,Submiter,,[],-2,1
562951,SubmitDate,SubmitDate,,[],-5,1
562954,LocalCurrency,LocalCurrency,,[],-4,1
562961,Approver,Approver,,[],-2,1
562965,SettleStatus,SettleStatus,,[],-4,1
562967,PaymentStatus,PaymentStatus,,[],-4,1
562969,SettlementNo,SettlementNo,,[],-4,1
562983,PayeeId,PayeeId,,[],-2,1
562985,ApproveDate,ApproveDate,,[],-5,1
562987,PtyAccountId,PtyAccountId,,[],-2,1
562990,Times,Times,,[],-1,1
562992,SettleId,SettleId,,[],-2,1
563032,SettleCurrency,SettleCurrency,,[],-4,1
563034,LocalSettleAmount,LocalSettleAmount,,[],-3,1
563041,SettleItemId,SettleItemId,,[],-2,1
563043,ReserveSettleAmount,ReserveSettleAmount,,[],-3,1
563045,LocalPaymentAmount,LocalPaymentAmount,,[],-3,1
563047,LocalExchangeRate,LocalExchangeRate,,[],-3,1
563050,PaymentType,PaymentType,,[],-4,1
563058,ReserveCurrency,ReserveCurrency,,[],-4,1
563064,CheckDeliverDate,CheckDeliverDate,,[],-5,1
563066,ExtTransId,ExtTransId,,[],-2,1
563071,PayFinal,PayFinal,,[],-4,1
563073,PaidAmount,PaidAmount,,[],-3,1
563081,SettlementItemNo,SettlementItemNo,,[],-4,1
563085,ReserveExchangeRate,ReserveExchangeRate,,[],-3,1
577076,ShortRate,,,[],-3,1
577072,EarnedProrate,,,[],-3,1
590195,FormSequence,FormSequence,,[],-4,1
590197,FormContent,FormContent,,[],-4,1
590199,FormCode,FormCode,,[],-4,1
590915,OurShare,OurShare,,[],-3,1
590922,IsLeader,IsLeader,,[],-4,1
590924,IsLeaderCollectAllPrem,IsLeaderCollectAllPrem,,[],-4,1
590946,CoInsuranceInsurerId,CoInsuranceInsurerId,,[],-2,1
591597,CertificateNo,CertificateNo,,[],-4,4
590689,CoverNoteNo,CoverNoteNo,,[],-4,4
592138,MinAge,,MinAge,[],-4,1
592900,LossResInterestRate,LossResInterestRate,,[],-3,1
592902,TreatyCategory,TreatyCategory,,[],-1,1
592904,LevyRate,LevyRate,,[],-3,1
592906,TreatyStatus,TreatyStatus,,[],-1,1
592908,BurnCostRateAdj,BurnCostRateAdj,,[],-3,1
592912,MaxBurnCostRate,MaxBurnCostRate,,[],-3,1
592914,CommCalType,CommCalType,,[],-1,1
592917,CurrencyId,CurrencyId,,[],-1,1
592919,RiPortPremEntryRate,RiPortPremEntryRate,,[],-3,1
592921,BurnCostAdjDen,BurnCostAdjDen,,[],-1,1
592923,PremResInterestRate,PremResInterestRate,,[],-3,1
592925,TreatyName,TreatyName,,[],-4,1
592927,FormerId,FormerId,,[],-2,1
592929,RiPortPremRate,RiPortPremRate,,[],-3,1
592931,MdpAdjRateType,MdpAdjRateType,,[],-1,1
592933,ExRate,ExRate,,[],-3,1
592935,BordereauPeriod,BordereauPeriod,,[],-1,1
592937,RiPremReserveRate,RiPremReserveRate,,[],-3,1
592939,ExpDate,ExpDate,,[],-5,1
592943,InterestRate,InterestRate,,[],-3,1
592945,RiLossReserveRate,RiLossReserveRate,,[],-3,1
592948,OgrCommRate,OgrCommRate,,[],-3,1
592952,TreatyId,TreatyId,,"[""TreatyId""]",-2,1
592954,PortfolioMethod,PortfolioMethod,,[],-1,1
592956,RiPortOsClaimEntryRate,RiPortOsClaimEntryRate,,[],-3,1
592958,TreatyNo,TreatyNo,,[],-4,1
592960,BurnCostAdjMol,BurnCostAdjMol,,[],-1,1
592962,MinBurnCostRate,MinBurnCostRate,,[],-3,1
