CODE_TABLE_ID,NAME,CODE_TABLE_TYPE,ID_FIELD,CODE_FIELD,DESC_FIELD,SORT_FIELD,CONTEXT_ID,DATA_SOURCE,IS_SMALL,NEED_CACHE,RECORD_USAGE,CONDITION_FIELDS,NEED_MULTI_LANG,DATA_TABLE_ID
511752,PolicyLobPCTitle,-1,DataValue,DataValue,DisplayValue,,-1,Title,Y,Y,4,,Y,NULL
912426,Title,-2,COURTESY_TITLE,COURTESY_TITLE,TITLE_NAME,,-1,T_PTY_COURTESY_TITLE,Y,Y,2,,Y,502560
912430,Area,-1,DataValue,DataValue,DisplayValue,,-1,Area,Y,Y,2,,Y,909635
915073,Occupation,-1,DataValue,DataValue,DisplayValue,,-1,Occupation,Y,Y,2,,Y,909755
915283,District,-1,District,District,District,,-1,District,Y,Y,2,"[""Area""]",Y,759254
