INDEX_ID,NAME,DESCRIPTION,MODEL_ID,SCHEMA_NAME,DATA_PROVIDER_BEAN,REBUILD_DATA_PROVIDER_BEAN,RECORD_USAGE
100005,Policy,Policy Index,-15,unicorn,commonIndexDataProvider,policyRebuildIndexDataProvider,1
100007,CodeTable,CodeTable Index,-102,unicorn,codeTableIndexDataProvider,codeTableRebuildIndexDataProvider,1
100006,PartyIndividualCustomer,PartyIndividualCustomer Index,-120,unicorn,commonIndexDataProvider,customerRebuildIndexDataProvider,1
100008,PartyOrgCustomer,PartyOrgCustomer Index,-121,unicorn,commonIndexDataProvider,customerRebuildIndexDataProvider,1
100010,ClaimTask,Claim Task Index,596823,workflow,,,1
100009,Workflow,Workflow Index,-137,workflow,,,1
