OBJECT_ID,NAME,DESCRIPTION,CODE,MODEL_ID,IS_ABSTRACT,CONTEXT_ID,CLASS_ID,SUPER_OBJECT_ID,RECORD_USAGE,DELETE_WHEN_NO_LINKED_CHILD,IS_MANDATORY
283708,FormContextDefinition,,FormContextDefinition,283525,N,-1,283448,NULL,1,N,N
312526,FormModel,,FormModel,312525,N,-1,312471,NULL,1,N,N
314039,FormVariableDefinition,,FormVariableDefinition,314038,N,-1,294044,NULL,1,N,N
316589,PolicyCommissionRate,,PolicyCommissionRate,316588,N,-1,316568,NULL,1,N,N
317411,AgentIndividual,,AgentIndividual,317410,N,-1,317379,NULL,1,N,N
329994,SalesChannelIndividual,,SalesChannelIndividual,317410,N,-1,329962,NULL,1,N,N
333058,SalesAgreement,,SalesAgreement,333057,N,-1,333042,NULL,1,N,N
333094,SalesCommissionRate,,SalesCommissionRate,333093,N,-1,333081,NULL,1,N,N
481956,DemoPolicy,,DemoPolicy,-90001,N,-1,481944,NULL,3,N,N
481982,DemoInsured,,DemoInsured,-90002,N,-1,481970,NULL,3,N,N
482004,DemoPolicyCt,,DemoPolicyCt,-90004,N,-1,481994,NULL,3,N,N
492101,DemoPolicyCt,,CtCode2,-90004,N,-1,NULL,482004,3,N,N
492102,DemoPolicyCt,,CtCode1,-90004,N,-1,NULL,482004,3,N,N
482023,DemoProduct,,DemoProduct,-90005,N,-1,482015,NULL,3,N,N
482039,DemoProductCt,,DemoProductCt,-90006,N,-1,482031,NULL,3,N,N
482058,DemoPolicyCommission,,DemoPolicyCommission,-90007,N,-1,482049,NULL,3,N,N
494502,VehicleModel,,VehicleModel,494501,N,-1,494488,NULL,2,N,N
558678,SalesAuthority,,SalesAuthority,558677,N,-1,558667,NULL,2,N,N
564280,SalesChannelOrg,,SalesChannelOrg,317410,N,-1,564255,NULL,2,N,N
1000000250,BaseEntityImpl,,BaseEntityImpl,-100,Y,-1,-938,NULL,1,N,N
1000000248,BaseEntityWithDynamicFields,,BaseEntityWithDynamicFields,-100,Y,-1,-939,1000000250,1,N,N
1000000214,DiscountLoadingType,,DiscountLoadingType,-100,Y,-1,-908,1000000248,1,N,N
1000000249,DomainModel,,DomainModel,-100,Y,-1,-940,1000000248,1,N,N
-501,ProductElementRelation,,ProductElementRelation,-128,N,-1,-509,1000000249,1,N,N
-500,ProductMaster,,ProductMaster,-126,N,-1,-508,1000000249,1,N,N
110112,RiDomainModel,,RiDomainModel,-100,Y,-1,-956,1000000249,1,N,N
110110,RiPADomainModel,,RiPADomainModel,-100,Y,-1,-954,110112,1,N,N
599381,RiPolicy,,RiPolicy,599380,N,-1,599354,110110,2,N,N
599849,RiPolicyContract,,RiPolicyContract,599848,N,-1,599838,110110,2,N,N
599885,RiRiskUnit,,RiRiskUnit,599884,N,-1,599859,110110,2,N,N
599929,RiRiskUnitContract,,RiRiskUnitContract,599928,N,-1,599916,110110,2,N,N
599953,RIRiskUnitContRein,,RIRiskUnitContRein,599952,N,-1,599940,110110,2,N,N
669897,RiRiskUnitCoverage,,RiRiskUnitCoverage,669896,N,-1,669884,110110,2,N,N
669921,RiPolicyInstalment,,RiPolicyInstalment,669920,N,-1,669907,110110,2,N,N
110111,RiIntfDomainModel,,RiIntfDomainModel,-100,Y,-1,-955,110112,1,N,N
746377,RIPolicyIntf,,RIPolicyIntf,592408,N,-1,745537,110111,2,N,N
843650,RIClaimIntf,,RIClaimIntf,843649,N,-1,843625,110111,2,N,N
905856,RiClaimDomain,,RiClaimDomain,905855,Y,-1,905850,110112,2,N,N
905879,RiAccident,,RiAccident,905878,N,-1,905857,905856,2,N,N
905941,RiClaim,,RiClaim,905940,N,-1,905908,905856,2,N,N
905988,RiClaimRiskCategory,,RiClaimRiskCategory,905987,N,-1,905974,905856,2,N,N
906083,RiClaimRprRiskCatFeeDetail,,RiClaimRprRiskCatFeeDetail,906082,N,-1,906071,905856,2,N,N
934966,RiClaimRprRiskCategory,,RiClaimRprRiskCategory,934965,N,-1,934952,905856,2,N,N
934987,RiClaimRprRiskCategoryCoverage,,RiClaimRprRiskCategoryCoverage,934986,N,-1,934974,905856,2,N,N
935943,RiPay,,RiPay,935942,N,-1,935889,905856,2,N,N
936032,RiPayCoverage,,RiPayCoverage,936031,N,-1,936018,905856,2,N,N
600656,TreatyDomainModel,,TreatyDomainModel,600655,Y,-1,600649,1000000249,1,N,N
600276,RiskCat,,RiskCat,593326,N,-1,599514,600656,2,N,N
600704,Treaty,,Treaty,600703,Y,-1,600659,600656,2,N,N
600229,TreatyArrange,,TreatyArrange,593234,N,-1,599410,600704,2,N,N
600258,TreatyReins,,TreatyReins,593279,N,-1,599499,600704,2,N,N
600329,QSTreaty,,QSTreaty,592898,N,-1,599537,600704,2,N,N
600413,SPTreaty,,SPTreaty,593434,N,-1,599623,600704,2,N,N
600505,XOLTreaty,,XOLTreaty,593529,N,-1,599708,600704,2,N,N
765849,AFTreaty,,AFTreaty,593347,N,-1,737010,600704,2,N,N
669619,RiskUnitMap,,RiskUnitMap,669618,N,-1,669603,600656,2,N,N
766734,FacDefi,,FacDefi,766733,N,-1,766719,600656,2,N,N
773718,PrdtRiskLevel,,PrdtRiskLevel,773717,N,-1,773706,600656,2,N,N
1000000201,Product,,Product,-125,N,-1,-417,1000000249,1,N,N
1000000219,PADomainModel,,PADomainModel,-100,Y,-1,-913,1000000249,1,N,N
-514,Quotation,,Quotation,-136,N,-1,-953,1000000219,1,N,N
-513,PolicyPlanElement,,PolicyPlanElement,-135,N,-1,-952,1000000219,1,N,N
520259,PolicyPaymentInfo,,PolicyPaymentInfo,-141,N,-1,520234,1000000219,1,N,N
590707,MasterPolicyDeclarationDetail,,MasterPolicyDeclarationDetail,590706,N,-1,590690,1000000219,2,N,N
590745,PolicyFeeInstallment,,PolicyFeeInstallment,590744,N,-1,590732,1000000219,2,N,N
590771,NewbizFeeInfo,,NewbizFeeInfo,590770,N,-1,590761,1000000219,2,N,N
590793,PolicyFee,,PolicyFee,590792,N,-1,590781,1000000219,2,N,N
590819,PolicyFeeSplit,,PolicyFeeSplit,590818,N,-1,590807,1000000219,2,N,N
590842,EndorsementFeeInfo,,EndorsementFeeInfo,590841,N,-1,590832,1000000219,2,N,N
590876,EndorsementPaymentInfo,,EndorsementPaymentInfo,-142,N,-1,590851,1000000219,2,N,N
590913,CoInsuranceInfo,,CoInsuranceInfo,590912,N,-1,590901,1000000219,2,N,N
590938,CoInsuranceInsurer,,CoInsuranceInsurer,590937,N,-1,590927,1000000219,2,N,N
1000000212,CoverageTemplate,,CoverageTemplate,-100,Y,-1,-906,1000000219,1,N,N
1000000213,DiscountLoading,,DiscountLoading,-111,Y,-1,-907,1000000219,1,N,N
1000000215,Endorsement,,Endorsement,-115,Y,-1,-909,1000000219,1,N,N
126552,BasicInfoEndorsement,,11,-115,N,-1,NULL,1000000215,1,N,N
264613,CancellationEndorsement,,21,-115,N,-1,NULL,1000000215,1,N,N
264614,ReinstatementEndorsement,,31,-115,N,-1,NULL,1000000215,1,N,N
283446,UndoEndorsement,,41,-115,N,-1,NULL,1000000215,1,N,N
492670,PoiMoveEndorsement,,51,-115,N,-1,NULL,1000000215,1,N,N
494613,PoiExtensionEndorsement,,12,-115,N,-1,NULL,1000000215,1,N,N
494614,PoiShortenEndorsement,,13,-115,N,-1,NULL,1000000215,1,N,N
1000000216,EndorsementRequest,,EndorsementRequest,-116,Y,-1,-910,1000000219,1,N,N
1000000224,PolicyDeductible,,PolicyDeductible,-100,Y,-1,-919,1000000219,1,N,N
1000000225,PolicyElement,,PolicyElement,-100,Y,-1,-920,1000000219,1,N,N
-517,DemoSchedule2,,DemoSchedule2,-140,N,-1,NULL,1000000225,3,N,N
-516,DemoSchedule1,,DemoSchedule1,-139,N,-1,NULL,1000000225,3,N,N
-515,PolicySchedule,,PolicySchedule,-138,Y,-1,227298,1000000225,1,N,N
632410,VehicleDriver,,VehicleDriver,-151,Y,-1,NULL,-515,1,N,N
632411,Question,,Question,-150,Y,-1,NULL,-515,1,N,N
702199,QuestVehicle,,QuestVehicle,702198,N,-1,NULL,-515,1,N,N
737588,PolicyQuestion,,PolicyQuestion,737587,N,-1,NULL,-515,1,N,N
775726,PolicyDriver,,PolicyDriver,775725,N,-1,NULL,-515,1,N,N
1000000208,AbstractPolicy,,AbstractPolicy,-100,Y,-1,-901,1000000225,1,N,N
1000000286,Policy,,Policy,-15,Y,-1,-915,1000000208,1,N,N
1000000209,AbstractPolicyCoverage,,AbstractPolicyCoverage,-100,Y,-1,-902,1000000225,1,N,N
1000000222,PolicyCoverage,,PolicyCoverage,-105,Y,-1,-917,1000000209,1,N,N
1000000223,PolicyCoverageGroup,,PolicyCoverageGroup,-106,Y,-1,-918,1000000209,1,N,N
1000000226,PolicyForm,,PolicyForm,-108,Y,-1,-922,1000000209,1,N,N
1000000227,PolicyLayer,,PolicyLayer,-10,Y,-1,-923,1000000209,1,N,N
1000000231,PolicyPeril,,PolicyPeril,-109,Y,-1,-927,1000000209,1,N,N
1000000232,PolicySubCoverage,,PolicySubCoverage,-107,Y,-1,-928,1000000209,1,N,N
1000000229,PolicyLob,,PolicyLob,-110,Y,-1,-925,1000000225,1,N,N
689297,TravelPolicyLob,,Travel,-110,N,-1,689281,1000000229,1,N,N
695544,ContractPolicyLob,,Contract,-110,N,-1,669936,1000000229,1,N,N
1000000211,CommonPolicyLob,,Common,-110,Y,-1,-905,1000000229,1,N,N
1000000253,VehiclePolicyLob,,Vehicle,-110,Y,-1,-943,1000000229,1,N,N
1000000255,HomePolicyLob,,Home,-110,Y,-1,-945,1000000229,1,N,N
1000000252,PolicyRisk,,PolicyRisk,-10,Y,-1,-911,1000000225,1,N,N
1000000210,CommonInsured,,CommonInsured,-10,Y,-1,-904,1000000252,1,N,N
1000000217,VehicleInsured,,VehicleInsured,-10,Y,-1,-942,1000000252,1,N,N
1000000218,LocationInsured,,LocationInsured,-10,Y,-1,-912,1000000252,1,N,N
1000000254,HomeInsured,,HomeInsured,-10,Y,-1,-944,1000000252,1,N,N
1000000256,AddressInsured,,AddressInsured,-10,Y,-1,-946,1000000252,1,N,N
1000000257,ContractInsured,,ContractInsured,-10,Y,-1,-947,1000000252,1,N,N
1000000258,LiabilityInsured,,LiabilityInsured,-10,Y,-1,-948,1000000252,1,N,N
1000000259,PersonInsured,,PersonInsured,-10,Y,-1,-949,1000000252,1,N,N
1000000228,PolicyLimit,,PolicyLimit,-100,Y,-1,-924,1000000219,1,N,N
1000000233,PolicyTaxFee,,PolicyTaxFee,-100,Y,-1,-929,1000000219,1,N,N
1000000234,PolicyPlan,,PolicyPlan,-112,Y,-1,-931,1000000219,1,N,N
1000000235,QuotationVersion,,QuotationVersion,-113,N,-1,-933,1000000219,1,N,N
1000000238,Submission,,Submission,-130,Y,-1,-937,1000000219,1,N,N
1000000251,Driver,,Driver,-122,N,-1,-941,1000000219,1,N,N
1000000290,PolicyCustomer,,PolicyCustomer,-133,N,-1,-950,1000000219,1,N,N
1000000291,PolicyAddress,,PolicyAddress,-134,N,-1,-951,1000000219,1,N,N
1000000247,PartyDomainModel,,PartyDomainModel,-100,Y,-1,-809,1000000249,1,N,N
590973,PartyAccount,,PartyAccount,-143,N,-1,590953,1000000247,2,N,N
1000000239,Party,,Party,-100,Y,-1,-801,1000000247,1,N,N
1000000243,PartyIndividual,,PartyIndividual,-100,Y,-1,-805,1000000239,1,N,N
1000000244,PartyIndividualCustomer,,PartyIndividualCustomer,-120,N,-1,-806,1000000243,1,N,N
1000000245,PartyOrg,,PartyOrg,-100,Y,-1,-807,1000000239,1,N,N
1000000241,PartyBranch,,PartyBranch,-118,N,-1,-803,1000000245,1,N,N
1000000246,PartyOrgCustomer,,PartyOrgCustomer,-121,N,-1,-808,1000000245,1,N,N
1000000240,PartyAddress,,PartyAddress,-117,N,-1,-802,1000000247,1,N,N
1000000242,PartyContact,,PartyContact,-119,N,-1,-804,1000000247,1,N,N
1000000260,ProductElement,,ProductElement,-100,Y,-1,-547,1000000249,1,N,N
-518,ProductBusinessProduct,,ProductBusinessProduct,-127,N,-1,-511,1000000260,1,N,N
-509,ProductSchedule,,ProductSchedule,-127,N,-1,-505,1000000260,1,N,N
-508,ProductSubProduct,,ProductSubProduct,-127,N,-1,-504,1000000260,1,N,N
-507,ProductPeril,,ProductPeril,-127,N,-1,-546,1000000260,1,N,N
-506,ProductLayer,,ProductLayer,-127,N,-1,-492,1000000260,1,N,N
-505,ProductPlan,,ProductPlan,-127,N,-1,-503,1000000260,1,N,N
-504,ProductForm,,ProductForm,-127,N,-1,-510,1000000260,1,N,N
-503,ProductCoverage,,ProductCoverage,-127,N,-1,-400,1000000260,1,N,N
-502,ProductRisk,,ProductRisk,-127,N,-1,-507,1000000260,1,N,N
1000000287,BusinessFieldBinding,,BusinessFieldBinding,-104,Y,-1,-102,1000000249,1,N,N
1000000288,BusinessField,,BusinessField,-24,Y,-1,-101,1000000249,1,N,N
1000000289,BusinessObject,,BusinessObject,-103,Y,-1,-100,1000000249,1,N,N
1000000292,ClaimDomainModel,,ClaimDomainModel,-100,N,-1,NULL,1000000249,1,N,N
517748,ClaimCase,,ClaimCase,-144,N,-1,517681,1000000292,3,N,N
517866,ClaimObject,,ClaimObject,-145,N,-1,517828,517748,3,N,N
517950,ClaimItem,,ClaimItem,-146,N,-1,517929,517866,3,N,N
518015,ClaimReserve,,ClaimReserve,-147,N,-1,517999,517950,3,N,N
1000000293,ClaimSettlementDomainModel,,ClaimSettlementDomainModel,-100,N,-1,NULL,1000000249,1,N,N
562948,ClaimSettlement,,ClaimSettlement,562947,N,-1,562917,1000000293,3,N,N
577164,ClaimSettlementPayee,,ClaimSettlementPayee,577163,N,-1,577137,562948,3,N,N
563031,ClaimSettlementItem,,ClaimSettlementItem,563030,N,-1,562994,577164,3,N,N
