<?xml version="1.0" encoding="UTF-8" standalone="no"?>
<databaseChangeLog xmlns="http://www.liquibase.org/xml/ns/dbchangelog" xmlns:ext="http://www.liquibase.org/xml/ns/dbchangelog-ext" xmlns:xsi="http://www.w3.org/2001/XMLSchema-instance" xsi:schemaLocation="http://www.liquibase.org/xml/ns/dbchangelog-ext http://www.liquibase.org/xml/ns/dbchangelog/dbchangelog-ext.xsd http://www.liquibase.org/xml/ns/dbchangelog http://www.liquibase.org/xml/ns/dbchangelog/dbchangelog-3.3.xsd">
    <changeSet author="jason.shi (generated)" id="1452156434418-0">
        <insert tableName="T_DD_BUSI_JAVA_TYPE">
            <column name="JAVA_TYPE" valueNumeric="-4"/>
            <column name="CLASS_NAME" value="java.lang.String"/>
            <column name="DESCRIPTION" value="String"/>
            <column name="INSERT_BY" valueNumeric="-11"/>
            <column name="UPDATE_BY" valueNumeric="-11"/>
            <column name="INSERT_TIME" valueDate="2015-08-27 20:49:33.0"/>
            <column name="UPDATE_TIME" valueDate="2015-08-27 20:49:33.0"/>
        </insert>
        <insert tableName="T_DD_BUSI_JAVA_TYPE">
            <column name="JAVA_TYPE" valueNumeric="-5"/>
            <column name="CLASS_NAME" value="java.util.Date"/>
            <column name="DESCRIPTION" value="Date"/>
            <column name="INSERT_BY" valueNumeric="-11"/>
            <column name="UPDATE_BY" valueNumeric="-11"/>
            <column name="INSERT_TIME" valueDate="2015-08-27 20:49:34.0"/>
            <column name="UPDATE_TIME" valueDate="2015-08-27 20:49:34.0"/>
        </insert>
        <insert tableName="T_DD_BUSI_JAVA_TYPE">
            <column name="JAVA_TYPE" valueNumeric="-3"/>
            <column name="CLASS_NAME" value="java.math.BigDecimal"/>
            <column name="DESCRIPTION" value="BigDecimal"/>
            <column name="INSERT_BY" valueNumeric="-11"/>
            <column name="UPDATE_BY" valueNumeric="-11"/>
            <column name="INSERT_TIME" valueDate="2015-08-27 20:49:34.0"/>
            <column name="UPDATE_TIME" valueDate="2015-08-27 20:49:34.0"/>
        </insert>
        <insert tableName="T_DD_BUSI_JAVA_TYPE">
            <column name="JAVA_TYPE" valueNumeric="-2"/>
            <column name="CLASS_NAME" value="java.lang.Long"/>
            <column name="DESCRIPTION" value="Long"/>
            <column name="INSERT_BY" valueNumeric="-11"/>
            <column name="UPDATE_BY" valueNumeric="-11"/>
            <column name="INSERT_TIME" valueDate="2015-08-27 20:49:34.0"/>
            <column name="UPDATE_TIME" valueDate="2015-08-27 20:49:34.0"/>
        </insert>
        <insert tableName="T_DD_BUSI_JAVA_TYPE">
            <column name="JAVA_TYPE" valueNumeric="-1"/>
            <column name="CLASS_NAME" value="java.lang.Integer"/>
            <column name="DESCRIPTION" value="Integer"/>
            <column name="INSERT_BY" valueNumeric="-11"/>
            <column name="UPDATE_BY" valueNumeric="-11"/>
            <column name="INSERT_TIME" valueDate="2015-08-27 20:49:34.0"/>
            <column name="UPDATE_TIME" valueDate="2015-08-27 20:49:34.0"/>
        </insert>
    </changeSet>
    <changeSet author="jason.shi (generated)" id="1452156434418-1">
        <insert tableName="T_DD_BUSI_CODE_TABLE_TYPE">
            <column name="CODE_TABLE_TYPE" valueNumeric="-1"/>
            <column name="NAME" value="DataTable"/>
            <column name="DESCRIPTION" value="Data Table"/>
            <column name="INSERT_BY" valueNumeric="-11"/>
            <column name="UPDATE_BY" valueNumeric="-11"/>
            <column name="INSERT_TIME" valueDate="2015-08-27 09:25:20.0"/>
            <column name="UPDATE_TIME" valueDate="2015-08-27 09:25:20.0"/>
        </insert>
        <insert tableName="T_DD_BUSI_CODE_TABLE_TYPE">
            <column name="CODE_TABLE_TYPE" valueNumeric="-2"/>
            <column name="NAME" value="PhysicalTable"/>
            <column name="DESCRIPTION" value="DB Table"/>
            <column name="INSERT_BY" valueNumeric="-11"/>
            <column name="UPDATE_BY" valueNumeric="-11"/>
            <column name="INSERT_TIME" valueDate="2015-08-27 09:25:20.0"/>
            <column name="UPDATE_TIME" valueDate="2015-08-27 09:25:20.0"/>
        </insert>
        <insert tableName="T_DD_BUSI_CODE_TABLE_TYPE">
            <column name="CODE_TABLE_TYPE" valueNumeric="-3"/>
            <column name="NAME" value="Rule"/>
            <column name="DESCRIPTION" value="Rule Name"/>
            <column name="INSERT_BY" valueNumeric="-11"/>
            <column name="UPDATE_BY" valueNumeric="-11"/>
            <column name="INSERT_TIME" valueDate="2015-10-08 17:54:10.0"/>
            <column name="UPDATE_TIME" valueDate="2015-10-08 17:54:10.0"/>
        </insert>
        <insert tableName="T_DD_BUSI_CODE_TABLE_TYPE">
            <column name="CODE_TABLE_TYPE" valueNumeric="-4"/>
            <column name="NAME" value="Service"/>
            <column name="DESCRIPTION" value="Service"/>
            <column name="INSERT_BY" valueNumeric="-11"/>
            <column name="UPDATE_BY" valueNumeric="-11"/>
            <column name="INSERT_TIME" valueDate="2015-12-10 14:46:23.0"/>
            <column name="UPDATE_TIME" valueDate="2015-12-10 14:46:23.0"/>
        </insert>
    </changeSet>
    <changeSet author="jason.shi (generated)" id="1452156434418-2">
        <insert tableName="T_DD_BUSI_CONTEXT_TYPE">
            <column name="CONTEXT_TYPE" valueNumeric="-2"/>
            <column name="NAME" value="PRODUCT"/>
            <column name="DESCRIPTION" value="Product"/>
            <column name="INSERT_BY" valueNumeric="-11"/>
            <column name="UPDATE_BY" valueNumeric="-11"/>
            <column name="INSERT_TIME" valueDate="2015-09-11 17:20:27.0"/>
            <column name="UPDATE_TIME" valueDate="2015-09-11 17:20:27.0"/>
            <column name="RECORD_USAGE" valueNumeric="1"/>
            <column name="CONTEXT_FIELDS"/>
        </insert>
        <insert tableName="T_DD_BUSI_CONTEXT_TYPE">
            <column name="CONTEXT_TYPE" valueNumeric="-1"/>
            <column name="NAME" value="DEFAULT"/>
            <column name="DESCRIPTION" value="Default"/>
            <column name="INSERT_BY" valueNumeric="-11"/>
            <column name="UPDATE_BY" valueNumeric="-11"/>
            <column name="INSERT_TIME" valueDate="2015-09-11 17:20:27.0"/>
            <column name="UPDATE_TIME" valueDate="2015-09-11 17:20:27.0"/>
            <column name="RECORD_USAGE" valueNumeric="1"/>
            <column name="CONTEXT_FIELDS"/>
        </insert>
        <insert tableName="T_DD_BUSI_CONTEXT_TYPE">
            <column name="CONTEXT_TYPE" valueNumeric="-3"/>
            <column name="NAME" value="WORKFLOW"/>
            <column name="DESCRIPTION" value="Workflow"/>
            <column name="INSERT_BY" valueNumeric="-11"/>
            <column name="UPDATE_BY" valueNumeric="-11"/>
            <column name="INSERT_TIME" valueDate="2015-09-11 17:20:27.0"/>
            <column name="UPDATE_TIME" valueDate="2015-09-11 17:20:27.0"/>
            <column name="RECORD_USAGE" valueNumeric="1"/>
            <column name="CONTEXT_FIELDS"/>
        </insert>
        <insert tableName="T_DD_BUSI_CONTEXT_TYPE">
            <column name="CONTEXT_TYPE" valueNumeric="-4"/>
            <column name="NAME" value="PARTY"/>
            <column name="DESCRIPTION" value="Party"/>
            <column name="INSERT_BY" valueNumeric="-11"/>
            <column name="UPDATE_BY" valueNumeric="-11"/>
            <column name="INSERT_TIME" valueDate="2015-09-11 17:20:27.0"/>
            <column name="UPDATE_TIME" valueDate="2015-09-11 17:20:27.0"/>
            <column name="RECORD_USAGE" valueNumeric="1"/>
            <column name="CONTEXT_FIELDS"/>
        </insert>
        <insert tableName="T_DD_BUSI_CONTEXT_TYPE">
            <column name="CONTEXT_TYPE" valueNumeric="-6"/>
            <column name="NAME" value="PRODUCT_ELEMENT"/>
            <column name="DESCRIPTION" value="Product Element"/>
            <column name="INSERT_BY" valueNumeric="-11"/>
            <column name="UPDATE_BY" valueNumeric="-11"/>
            <column name="INSERT_TIME" valueDate="2015-09-23 09:55:03.0"/>
            <column name="UPDATE_TIME" valueDate="2015-09-23 09:55:03.0"/>
            <column name="RECORD_USAGE" valueNumeric="1"/>
            <column name="CONTEXT_FIELDS"/>
        </insert>
        <insert tableName="T_DD_BUSI_CONTEXT_TYPE">
            <column name="CONTEXT_TYPE" valueNumeric="-5"/>
            <column name="NAME" value="ENDORSEMENT"/>
            <column name="DESCRIPTION" value="Endorsement"/>
            <column name="INSERT_BY" valueNumeric="-11"/>
            <column name="UPDATE_BY" valueNumeric="-11"/>
            <column name="INSERT_TIME" valueDate="2015-09-17 11:41:56.0"/>
            <column name="UPDATE_TIME" valueDate="2015-09-17 11:41:56.0"/>
            <column name="RECORD_USAGE" valueNumeric="1"/>
            <column name="CONTEXT_FIELDS"/>
        </insert>
    </changeSet>
    <changeSet author="jason.shi (generated)" id="1452156434418-3">
        <insert tableName="T_DD_BUSI_FIELD_TYPE">
            <column name="FIELD_TYPE" valueNumeric="-1"/>
            <column name="NAME" value="Integer"/>
            <column name="DESCRIPTION" value="Integer"/>
            <column name="DATA_TYPE" valueNumeric="-1"/>
            <column name="MAX_LENGTH" valueNumeric="10"/>
            <column name="PRECISION"/>
            <column name="JAVA_TYPE" valueNumeric="-1"/>
            <column name="MIN_LENGTH" valueNumeric="0"/>
            <column name="INSERT_BY" valueNumeric="-11"/>
            <column name="UPDATE_BY" valueNumeric="-11"/>
            <column name="INSERT_TIME" valueDate="2015-09-11 17:20:54.0"/>
            <column name="UPDATE_TIME" valueDate="2015-09-11 17:20:54.0"/>
            <column name="RECORD_USAGE" valueNumeric="1"/>
        </insert>
        <insert tableName="T_DD_BUSI_FIELD_TYPE">
            <column name="FIELD_TYPE" valueNumeric="-4"/>
            <column name="NAME" value="String"/>
            <column name="DESCRIPTION" value="String"/>
            <column name="DATA_TYPE" valueNumeric="-4"/>
            <column name="MAX_LENGTH" valueNumeric="200"/>
            <column name="PRECISION"/>
            <column name="JAVA_TYPE" valueNumeric="-4"/>
            <column name="MIN_LENGTH" valueNumeric="0"/>
            <column name="INSERT_BY" valueNumeric="-11"/>
            <column name="UPDATE_BY" valueNumeric="-11"/>
            <column name="INSERT_TIME" valueDate="2015-09-11 17:20:54.0"/>
            <column name="UPDATE_TIME" valueDate="2015-09-11 17:20:54.0"/>
            <column name="RECORD_USAGE" valueNumeric="1"/>
        </insert>
        <insert tableName="T_DD_BUSI_FIELD_TYPE">
            <column name="FIELD_TYPE" valueNumeric="-5"/>
            <column name="NAME" value="Date"/>
            <column name="DESCRIPTION" value="Date"/>
            <column name="DATA_TYPE" valueNumeric="-5"/>
            <column name="MAX_LENGTH" valueNumeric="10"/>
            <column name="PRECISION"/>
            <column name="JAVA_TYPE" valueNumeric="-5"/>
            <column name="MIN_LENGTH" valueNumeric="0"/>
            <column name="INSERT_BY" valueNumeric="-11"/>
            <column name="UPDATE_BY" valueNumeric="-11"/>
            <column name="INSERT_TIME" valueDate="2015-09-11 17:20:54.0"/>
            <column name="UPDATE_TIME" valueDate="2015-09-11 17:20:54.0"/>
            <column name="RECORD_USAGE" valueNumeric="1"/>
        </insert>
        <insert tableName="T_DD_BUSI_FIELD_TYPE">
            <column name="FIELD_TYPE" valueNumeric="-2"/>
            <column name="NAME" value="Long"/>
            <column name="DESCRIPTION" value="Long"/>
            <column name="DATA_TYPE" valueNumeric="-2"/>
            <column name="MAX_LENGTH" valueNumeric="20"/>
            <column name="PRECISION"/>
            <column name="JAVA_TYPE" valueNumeric="-2"/>
            <column name="MIN_LENGTH" valueNumeric="0"/>
            <column name="INSERT_BY" valueNumeric="-11"/>
            <column name="UPDATE_BY" valueNumeric="-11"/>
            <column name="INSERT_TIME" valueDate="2015-09-11 17:20:54.0"/>
            <column name="UPDATE_TIME" valueDate="2015-09-11 17:20:54.0"/>
            <column name="RECORD_USAGE" valueNumeric="1"/>
        </insert>
        <insert tableName="T_DD_BUSI_FIELD_TYPE">
            <column name="FIELD_TYPE" valueNumeric="-3"/>
            <column name="NAME" value="Double"/>
            <column name="DESCRIPTION" value="Double"/>
            <column name="DATA_TYPE" valueNumeric="-3"/>
            <column name="MAX_LENGTH" valueNumeric="20"/>
            <column name="PRECISION" valueNumeric="2"/>
            <column name="JAVA_TYPE" valueNumeric="-3"/>
            <column name="MIN_LENGTH" valueNumeric="0"/>
            <column name="INSERT_BY" valueNumeric="-11"/>
            <column name="UPDATE_BY" valueNumeric="-11"/>
            <column name="INSERT_TIME" valueDate="2015-09-11 17:20:54.0"/>
            <column name="UPDATE_TIME" valueDate="2015-09-11 17:20:54.0"/>
            <column name="RECORD_USAGE" valueNumeric="1"/>
        </insert>
        <insert tableName="T_DD_BUSI_FIELD_TYPE">
            <column name="FIELD_TYPE" valueNumeric="-6"/>
            <column name="NAME" value="Boolean"/>
            <column name="DESCRIPTION" value="Boolean"/>
            <column name="DATA_TYPE" valueNumeric="-6"/>
            <column name="MAX_LENGTH" valueNumeric="1"/>
            <column name="PRECISION"/>
            <column name="JAVA_TYPE" valueNumeric="-4"/>
            <column name="MIN_LENGTH" valueNumeric="0"/>
            <column name="INSERT_BY" valueNumeric="-11"/>
            <column name="UPDATE_BY" valueNumeric="-11"/>
            <column name="INSERT_TIME" valueDate="2015-12-07 11:16:34.0"/>
            <column name="UPDATE_TIME" valueDate="2015-12-07 11:16:34.0"/>
            <column name="RECORD_USAGE" valueNumeric="2"/>
        </insert>
        <insert tableName="T_DD_BUSI_FIELD_TYPE">
            <column name="FIELD_TYPE" valueNumeric="-7"/>
            <column name="NAME" value="Currency"/>
            <column name="DESCRIPTION" value="Currency"/>
            <column name="DATA_TYPE" valueNumeric="-3"/>
            <column name="MAX_LENGTH" valueNumeric="20"/>
            <column name="PRECISION" valueNumeric="2"/>
            <column name="JAVA_TYPE" valueNumeric="-3"/>
            <column name="MIN_LENGTH" valueNumeric="0"/>
            <column name="INSERT_BY" valueNumeric="-11"/>
            <column name="UPDATE_BY" valueNumeric="-11"/>
            <column name="INSERT_TIME" valueDate="2015-12-22 17:49:55.0"/>
            <column name="UPDATE_TIME" valueDate="2015-12-22 17:49:55.0"/>
            <column name="RECORD_USAGE" valueNumeric="2"/>
        </insert>
    </changeSet>

    <changeSet author="jason.shi (generated)" id="1452156434418-6">
        <insert tableName="T_DD_BUSI_OBJECT_RELATION_TYPE">
            <column name="RELATION_TYPE" valueNumeric="-1"/>
            <column name="NAME" value="One2One"/>
            <column name="DESCRIPTION" value="Single instance model"/>
            <column name="INSERT_BY" valueNumeric="-11"/>
            <column name="UPDATE_BY" valueNumeric="-11"/>
            <column name="INSERT_TIME" valueDate="2015-08-27 06:38:17.0"/>
            <column name="UPDATE_TIME" valueDate="2015-08-27 06:38:17.0"/>
        </insert>
        <insert tableName="T_DD_BUSI_OBJECT_RELATION_TYPE">
            <column name="RELATION_TYPE" valueNumeric="-2"/>
            <column name="NAME" value="One2Many"/>
            <column name="DESCRIPTION" value="Multiple instance model"/>
            <column name="INSERT_BY" valueNumeric="-11"/>
            <column name="UPDATE_BY" valueNumeric="-11"/>
            <column name="INSERT_TIME" valueDate="2015-08-27 06:38:17.0"/>
            <column name="UPDATE_TIME" valueDate="2015-08-27 06:38:17.0"/>
        </insert>
        <insert tableName="T_DD_BUSI_OBJECT_RELATION_TYPE">
            <column name="RELATION_TYPE" valueNumeric="-3"/>
            <column name="NAME" value="Reference"/>
            <column name="DESCRIPTION" value="Single instance reference to another shared instance"/>
            <column name="INSERT_BY" valueNumeric="-11"/>
            <column name="UPDATE_BY" valueNumeric="-11"/>
            <column name="INSERT_TIME" valueDate="2015-09-17 18:41:48.0"/>
            <column name="UPDATE_TIME" valueDate="2015-09-17 18:41:48.0"/>
        </insert>
    </changeSet>
    <changeSet author="jason.shi (generated)" id="1452156434418-7">
        <insert tableName="T_DD_BUSI_SCOPE">
            <column name="SCOPE_ID" valueNumeric="1"/>
            <column name="NAME" value="UI"/>
            <column name="DESCRIPTION" value="UI"/>
            <column name="INSERT_BY" valueNumeric="-11"/>
            <column name="UPDATE_BY" valueNumeric="-11"/>
            <column name="INSERT_TIME" valueDate="2015-12-07 15:57:25.0"/>
            <column name="UPDATE_TIME" valueDate="2015-12-07 15:57:25.0"/>
            <column name="RECORD_USAGE" valueNumeric="2"/>
        </insert>
        <insert tableName="T_DD_BUSI_SCOPE">
            <column name="SCOPE_ID" valueNumeric="2"/>
            <column name="NAME" value="Rating"/>
            <column name="DESCRIPTION" value="Rating"/>
            <column name="INSERT_BY" valueNumeric="-11"/>
            <column name="UPDATE_BY" valueNumeric="-11"/>
            <column name="INSERT_TIME" valueDate="2015-12-07 15:57:25.0"/>
            <column name="UPDATE_TIME" valueDate="2015-12-07 15:57:25.0"/>
            <column name="RECORD_USAGE" valueNumeric="2"/>
        </insert>
        <insert tableName="T_DD_BUSI_SCOPE">
            <column name="SCOPE_ID" valueNumeric="3"/>
            <column name="NAME" value="Rule"/>
            <column name="DESCRIPTION" value="Rule"/>
            <column name="INSERT_BY" valueNumeric="-11"/>
            <column name="UPDATE_BY" valueNumeric="-11"/>
            <column name="INSERT_TIME" valueDate="2015-12-07 15:57:25.0"/>
            <column name="UPDATE_TIME" valueDate="2015-12-07 15:57:25.0"/>
            <column name="RECORD_USAGE" valueNumeric="2"/>
        </insert>
        <insert tableName="T_DD_BUSI_SCOPE">
            <column name="SCOPE_ID" valueNumeric="4"/>
            <column name="NAME" value="Report"/>
            <column name="DESCRIPTION" value="Report"/>
            <column name="INSERT_BY" valueNumeric="-11"/>
            <column name="UPDATE_BY" valueNumeric="-11"/>
            <column name="INSERT_TIME" valueDate="2015-12-07 15:57:25.0"/>
            <column name="UPDATE_TIME" valueDate="2015-12-07 15:57:25.0"/>
            <column name="RECORD_USAGE" valueNumeric="2"/>
        </insert>
        <insert tableName="T_DD_BUSI_SCOPE">
            <column name="SCOPE_ID" valueNumeric="5"/>
            <column name="NAME" value="Product"/>
            <column name="DESCRIPTION" value="Product"/>
            <column name="INSERT_BY" valueNumeric="-11"/>
            <column name="UPDATE_BY" valueNumeric="-11"/>
            <column name="INSERT_TIME" valueDate="2015-12-07 16:00:23.0"/>
            <column name="UPDATE_TIME" valueDate="2015-12-07 16:00:23.0"/>
            <column name="RECORD_USAGE" valueNumeric="2"/>
        </insert>
    </changeSet>
    <changeSet author="jason.shi (generated)" id="1452156434418-8">
        <insert tableName="T_DD_BUSI_VALUE_CONFLICT_ACT">
            <column name="VALUE_CONFLICT_ACTION" valueNumeric="-1"/>
            <column name="NAME" value="SET_NULL"/>
            <column name="DESCRIPTION" value="Set null"/>
            <column name="INSERT_BY" valueNumeric="-11"/>
            <column name="UPDATE_BY" valueNumeric="-11"/>
            <column name="INSERT_TIME" valueDate="2015-12-07 15:42:22.0"/>
            <column name="UPDATE_TIME" valueDate="2015-12-07 15:42:22.0"/>
        </insert>
        <insert tableName="T_DD_BUSI_VALUE_CONFLICT_ACT">
            <column name="VALUE_CONFLICT_ACTION" valueNumeric="-2"/>
            <column name="NAME" value="CLOSE_TO_UP"/>
            <column name="DESCRIPTION" value="Close to up value"/>
            <column name="INSERT_BY" valueNumeric="-11"/>
            <column name="UPDATE_BY" valueNumeric="-11"/>
            <column name="INSERT_TIME" valueDate="2015-12-07 15:42:22.0"/>
            <column name="UPDATE_TIME" valueDate="2015-12-07 15:42:22.0"/>
        </insert>
        <insert tableName="T_DD_BUSI_VALUE_CONFLICT_ACT">
            <column name="VALUE_CONFLICT_ACTION" valueNumeric="-3"/>
            <column name="NAME" value="CLOSE_TO_DOWN"/>
            <column name="DESCRIPTION" value="Close to down value"/>
            <column name="INSERT_BY" valueNumeric="-11"/>
            <column name="UPDATE_BY" valueNumeric="-11"/>
            <column name="INSERT_TIME" valueDate="2015-12-07 15:42:22.0"/>
            <column name="UPDATE_TIME" valueDate="2015-12-07 15:42:22.0"/>
        </insert>
    </changeSet>
    <changeSet author="jason.shi (generated)" id="1452156434418-8-2">
        <insert tableName="T_DD_BUSI_CONTEXT">
            <column name="CONTEXT_ID" valueNumeric="-1"/>
            <column name="CONTEXT_TYPE" valueNumeric="-1"/>
            <column name="REFERENCE_ID" valueNumeric="-1"/>
            <column name="DESCRIPTION" value="DEFAULT"/>
            <column name="RECORD_USAGE" valueNumeric="1"/>
        </insert>

    </changeSet>

     <changeSet author="jason.shi (generated)" id="1452156434418-8-3">
        <loadData encoding="UTF-8" relativeToChangelogFile="true" file="20160108_101000_DataDict_dml_T_DD_BUSI_JAVA_CLASS.csv"  quotchar="&quot;" separator="," tableName="T_DD_BUSI_JAVA_CLASS">
            <column header="CLASS_ID" name="CLASS_ID" type="NUMERIC"/>
            <column header="JAVA_CLASS" name="JAVA_CLASS" type="STRING"/>
            <column header="MASTER_ID_PROPERTY_NAME" name="MASTER_ID_PROPERTY_NAME" type="STRING"/>
            <column header="RECORD_USAGE" name="RECORD_USAGE" type="NUMERIC"/>
            <column header="PRIMARY_TABLE_NAME" name="PRIMARY_TABLE_NAME" type="STRING"/>
        </loadData>
    </changeSet>
  
     <changeSet author="jason.shi (generated)" id="1452156434418-9">
        <loadData encoding="UTF-8" relativeToChangelogFile="true" file="20160107_164100_DataDict_dml_T_DD_BUSI_JAVA_PROPERTY.csv"  quotchar="&quot;" separator="," tableName="T_DD_BUSI_JAVA_PROPERTY">
            <column header="PROPERTY_ID" name="PROPERTY_ID" type="NUMERIC"/>
            <column header="NAME" name="NAME" type="STRING"/>
            <column header="DESCRIPTION" name="DESCRIPTION" type="STRING"/>
            <column header="CLASS_ID" name="CLASS_ID" type="NUMERIC"/>
            <column header="JAVA_TYPE" name="JAVA_TYPE" type="NUMERIC"/>
            <column header="ALIAS" name="ALIAS" type="STRING"/>
            <column header="RECORD_USAGE" name="RECORD_USAGE" type="NUMERIC"/>
            <column header="TABLE_NAME" name="TABLE_NAME" type="STRING"/>
            <column header="COLUMN_NAME" name="COLUMN_NAME" type="STRING"/>
        </loadData>
    </changeSet>


   <changeSet author="jason.shi (generated)" id="1452156434418-10">
        <loadData encoding="UTF-8" relativeToChangelogFile="true" file="20160107_210000_DataDict_dml_T_DD_BUSI_MODEL.csv"  quotchar="&quot;" separator="," tableName="T_DD_BUSI_MODEL">
            <column header="MODEL_ID" name="MODEL_ID" type="NUMERIC"/>
            <column header="NAME" name="NAME" type="STRING"/>
            <column header="RECORD_USAGE" name="RECORD_USAGE" type="NUMERIC"/>
        </loadData>
    </changeSet>
    

   <changeSet author="jason.shi (generated)" id="1452156434418-101">
        <loadData encoding="UTF-8" relativeToChangelogFile="true" file="20160107_210010_DataDict_dml_T_DD_BUSI_OBJECT.csv"  quotchar="&quot;" separator="," tableName="T_DD_BUSI_OBJECT">
            <column header="OBJECT_ID" name="OBJECT_ID" type="NUMERIC"/>
            <column header="NAME" name="NAME" type="STRING"/>
            <column header="DESCRIPTION" name="DESCRIPTION" type="STRING"/>
            <column header="CODE" name="CODE" type="STRING"/>
            <column header="MODEL_ID" name="MODEL_ID" type="NUMERIC"/>
            <column header="IS_ABSTRACT" name="IS_ABSTRACT" type="STRING"/>
            <column header="CONTEXT_ID" name="CONTEXT_ID" type="NUMERIC"/>
            <column header="CLASS_ID" name="CLASS_ID" type="NUMERIC"/>
            <column header="SUPER_OBJECT_ID" name="SUPER_OBJECT_ID" type="NUMERIC"/>
            <column header="RECORD_USAGE" name="RECORD_USAGE" type="NUMERIC"/>
            <column header="DELETE_WHEN_NO_LINKED_CHILD" name="DELETE_WHEN_NO_LINKED_CHILD" type="STRING"/>
            <column header="IS_MANDATORY" name="IS_MANDATORY" type="STRING"/>
        </loadData>
    </changeSet>

   <changeSet author="jason.shi (generated)" id="1452156434418-102">
        <loadData encoding="UTF-8" relativeToChangelogFile="true" file="20160108_101500_DataDict_dml_T_DD_BUSI_DATA_TABLE.csv"  quotchar="&quot;" separator="," tableName="T_DD_BUSI_DATA_TABLE">
            <column header="DATA_TABLE_ID" name="DATA_TABLE_ID" type="NUMERIC"/>
            <column header="NAME" name="NAME" type="STRING"/>
            <column header="DESCRIPTION" name="DESCRIPTION" type="STRING"/>
            <column header="FIELDS" name="FIELDS" type="STRING"/>
            <column header="CONTEXT_ID" name="CONTEXT_ID" type="NUMERIC"/>
            <column header="RECORD_USAGE" name="RECORD_USAGE" type="NUMERIC"/>
        </loadData>
    </changeSet>
   <changeSet author="jason.shi (generated)" id="1452156434418-103">
        <loadData encoding="UTF-8" relativeToChangelogFile="true" file="20160108_101600_DataDict_dml_T_DD_BUSI_DATA_TABLE_RECORD.csv"  quotchar="&quot;" separator="," tableName="T_DD_BUSI_DATA_TABLE_RECORD">
            <column header="RECORD_ID" name="RECORD_ID" type="NUMERIC"/>
            <column header="DATA_TABLE_ID" name="DATA_TABLE_ID" type="NUMERIC"/>
            <column header="DYNAMIC_FIELDS" name="DYNAMIC_FIELDS" type="STRING"/>
            <column header="RECORD_USAGE" name="RECORD_USAGE" type="NUMERIC"/>
        </loadData>
    </changeSet>
    											
   <changeSet author="jason.shi (generated)" id="1452156434418-104">
        <loadData encoding="UTF-8" relativeToChangelogFile="true" file="20160108_102000_DataDict_dml_T_DD_BUSI_CODE_TABLE.csv"  quotchar="&quot;" separator="," tableName="T_DD_BUSI_CODE_TABLE">
            <column header="CODE_TABLE_ID" name="CODE_TABLE_ID" type="NUMERIC"/>
            <column header="NAME" name="NAME" type="STRING"/>
            <column header="CODE_TABLE_TYPE" name="CODE_TABLE_TYPE" type="NUMERIC"/>
            <column header="ID_FIELD" name="ID_FIELD" type="STRING"/>
            <column header="CODE_FIELD" name="CODE_FIELD" type="STRING"/>
            <column header="DESC_FIELD" name="DESC_FIELD" type="STRING"/>
            <column header="SORT_FIELD" name="SORT_FIELD" type="STRING"/>
            <column header="CONTEXT_ID" name="CONTEXT_ID" type="NUMERIC"/>
            <column header="DATA_SOURCE" name="DATA_SOURCE" type="STRING"/>
            <column header="IS_SMALL" name="IS_SMALL" type="STRING"/>
            <column header="NEED_CACHE" name="NEED_CACHE" type="STRING"/>
            <column header="RECORD_USAGE" name="RECORD_USAGE" type="NUMERIC"/>
            <column header="CONDITION_FIELDS" name="CONDITION_FIELDS" type="STRING"/>
            <column header="NEED_MULTI_LANG" name="NEED_MULTI_LANG" type="STRING"/>
            <column header="DATA_TABLE_ID" name="DATA_TABLE_ID" type="NUMERIC"/>
        </loadData>
    </changeSet>
    								
    														

    <changeSet author="jason.shi (generated)" id="1452156434418-11">
        <loadData encoding="UTF-8" relativeToChangelogFile="true" file="20160107_211000_DataDict_dml_T_DD_BUSI_FIELD.csv"  quotchar="&quot;" separator="," tableName="T_DD_BUSI_FIELD">
            <column header="FIELD_ID" name="FIELD_ID" type="NUMERIC"/>
            <column header="NAME" name="NAME" type="STRING"/>
            <column header="LABEL_" name="LABEL_" type="STRING"/>
            <column header="DESCRIPTION" name="DESCRIPTION" type="STRING"/>
            <column header="ALIAS" name="ALIAS" type="STRING"/>
            <column header="FIELD_TYPE" name="FIELD_TYPE" type="NUMERIC"/>
            <column header="RECORD_USAGE" name="RECORD_USAGE" type="NUMERIC"/>
        </loadData>
    </changeSet>
    
     <changeSet author="jason.shi (generated)" id="1452156434418-12">
        <loadData encoding="UTF-8" relativeToChangelogFile="true" file="20160107_212000_DataDict_dml_T_DD_BUSI_FIELD_BINDING.csv"  quotchar="&quot;" separator="," tableName="T_DD_BUSI_FIELD_BINDING">

            <column header="BINDING_ID" name="BINDING_ID" type="NUMERIC"/>
            <column header="FIELD_ID" name="FIELD_ID" type="NUMERIC"/>
            <column header="OBJECT_ID" name="OBJECT_ID" type="NUMERIC"/>
            <column header="IS_FIXED" name="IS_FIXED" type="STRING"/>
            <column header="IS_MASKED" name="IS_MASKED" type="STRING"/>
            <column header="IS_ENCRYPTED" name="IS_ENCRYPTED" type="STRING"/>
            <column header="PROPERTY_ID" name="PROPERTY_ID" type="NUMERIC"/>
            <column header="CODE_TABLE_ID" name="CODE_TABLE_ID" type="NUMERIC"/>
            <column header="IS_INPUT" name="IS_INPUT" type="STRING"/>
            <column header="RECORD_USAGE" name="RECORD_USAGE" type="NUMERIC"/>
            <column header="IS_FORMULA" name="IS_FORMULA" type="STRING"/>
            <column header="FORMULA_TEXT" name="FORMULA_TEXT" type="STRING"/>
            <column header="SCOPE_IDS" name="SCOPE_IDS" type="STRING"/>
            <column header="IS_TECHNICAL" name="IS_TECHNICAL" type="STRING"/>
            <column header="PRECISION" name="PRECISION" type="NUMERIC"/>
            <column header="IS_UNIQUE" name="IS_UNIQUE" type="STRING"/>
            <column header="IS_MANDATORY" name="IS_MANDATORY" type="STRING"/>
        </loadData>
    </changeSet>

    <changeSet author="jason.shi (generated)" id="1452156434418-13">
        <loadData encoding="UTF-8" relativeToChangelogFile="true" file="20160107_213000_DataDict_dml_T_DD_BUSI_INDEX.csv"  quotchar="&quot;" separator="," tableName="T_DD_BUSI_INDEX">
            <column header="INDEX_ID" name="INDEX_ID" type="NUMERIC"/>
            <column header="NAME" name="NAME" type="STRING"/>
            <column header="DESCRIPTION" name="DESCRIPTION" type="STRING"/>
            <column header="MODEL_ID" name="MODEL_ID" type="NUMERIC"/>
            <column header="SCHEMA_NAME" name="SCHEMA_NAME" type="STRING"/>
            <column header="DATA_PROVIDER_BEAN" name="DATA_PROVIDER_BEAN" type="STRING"/>
            <column header="REBUILD_DATA_PROVIDER_BEAN" name="REBUILD_DATA_PROVIDER_BEAN" type="STRING"/>
            <column header="RECORD_USAGE" name="RECORD_USAGE" type="NUMERIC"/>
        </loadData>
    </changeSet>
             <changeSet author="jason.shi (generated)" id="1452156434418-14">
        <loadData encoding="UTF-8" relativeToChangelogFile="true" file="20160107_214000_DataDict_dml_T_DD_BUSI_INDEX_FIELD.csv"  quotchar="&quot;" separator="," tableName="T_DD_BUSI_INDEX_FIELD">
            <column header="INDEX_FIELD_ID" name="INDEX_FIELD_ID" type="NUMERIC"/>
            <column header="INDEX_FIELD_NAME" name="INDEX_FIELD_NAME" type="STRING"/>
            <column header="INDEX_ID" name="INDEX_ID" type="NUMERIC"/>
            <column header="MODEL_ID" name="MODEL_ID" type="NUMERIC"/>
            <column header="FIELD_ID" name="FIELD_ID" type="NUMERIC"/>
            <column header="IS_FUZZY" name="IS_FUZZY" type="STRING"/>
            <column header="IS_CODE_TABLE" name="IS_CODE_TABLE" type="STRING"/>
            <column header="OBJECT_CODE" name="OBJECT_CODE" type="STRING"/>
            <column header="RECORD_USAGE" name="RECORD_USAGE" type="NUMERIC"/>
        </loadData>
    </changeSet>


</databaseChangeLog>
