MODEL_ID,NAME,DESCRIPTION,RECORD_USAGE
-90007,DemoPolicyCommission,DemoPolicyCommission,3
-90006,DemoProductCt,DemoProductCt,3
-90005,DemoProduct,DemoProduct,3
-90004,DemoPolicyCt,DemoPolicyCt,3
-90002,DemoInsured,DemoInsured,3
-90001,DemoPolicy,DemoPolicy,3
-151,VehicleDriver,VehicleDriver,1
-150,Question,Question,1
-147,ClaimReserve,ClaimReserve,1
-146,ClaimItem,ClaimItem,1
-145,ClaimObject,ClaimObject,1
-144,ClaimCase,ClaimCase,1
-143,PartyAccount,PartyAccount,1
-142,EndorsementPaymentInfo,EndorsementPaymentInfo,1
-141,PolicyPaymentInfo,PolicyPaymentInfo,1
-140,DemoSchedule2,DemoSchedule2,3
-139,DemoSchedule1,DemoSchedule1,3
-138,PolicySchedule,PolicySchedule,1
-136,Quotation,Quotation,1
-135,PolicyPlanElement,Policy Plan Element,1
-134,PolicyAddress,PolicyAddress,1
-133,PolicyCustomer,PolicyCustomer,1
-130,Submission,Submission,1
-128,ProductElementRelation,Product Element Relation,1
-127,ProductElement,Product Element,1
-126,ProductMaster,Product Master,1
-125,Product,Product,1
-122,Driver,Driver,1
-121,PartyOrgCustomer,Party Org Customer,1
-120,PartyIndividualCustomer,Party Individual Customer,1
-119,PartyContact,Party Contact,1
-118,PartyBranch,Party Branch,1
-117,PartyAddress,Party Address,1
-116,EndorsementRequest,EndorsementRequest,1
-115,Endorsement,Endorsement,1
-113,QuotationVersion,Quotation Version,1
-112,PolicyPlan,Policy Plan,1
-111,DiscountLoading,Discount/Loading,1
-110,PolicyLob,Policy Line of Business,1
-109,PolicyPeril,Policy Peril,1
-108,PolicyForm,Policy Form,1
-107,PolicySubCoverage,Policy Sub Coverage,1
-106,PolicyCoverageGroup,Policy Coverage Group,1
-105,PolicyCoverage,Policy Coverage,1
-104,BusinessFieldBinding,Business Field Binding,1
-103,BusinessObject,Business Object,1
-100,OTHER,OTHER,1
-24,BusinessField,Business Field,1
-15,Policy,Policy,1
-10,PolicyRisk,Policy Risk,1
283525,FormContextDefinition,,1
312525,FormModel,,1
314038,FormVariableDefinition,,1
316588,PolicyCommissionRate,,1
317410,SalesChannel,,1
333057,SalesAgreement,,1
333093,SalesCommissionRate,,1
494501,VehicleModel,,2
558677,SalesAuthority,,2
562947,ClaimSettlement,,3
563030,ClaimSettlementItem,,3
577163,ClaimSettlementPayee,,3
590706,MasterPolicyDeclarationDetail,,2
590744,PolicyFeeInstallment,,2
590770,NewbizFeeInfo,,2
590792,PolicyFee,,2
590818,PolicyFeeSplit,,2
590841,EndorsementFeeInfo,,2
590912,CoInsuranceInfo,,2
590937,CoInsuranceInsurer,,2
592408,RIPolicyIntf,,2
592898,QSTreaty,,2
593234,TreatyArrange,,2
593279,TreatyReins,,2
593326,RiskCat,,2
593347,AFTreaty,,2
593434,SPTreaty,,2
593529,XOLTreaty,,2
599380,RiPolicy,,2
599848,RiPolicyContract,,2
599884,RiRiskUnit,,2
599928,RiRiskUnitContract,,2
599952,RIRiskUnitContRein,,2
600655,TreatyDomainModel,,2
600703,Treaty,,2
669618,RiskUnitMap,,2
669896,RiRiskUnitCoverage,,2
669920,RiPolicyInstalment,,2
702198,QuestVehicle,QuestVehicle,1
737587,PolicyQuestion,PolicyQuestion,1
766733,FacDefi,,2
773717,PrdtRiskLevel,,2
775725,PolicyDriver,PolicyDriver,1
843649,RIClaimIntf,,2
905855,RiClaimDomain,,2
905878,RiAccident,,2
905940,RiClaim,,2
905987,RiClaimRiskCategory,,2
906082,RiClaimRprRiskCatFeeDetail,,2
934965,RiClaimRprRiskCategory,,2
934986,RiClaimRprRiskCategoryCoverage,,2
935942,RiPay,,2
936031,RiPayCoverage,,2
-102,CodeTable,Code Table,1
-137,WorkflowVariables,WorkflowVariables,1
596823,N/A,No Model,1
