<?xml version="1.0" encoding="UTF-8" standalone="no"?>
<databaseChangeLog xmlns="http://www.liquibase.org/xml/ns/dbchangelog"
	xmlns:ext="http://www.liquibase.org/xml/ns/dbchangelog-ext" xmlns:xsi="http://www.w3.org/2001/XMLSchema-instance"
	xsi:schemaLocation="http://www.liquibase.org/xml/ns/dbchangelog-ext http://www.liquibase.org/xml/ns/dbchangelog/dbchangelog-ext.xsd http://www.liquibase.org/xml/ns/dbchangelog http://www.liquibase.org/xml/ns/dbchangelog/dbchangelog-3.3.xsd">
 
    <changeSet author="generated" id="2016032301_T_RI_CONT_ACCOUNT">
        <addColumn tableName="T_RI_CONT_ACCOUNT">
            <column name="DUE_DATE" remarks="Due Date" type="date"/>
        </addColumn>
    </changeSet>
    <changeSet author="generated" id="2016032301_T_RI_CONT_ACCOUNT_LOG">
        <addColumn tableName="T_RI_CONT_ACCOUNT_LOG">
            <column name="DUE_DATE" type="date"/>
        </addColumn>
    </changeSet>
</databaseChangeLog>