<?xml version="1.0" encoding="UTF-8" standalone="no"?>
<databaseChangeLog xmlns="http://www.liquibase.org/xml/ns/dbchangelog" xmlns:ext="http://www.liquibase.org/xml/ns/dbchangelog-ext" xmlns:xsi="http://www.w3.org/2001/XMLSchema-instance" xsi:schemaLocation="http://www.liquibase.org/xml/ns/dbchangelog-ext http://www.liquibase.org/xml/ns/dbchangelog/dbchangelog-ext.xsd http://www.liquibase.org/xml/ns/dbchangelog http://www.liquibase.org/xml/ns/dbchangelog/dbchangelog-3.3.xsd">
    
 <changeSet author="generated" id="201604051735_T_RI_CM_DOCUMENT_RULE.data">
         <insert tableName="T_RI_CM_DOCUMENT_RULE">
      <column name="DOCUMENT_RULE_ID" valueNumeric="9"/>
      <column name="BUSINESS_TYPE" value="11"/>
      <column name="PARSE_CLASS" value="com.ebao.ap99.accounting.model.RevaluationDetailModel"/>
      <column name="PARSE_SERVICE" value="RevaluationReportServiceImpl"/>
      <column name="PARSE_TYPE" value="XLS"/>
      <column name="INSERT_TIME"/>
      <column name="INSERT_BY"/>
      <column name="UPDATE_TIME"/>
      <column name="UPDATE_BY"/>
      <column name="TEMPLATE" value="revaluation.xlsx"/>
    </insert>
</changeSet>
    
</databaseChangeLog>
