<?xml version="1.0" encoding="UTF-8" standalone="no"?>
<databaseChangeLog xmlns="http://www.liquibase.org/xml/ns/dbchangelog" xmlns:ext="http://www.liquibase.org/xml/ns/dbchangelog-ext" xmlns:xsi="http://www.w3.org/2001/XMLSchema-instance" xsi:schemaLocation="http://www.liquibase.org/xml/ns/dbchangelog-ext http://www.liquibase.org/xml/ns/dbchangelog/dbchangelog-ext.xsd http://www.liquibase.org/xml/ns/dbchangelog http://www.liquibase.org/xml/ns/dbchangelog/dbchangelog-3.3.xsd">
    <changeSet author="jason.shi (generated)" id="1451446719175-1">
        <createTable tableName="BATCH_JOB_EXECUTION">
            <column name="JOB_EXECUTION_ID" type="NUMBER(19, 0)">
                <constraints nullable="false"/>
            </column>
            <column name="VERSION" type="NUMBER(19, 0)"/>
            <column name="JOB_INSTANCE_ID" type="NUMBER(19, 0)">
                <constraints nullable="false"/>
            </column>
            <column name="CREATE_TIME" type="TIMESTAMP(6)">
                <constraints nullable="false"/>
            </column>
            <column name="START_TIME" type="TIMESTAMP(6)"/>
            <column name="END_TIME" type="TIMESTAMP(6)"/>
            <column name="STATUS" type="VARCHAR2(10)"/>
            <column name="EXIT_CODE" type="VARCHAR2(2500)"/>
            <column name="EXIT_MESSAGE" type="VARCHAR2(2500)"/>
            <column name="LAST_UPDATED" type="TIMESTAMP(6)"/>
            <column name="JOB_CONFIGURATION_LOCATION" type="VARCHAR2(2500)"/>
        </createTable>
    </changeSet>
    <changeSet author="jason.shi (generated)" id="1451446719175-2">
        <createTable tableName="BATCH_JOB_EXECUTION_CONTEXT">
            <column name="JOB_EXECUTION_ID" type="NUMBER(19, 0)">
                <constraints nullable="false"/>
            </column>
            <column name="SHORT_CONTEXT" type="VARCHAR2(2500)">
                <constraints nullable="false"/>
            </column>
            <column name="SERIALIZED_CONTEXT" type="CLOB"/>
        </createTable>
    </changeSet>
    <changeSet author="jason.shi (generated)" id="1451446719175-3">
        <createTable tableName="BATCH_JOB_EXECUTION_PARAMS">
            <column name="JOB_EXECUTION_ID" type="NUMBER(19, 0)">
                <constraints nullable="false"/>
            </column>
            <column name="TYPE_CD" type="VARCHAR2(6)">
                <constraints nullable="false"/>
            </column>
            <column name="KEY_NAME" type="VARCHAR2(100)">
                <constraints nullable="false"/>
            </column>
            <column name="STRING_VAL" type="VARCHAR2(250)"/>
            <column name="DATE_VAL" type="TIMESTAMP(6)"/>
            <column name="LONG_VAL" type="NUMBER(19, 0)"/>
            <column name="DOUBLE_VAL" type="NUMBER"/>
            <column name="IDENTIFYING" type="CHAR(1)">
                <constraints nullable="false"/>
            </column>
        </createTable>
    </changeSet>
    <changeSet author="jason.shi (generated)" id="1451446719175-4">
        <createTable tableName="BATCH_JOB_INSTANCE">
            <column name="JOB_INSTANCE_ID" type="NUMBER(19, 0)">
                <constraints nullable="false"/>
            </column>
            <column name="VERSION" type="NUMBER(19, 0)"/>
            <column name="JOB_NAME" type="VARCHAR2(100)">
                <constraints nullable="false"/>
            </column>
            <column name="JOB_KEY" type="VARCHAR2(32)">
                <constraints nullable="false"/>
            </column>
        </createTable>
    </changeSet>
    <changeSet author="jason.shi (generated)" id="1451446719175-5">
        <createTable tableName="BATCH_STEP_EXECUTION">
            <column name="STEP_EXECUTION_ID" type="NUMBER(19, 0)">
                <constraints nullable="false"/>
            </column>
            <column name="VERSION" type="NUMBER(19, 0)">
                <constraints nullable="false"/>
            </column>
            <column name="STEP_NAME" type="VARCHAR2(100)">
                <constraints nullable="false"/>
            </column>
            <column name="JOB_EXECUTION_ID" type="NUMBER(19, 0)">
                <constraints nullable="false"/>
            </column>
            <column name="START_TIME" type="TIMESTAMP(6)">
                <constraints nullable="false"/>
            </column>
            <column name="END_TIME" type="TIMESTAMP(6)"/>
            <column name="STATUS" type="VARCHAR2(10)"/>
            <column name="COMMIT_COUNT" type="NUMBER(19, 0)"/>
            <column name="READ_COUNT" type="NUMBER(19, 0)"/>
            <column name="FILTER_COUNT" type="NUMBER(19, 0)"/>
            <column name="WRITE_COUNT" type="NUMBER(19, 0)"/>
            <column name="READ_SKIP_COUNT" type="NUMBER(19, 0)"/>
            <column name="WRITE_SKIP_COUNT" type="NUMBER(19, 0)"/>
            <column name="PROCESS_SKIP_COUNT" type="NUMBER(19, 0)"/>
            <column name="ROLLBACK_COUNT" type="NUMBER(19, 0)"/>
            <column name="EXIT_CODE" type="VARCHAR2(2500)"/>
            <column name="EXIT_MESSAGE" type="VARCHAR2(2500)"/>
            <column name="LAST_UPDATED" type="TIMESTAMP(6)"/>
        </createTable>
    </changeSet>
    <changeSet author="jason.shi (generated)" id="1451446719175-6">
        <createTable tableName="BATCH_STEP_EXECUTION_CONTEXT">
            <column name="STEP_EXECUTION_ID" type="NUMBER(19, 0)">
                <constraints nullable="false"/>
            </column>
            <column name="SHORT_CONTEXT" type="VARCHAR2(2500)">
                <constraints nullable="false"/>
            </column>
            <column name="SERIALIZED_CONTEXT" type="CLOB"/>
        </createTable>
    </changeSet>
    <changeSet author="jason.shi (generated)" id="1451446719175-7">
        <createTable tableName="QRTZ_BLOB_TRIGGERS">
            <column name="SCHED_NAME" type="VARCHAR2(120)">
                <constraints nullable="false"/>
            </column>
            <column name="TRIGGER_NAME" type="VARCHAR2(200)">
                <constraints nullable="false"/>
            </column>
            <column name="TRIGGER_GROUP" type="VARCHAR2(200)">
                <constraints nullable="false"/>
            </column>
            <column name="BLOB_DATA" type="BLOB"/>
        </createTable>
    </changeSet>
    <changeSet author="jason.shi (generated)" id="1451446719175-8">
        <createTable tableName="QRTZ_CALENDARS">
            <column name="SCHED_NAME" type="VARCHAR2(120)">
                <constraints nullable="false"/>
            </column>
            <column name="CALENDAR_NAME" type="VARCHAR2(200)">
                <constraints nullable="false"/>
            </column>
            <column name="CALENDAR" type="BLOB">
                <constraints nullable="false"/>
            </column>
        </createTable>
    </changeSet>
    <changeSet author="jason.shi (generated)" id="1451446719175-9">
        <createTable tableName="QRTZ_CRON_TRIGGERS">
            <column name="SCHED_NAME" type="VARCHAR2(120)">
                <constraints nullable="false"/>
            </column>
            <column name="TRIGGER_NAME" type="VARCHAR2(200)">
                <constraints nullable="false"/>
            </column>
            <column name="TRIGGER_GROUP" type="VARCHAR2(200)">
                <constraints nullable="false"/>
            </column>
            <column name="CRON_EXPRESSION" type="VARCHAR2(120)">
                <constraints nullable="false"/>
            </column>
            <column name="TIME_ZONE_ID" type="VARCHAR2(80)"/>
        </createTable>
    </changeSet>
    <changeSet author="jason.shi (generated)" id="1451446719175-10">
        <createTable tableName="QRTZ_FIRED_TRIGGERS">
            <column name="SCHED_NAME" type="VARCHAR2(120)">
                <constraints nullable="false"/>
            </column>
            <column name="ENTRY_ID" type="VARCHAR2(95)">
                <constraints nullable="false"/>
            </column>
            <column name="TRIGGER_NAME" type="VARCHAR2(200)">
                <constraints nullable="false"/>
            </column>
            <column name="TRIGGER_GROUP" type="VARCHAR2(200)">
                <constraints nullable="false"/>
            </column>
            <column name="INSTANCE_NAME" type="VARCHAR2(200)">
                <constraints nullable="false"/>
            </column>
            <column name="FIRED_TIME" type="NUMBER(13, 0)">
                <constraints nullable="false"/>
            </column>
            <column name="SCHED_TIME" type="NUMBER(13, 0)">
                <constraints nullable="false"/>
            </column>
            <column name="PRIORITY" type="NUMBER(13, 0)">
                <constraints nullable="false"/>
            </column>
            <column name="STATE" type="VARCHAR2(16)">
                <constraints nullable="false"/>
            </column>
            <column name="JOB_NAME" type="VARCHAR2(200)"/>
            <column name="JOB_GROUP" type="VARCHAR2(200)"/>
            <column name="IS_NONCONCURRENT" type="VARCHAR2(1)"/>
            <column name="REQUESTS_RECOVERY" type="VARCHAR2(1)"/>
        </createTable>
    </changeSet>
    <changeSet author="jason.shi (generated)" id="1451446719175-11">
        <createTable tableName="QRTZ_JOB_DETAILS">
            <column name="SCHED_NAME" type="VARCHAR2(120)">
                <constraints nullable="false"/>
            </column>
            <column name="JOB_NAME" type="VARCHAR2(200)">
                <constraints nullable="false"/>
            </column>
            <column name="JOB_GROUP" type="VARCHAR2(200)">
                <constraints nullable="false"/>
            </column>
            <column name="DESCRIPTION" type="VARCHAR2(250)"/>
            <column name="JOB_CLASS_NAME" type="VARCHAR2(250)">
                <constraints nullable="false"/>
            </column>
            <column name="IS_DURABLE" type="VARCHAR2(1)">
                <constraints nullable="false"/>
            </column>
            <column name="IS_NONCONCURRENT" type="VARCHAR2(1)">
                <constraints nullable="false"/>
            </column>
            <column name="IS_UPDATE_DATA" type="VARCHAR2(1)">
                <constraints nullable="false"/>
            </column>
            <column name="REQUESTS_RECOVERY" type="VARCHAR2(1)">
                <constraints nullable="false"/>
            </column>
            <column name="JOB_DATA" type="BLOB"/>
        </createTable>
    </changeSet>
    <changeSet author="jason.shi (generated)" id="1451446719175-12">
        <createTable tableName="QRTZ_LOCKS">
            <column name="SCHED_NAME" type="VARCHAR2(120)">
                <constraints nullable="false"/>
            </column>
            <column name="LOCK_NAME" type="VARCHAR2(40)">
                <constraints nullable="false"/>
            </column>
        </createTable>
    </changeSet>
    <changeSet author="jason.shi (generated)" id="1451446719175-13">
        <createTable tableName="QRTZ_PAUSED_TRIGGER_GRPS">
            <column name="SCHED_NAME" type="VARCHAR2(120)">
                <constraints nullable="false"/>
            </column>
            <column name="TRIGGER_GROUP" type="VARCHAR2(200)">
                <constraints nullable="false"/>
            </column>
        </createTable>
    </changeSet>
    <changeSet author="jason.shi (generated)" id="1451446719175-14">
        <createTable tableName="QRTZ_SCHEDULER_STATE">
            <column name="SCHED_NAME" type="VARCHAR2(120)">
                <constraints nullable="false"/>
            </column>
            <column name="INSTANCE_NAME" type="VARCHAR2(200)">
                <constraints nullable="false"/>
            </column>
            <column name="LAST_CHECKIN_TIME" type="NUMBER(13, 0)">
                <constraints nullable="false"/>
            </column>
            <column name="CHECKIN_INTERVAL" type="NUMBER(13, 0)">
                <constraints nullable="false"/>
            </column>
        </createTable>
    </changeSet>
    <changeSet author="jason.shi (generated)" id="1451446719175-15">
        <createTable tableName="QRTZ_SIMPLE_TRIGGERS">
            <column name="SCHED_NAME" type="VARCHAR2(120)">
                <constraints nullable="false"/>
            </column>
            <column name="TRIGGER_NAME" type="VARCHAR2(200)">
                <constraints nullable="false"/>
            </column>
            <column name="TRIGGER_GROUP" type="VARCHAR2(200)">
                <constraints nullable="false"/>
            </column>
            <column name="REPEAT_COUNT" type="NUMBER(7, 0)">
                <constraints nullable="false"/>
            </column>
            <column name="REPEAT_INTERVAL" type="NUMBER(12, 0)">
                <constraints nullable="false"/>
            </column>
            <column name="TIMES_TRIGGERED" type="NUMBER(10, 0)">
                <constraints nullable="false"/>
            </column>
        </createTable>
    </changeSet>
    <changeSet author="jason.shi (generated)" id="1451446719175-16">
        <createTable tableName="QRTZ_SIMPROP_TRIGGERS">
            <column name="SCHED_NAME" type="VARCHAR2(120)">
                <constraints nullable="false"/>
            </column>
            <column name="TRIGGER_NAME" type="VARCHAR2(200)">
                <constraints nullable="false"/>
            </column>
            <column name="TRIGGER_GROUP" type="VARCHAR2(200)">
                <constraints nullable="false"/>
            </column>
            <column name="STR_PROP_1" type="VARCHAR2(512)"/>
            <column name="STR_PROP_2" type="VARCHAR2(512)"/>
            <column name="STR_PROP_3" type="VARCHAR2(512)"/>
            <column name="INT_PROP_1" type="NUMBER(10, 0)"/>
            <column name="INT_PROP_2" type="NUMBER(10, 0)"/>
            <column name="LONG_PROP_1" type="NUMBER(13, 0)"/>
            <column name="LONG_PROP_2" type="NUMBER(13, 0)"/>
            <column name="DEC_PROP_1" type="NUMBER(13, 4)"/>
            <column name="DEC_PROP_2" type="NUMBER(13, 4)"/>
            <column name="BOOL_PROP_1" type="VARCHAR2(1)"/>
            <column name="BOOL_PROP_2" type="VARCHAR2(1)"/>
        </createTable>
    </changeSet>
    <changeSet author="jason.shi (generated)" id="1451446719175-17">
        <createTable tableName="QRTZ_TRIGGERS">
            <column name="SCHED_NAME" type="VARCHAR2(120)">
                <constraints nullable="false"/>
            </column>
            <column name="TRIGGER_NAME" type="VARCHAR2(200)">
                <constraints nullable="false"/>
            </column>
            <column name="TRIGGER_GROUP" type="VARCHAR2(200)">
                <constraints nullable="false"/>
            </column>
            <column name="JOB_NAME" type="VARCHAR2(200)">
                <constraints nullable="false"/>
            </column>
            <column name="JOB_GROUP" type="VARCHAR2(200)">
                <constraints nullable="false"/>
            </column>
            <column name="DESCRIPTION" type="VARCHAR2(250)"/>
            <column name="NEXT_FIRE_TIME" type="NUMBER(13, 0)"/>
            <column name="PREV_FIRE_TIME" type="NUMBER(13, 0)"/>
            <column name="PRIORITY" type="NUMBER(13, 0)"/>
            <column name="TRIGGER_STATE" type="VARCHAR2(16)">
                <constraints nullable="false"/>
            </column>
            <column name="TRIGGER_TYPE" type="VARCHAR2(8)">
                <constraints nullable="false"/>
            </column>
            <column name="START_TIME" type="NUMBER(13, 0)">
                <constraints nullable="false"/>
            </column>
            <column name="END_TIME" type="NUMBER(13, 0)"/>
            <column name="CALENDAR_NAME" type="VARCHAR2(200)"/>
            <column name="MISFIRE_INSTR" type="NUMBER(2, 0)"/>
            <column name="JOB_DATA" type="BLOB"/>
        </createTable>
    </changeSet>
    <changeSet author="jason.shi (generated)" id="1451446719175-18">
        <createTable tableName="T_PUB_BATCH_EOD_JOB_INFO">
            <column name="JOB_NAME" type="VARCHAR2(255)">
                <constraints nullable="false"/>
            </column>
            <column name="LAST_COMPLETED_PROCESS_DATE" type="datetime"/>
            <column name="LAST_EXECUTE_PROCESS_DATE" type="datetime"/>
            <column name="LAST_EXECUTE_SUCCCESSFUL" remarks="Y/N" type="CHAR(1)"/>
        </createTable>
    </changeSet>
    <changeSet author="jason.shi (generated)" id="1451446719175-19">
        <createTable tableName="T_PUB_JOB_DEFINATION">
            <column name="ID" type="NUMBER(19, 0)">
                <constraints nullable="false"/>
            </column>
            <column name="APPLICATION" type="VARCHAR2(255)"/>
            <column name="CONTEXT" type="VARCHAR2(255)"/>
            <column name="DESCRIPTION" type="VARCHAR2(255)"/>
            <column name="MESSAGE_CHANNEL" type="VARCHAR2(255)"/>
            <column name="NAME" type="VARCHAR2(255)"/>
            <column name="LAST_EXECUTE_ID" type="NUMBER(19, 0)"/>
            <column name="TRIGGER_DEFINATION_ID" type="NUMBER(19, 0)"/>
        </createTable>
    </changeSet>
    <changeSet author="jason.shi (generated)" id="1451446719175-20">
        <createTable tableName="T_PUB_JOB_EXECUTE_HISTORY">
            <column name="ID" type="NUMBER(19, 0)">
                <constraints nullable="false"/>
            </column>
            <column name="ERR_MESSAGE" type="VARCHAR2(255)"/>
            <column name="EXIT_CODE" type="VARCHAR2(255)"/>
            <column name="EXIT_DESC" type="VARCHAR2(255)"/>
            <column name="FINISH_TIME" type="TIMESTAMP(6)"/>
            <column name="FIRE_TIME" type="TIMESTAMP(6)"/>
            <column name="INSTANCE_ID" type="VARCHAR2(255)"/>
            <column name="JOB_GROUP" type="VARCHAR2(255)"/>
            <column name="JOB_NAME" type="VARCHAR2(255)"/>
            <column name="NEXT_FIRE_TIME" type="TIMESTAMP(6)"/>
            <column name="PRECENT" type="NUMBER(10, 0)"/>
            <column name="SCHEDULE_TIME" type="TIMESTAMP(6)"/>
            <column name="STATUS" type="VARCHAR2(255)"/>
            <column name="SUCCESS" type="NUMBER(1, 0)"/>
            <column name="UUID" type="VARCHAR2(255)"/>
        </createTable>
    </changeSet>
    <changeSet author="jason.shi (generated)" id="1451446719175-21">
        <createTable tableName="T_PUB_TRIGGER_DEFINATION">
            <column name="ID" type="NUMBER(19, 0)">
                <constraints nullable="false"/>
            </column>
            <column name="CATALOG" type="VARCHAR2(255)"/>
            <column name="CORN" type="VARCHAR2(255)"/>
            <column name="DESCRIPTION" type="VARCHAR2(255)"/>
            <column name="EXECUTE_INTERVAL" type="NUMBER(10, 0)"/>
            <column name="NAME" type="VARCHAR2(255)"/>
        </createTable>
    </changeSet>
    <changeSet author="jason.shi (generated)" id="1451446719175-22">

        <addPrimaryKey columnNames="SCHED_NAME, TRIGGER_NAME, TRIGGER_GROUP" constraintName="QRTZ_BLOB_TRIG_PK"  tableName="QRTZ_BLOB_TRIGGERS"/>
    </changeSet>
    <changeSet author="jason.shi (generated)" id="1451446719175-23">
        <addPrimaryKey columnNames="SCHED_NAME, CALENDAR_NAME" constraintName="QRTZ_CALENDARS_PK"  tableName="QRTZ_CALENDARS"/>
    </changeSet>
    <changeSet author="jason.shi (generated)" id="1451446719175-24">
        <addPrimaryKey columnNames="SCHED_NAME, TRIGGER_NAME, TRIGGER_GROUP" constraintName="QRTZ_CRON_TRIG_PK"  tableName="QRTZ_CRON_TRIGGERS"/>
    </changeSet>
    <changeSet author="jason.shi (generated)" id="1451446719175-25">
        <addPrimaryKey columnNames="SCHED_NAME, ENTRY_ID" constraintName="QRTZ_FIRED_TRIGGER_PK"  tableName="QRTZ_FIRED_TRIGGERS"/>
    </changeSet>
    <changeSet author="jason.shi (generated)" id="1451446719175-26">
        <addPrimaryKey columnNames="SCHED_NAME, JOB_NAME, JOB_GROUP" constraintName="QRTZ_JOB_DETAILS_PK"  tableName="QRTZ_JOB_DETAILS"/>
    </changeSet>
    <changeSet author="jason.shi (generated)" id="1451446719175-27">
        <addPrimaryKey columnNames="SCHED_NAME, LOCK_NAME" constraintName="QRTZ_LOCKS_PK"  tableName="QRTZ_LOCKS"/>
    </changeSet>
    <changeSet author="jason.shi (generated)" id="1451446719175-28">
        <addPrimaryKey columnNames="SCHED_NAME, TRIGGER_GROUP" constraintName="QRTZ_PAUSED_TRIG_GRPS_PK"  tableName="QRTZ_PAUSED_TRIGGER_GRPS"/>
    </changeSet>
    <changeSet author="jason.shi (generated)" id="1451446719175-29">
        <addPrimaryKey columnNames="SCHED_NAME, INSTANCE_NAME" constraintName="QRTZ_SCHEDULER_STATE_PK"  tableName="QRTZ_SCHEDULER_STATE"/>
    </changeSet>
    <changeSet author="jason.shi (generated)" id="1451446719175-30">
        <addPrimaryKey columnNames="SCHED_NAME, TRIGGER_NAME, TRIGGER_GROUP" constraintName="QRTZ_SIMPLE_TRIG_PK"  tableName="QRTZ_SIMPLE_TRIGGERS"/>
    </changeSet>
    <changeSet author="jason.shi (generated)" id="1451446719175-31">
        <addPrimaryKey columnNames="SCHED_NAME, TRIGGER_NAME, TRIGGER_GROUP" constraintName="QRTZ_SIMPROP_TRIG_PK"  tableName="QRTZ_SIMPROP_TRIGGERS"/>
    </changeSet>
    <changeSet author="jason.shi (generated)" id="1451446719175-32">
        <addPrimaryKey columnNames="SCHED_NAME, TRIGGER_NAME, TRIGGER_GROUP" constraintName="QRTZ_TRIGGERS_PK"  tableName="QRTZ_TRIGGERS"/>
    </changeSet>
    <changeSet author="jason.shi (generated)" id="1451446719175-33">

        <addPrimaryKey columnNames="ID" constraintName="SYS_C001380156"  tableName="T_PUB_JOB_DEFINATION"/>
    </changeSet>
    <changeSet author="jason.shi (generated)" id="1451446719175-34">

        <addPrimaryKey columnNames="ID" constraintName="SYS_C001380157"  tableName="T_PUB_TRIGGER_DEFINATION"/>
    </changeSet>
    <changeSet author="jason.shi (generated)" id="1451446719175-35">

        <addPrimaryKey columnNames="ID" constraintName="SYS_C001380162"  tableName="T_PUB_JOB_EXECUTE_HISTORY"/>
    </changeSet>
    <changeSet author="jason.shi (generated)" id="1451446719175-36">
 
        <addPrimaryKey columnNames="JOB_EXECUTION_ID" constraintName="SYS_C001380279"  tableName="BATCH_JOB_EXECUTION_CONTEXT"/>
    </changeSet>
    <changeSet author="jason.shi (generated)" id="1451446719175-37">

        <addPrimaryKey columnNames="STEP_EXECUTION_ID" constraintName="SYS_C001380280"  tableName="BATCH_STEP_EXECUTION_CONTEXT"/>
    </changeSet>
    <changeSet author="jason.shi (generated)" id="1451446719175-38">

        <addPrimaryKey columnNames="STEP_EXECUTION_ID" constraintName="SYS_C001380302"  tableName="BATCH_STEP_EXECUTION"/>
    </changeSet>
    <changeSet author="jason.shi (generated)" id="1451446719175-39">

        <addPrimaryKey columnNames="JOB_EXECUTION_ID" constraintName="SYS_C001380303"  tableName="BATCH_JOB_EXECUTION"/>
    </changeSet>
    <changeSet author="jason.shi (generated)" id="1451446719175-40">

        <addPrimaryKey columnNames="JOB_INSTANCE_ID" constraintName="SYS_C001380305"  tableName="BATCH_JOB_INSTANCE"/>
    </changeSet>
    <changeSet author="jason.shi (generated)" id="1451446719175-41">
        <createIndex indexName="IDK_BATCH_JOB_EXEC__INS_ID" tableName="BATCH_JOB_EXECUTION">
            <column name="JOB_INSTANCE_ID"/>
        </createIndex>
    </changeSet>
    <changeSet author="jason.shi (generated)" id="1451446719175-42">
        <createIndex indexName="IDX_BATCH_STEP_EXEC_STEP" tableName="BATCH_STEP_EXECUTION">
            <column name="JOB_EXECUTION_ID"/>
            <column name="STEP_NAME"/>
        </createIndex>
    </changeSet>
    <changeSet author="jason.shi (generated)" id="1451446719175-43">
        <createIndex indexName="IDX_BATCH_STEP_EXEC_VERSION" tableName="BATCH_STEP_EXECUTION">
            <column name="VERSION"/>
        </createIndex>
    </changeSet>
    <changeSet author="jason.shi (generated)" id="1451446719175-44">
        <createIndex indexName="IDX_QRTZ_FT_INST_JOB_REQ_RCVRY" tableName="QRTZ_FIRED_TRIGGERS">
            <column name="SCHED_NAME"/>
            <column name="INSTANCE_NAME"/>
            <column name="REQUESTS_RECOVERY"/>
        </createIndex>
    </changeSet>
    <changeSet author="jason.shi (generated)" id="1451446719175-45">
        <createIndex indexName="IDX_QRTZ_FT_JG" tableName="QRTZ_FIRED_TRIGGERS">
            <column name="SCHED_NAME"/>
            <column name="JOB_GROUP"/>
        </createIndex>
    </changeSet>
    <changeSet author="jason.shi (generated)" id="1451446719175-46">
        <createIndex indexName="IDX_QRTZ_FT_J_G" tableName="QRTZ_FIRED_TRIGGERS">
            <column name="SCHED_NAME"/>
            <column name="JOB_NAME"/>
            <column name="JOB_GROUP"/>
        </createIndex>
    </changeSet>
    <changeSet author="jason.shi (generated)" id="1451446719175-47">
        <createIndex indexName="IDX_QRTZ_FT_TG" tableName="QRTZ_FIRED_TRIGGERS">
            <column name="SCHED_NAME"/>
            <column name="TRIGGER_GROUP"/>
        </createIndex>
    </changeSet>
    <changeSet author="jason.shi (generated)" id="1451446719175-48">
        <createIndex indexName="IDX_QRTZ_FT_TRIG_INST_NAME" tableName="QRTZ_FIRED_TRIGGERS">
            <column name="SCHED_NAME"/>
            <column name="INSTANCE_NAME"/>
        </createIndex>
    </changeSet>
    <changeSet author="jason.shi (generated)" id="1451446719175-49">
        <createIndex indexName="IDX_QRTZ_FT_T_G" tableName="QRTZ_FIRED_TRIGGERS">
            <column name="SCHED_NAME"/>
            <column name="TRIGGER_NAME"/>
            <column name="TRIGGER_GROUP"/>
        </createIndex>
    </changeSet>
    <changeSet author="jason.shi (generated)" id="1451446719175-50">
        <createIndex indexName="IDX_QRTZ_J_GRP" tableName="QRTZ_JOB_DETAILS">
            <column name="SCHED_NAME"/>
            <column name="JOB_GROUP"/>
        </createIndex>
    </changeSet>
    <changeSet author="jason.shi (generated)" id="1451446719175-51">
        <createIndex indexName="IDX_QRTZ_J_REQ_RECOVERY" tableName="QRTZ_JOB_DETAILS">
            <column name="SCHED_NAME"/>
            <column name="REQUESTS_RECOVERY"/>
        </createIndex>
    </changeSet>
    <changeSet author="jason.shi (generated)" id="1451446719175-52">
        <createIndex indexName="IDX_QRTZ_T_C" tableName="QRTZ_TRIGGERS">
            <column name="SCHED_NAME"/>
            <column name="CALENDAR_NAME"/>
        </createIndex>
    </changeSet>
    <changeSet author="jason.shi (generated)" id="1451446719175-53">
        <createIndex indexName="IDX_QRTZ_T_G" tableName="QRTZ_TRIGGERS">
            <column name="SCHED_NAME"/>
            <column name="TRIGGER_GROUP"/>
        </createIndex>
    </changeSet>
    <changeSet author="jason.shi (generated)" id="1451446719175-54">
        <createIndex indexName="IDX_QRTZ_T_J" tableName="QRTZ_TRIGGERS">
            <column name="SCHED_NAME"/>
            <column name="JOB_NAME"/>
            <column name="JOB_GROUP"/>
        </createIndex>
    </changeSet>
    <changeSet author="jason.shi (generated)" id="1451446719175-55">
        <createIndex indexName="IDX_QRTZ_T_JG" tableName="QRTZ_TRIGGERS">
            <column name="SCHED_NAME"/>
            <column name="JOB_GROUP"/>
        </createIndex>
    </changeSet>
    <changeSet author="jason.shi (generated)" id="1451446719175-56">
        <createIndex indexName="IDX_QRTZ_T_NEXT_FIRE_TIME" tableName="QRTZ_TRIGGERS">
            <column name="SCHED_NAME"/>
            <column name="NEXT_FIRE_TIME"/>
        </createIndex>
    </changeSet>
    <changeSet author="jason.shi (generated)" id="1451446719175-57">
        <createIndex indexName="IDX_QRTZ_T_NFT_MISFIRE" tableName="QRTZ_TRIGGERS">
            <column name="SCHED_NAME"/>
            <column name="MISFIRE_INSTR"/>
            <column name="NEXT_FIRE_TIME"/>
        </createIndex>
    </changeSet>
    <changeSet author="jason.shi (generated)" id="1451446719175-58">
        <createIndex indexName="IDX_QRTZ_T_NFT_ST" tableName="QRTZ_TRIGGERS">
            <column name="SCHED_NAME"/>
            <column name="TRIGGER_STATE"/>
            <column name="NEXT_FIRE_TIME"/>
        </createIndex>
    </changeSet>
    <changeSet author="jason.shi (generated)" id="1451446719175-59">
        <createIndex indexName="IDX_QRTZ_T_NFT_ST_MISFIRE" tableName="QRTZ_TRIGGERS">
            <column name="SCHED_NAME"/>
            <column name="MISFIRE_INSTR"/>
            <column name="NEXT_FIRE_TIME"/>
            <column name="TRIGGER_STATE"/>
        </createIndex>
    </changeSet>
    <changeSet author="jason.shi (generated)" id="1451446719175-60">
        <createIndex indexName="IDX_QRTZ_T_NFT_ST_MISFIRE_GRP" tableName="QRTZ_TRIGGERS">
            <column name="SCHED_NAME"/>
            <column name="MISFIRE_INSTR"/>
            <column name="NEXT_FIRE_TIME"/>
            <column name="TRIGGER_GROUP"/>
            <column name="TRIGGER_STATE"/>
        </createIndex>
    </changeSet>
    <changeSet author="jason.shi (generated)" id="1451446719175-61">
        <createIndex indexName="IDX_QRTZ_T_N_G_STATE" tableName="QRTZ_TRIGGERS">
            <column name="SCHED_NAME"/>
            <column name="TRIGGER_GROUP"/>
            <column name="TRIGGER_STATE"/>
        </createIndex>
    </changeSet>
    <changeSet author="jason.shi (generated)" id="1451446719175-62">
        <createIndex indexName="IDX_QRTZ_T_N_STATE" tableName="QRTZ_TRIGGERS">
            <column name="SCHED_NAME"/>
            <column name="TRIGGER_NAME"/>
            <column name="TRIGGER_GROUP"/>
            <column name="TRIGGER_STATE"/>
        </createIndex>
    </changeSet>
    <changeSet author="jason.shi (generated)" id="1451446719175-63">
        <createIndex indexName="IDX_QRTZ_T_STATE" tableName="QRTZ_TRIGGERS">
            <column name="SCHED_NAME"/>
            <column name="TRIGGER_STATE"/>
        </createIndex>
    </changeSet>
    <changeSet author="jason.shi (generated)" id="1451446719175-64">
        <createIndex indexName="I_B_EXEC_PARAMS_FK" tableName="BATCH_JOB_EXECUTION_PARAMS">
            <column name="JOB_EXECUTION_ID"/>
        </createIndex>
    </changeSet>
    <changeSet author="jason.shi (generated)" id="1451446719175-65">
        <createIndex indexName="I__TRI_DEF_JOB_DEF" tableName="T_PUB_JOB_DEFINATION">
            <column name="TRIGGER_DEFINATION_ID"/>
        </createIndex>
    </changeSet>
    <changeSet author="jason.shi (generated)" id="1451446719175-66">
        <createIndex indexName="JOB_INST_UN" tableName="BATCH_JOB_INSTANCE" unique="true">
            <column name="JOB_NAME"/>
            <column name="JOB_KEY"/>
        </createIndex>
    </changeSet>
    <changeSet author="jason.shi (generated)" id="1451446719175-67">

    </changeSet>
    <changeSet author="jason.shi (generated)" id="1451446719175-68">
        <addForeignKeyConstraint baseColumnNames="TRIGGER_DEFINATION_ID" baseTableName="T_PUB_JOB_DEFINATION" constraintName="FK_TRI_DEF_JOB_DEF" deferrable="false" initiallyDeferred="false" onDelete="NO ACTION" onUpdate="NO ACTION" referencedColumnNames="ID" referencedTableName="T_PUB_TRIGGER_DEFINATION"/>
    </changeSet>
    <changeSet author="jason.shi (generated)" id="1451446719175-69">
        <addForeignKeyConstraint baseColumnNames="JOB_EXECUTION_ID" baseTableName="BATCH_JOB_EXECUTION_CONTEXT" constraintName="JOB_EXEC_CTX_FK" deferrable="false" initiallyDeferred="false" onDelete="NO ACTION" onUpdate="NO ACTION" referencedColumnNames="JOB_EXECUTION_ID" referencedTableName="BATCH_JOB_EXECUTION"/>
    </changeSet>
    <changeSet author="jason.shi (generated)" id="1451446719175-70">
        <addForeignKeyConstraint baseColumnNames="JOB_EXECUTION_ID" baseTableName="BATCH_JOB_EXECUTION_PARAMS" constraintName="JOB_EXEC_PARAMS_FK" deferrable="false" initiallyDeferred="false" onDelete="NO ACTION" onUpdate="NO ACTION" referencedColumnNames="JOB_EXECUTION_ID" referencedTableName="BATCH_JOB_EXECUTION"/>
    </changeSet>
    <changeSet author="jason.shi (generated)" id="1451446719175-71">
        <addForeignKeyConstraint baseColumnNames="JOB_EXECUTION_ID" baseTableName="BATCH_STEP_EXECUTION" constraintName="JOB_EXEC_STEP_FK" deferrable="false" initiallyDeferred="false" onDelete="NO ACTION" onUpdate="NO ACTION" referencedColumnNames="JOB_EXECUTION_ID" referencedTableName="BATCH_JOB_EXECUTION"/>
    </changeSet>
    <changeSet author="jason.shi (generated)" id="1451446719175-72">
        <addForeignKeyConstraint baseColumnNames="JOB_INSTANCE_ID" baseTableName="BATCH_JOB_EXECUTION" constraintName="JOB_INST_EXEC_FK" deferrable="false" initiallyDeferred="false" onDelete="NO ACTION" onUpdate="NO ACTION" referencedColumnNames="JOB_INSTANCE_ID" referencedTableName="BATCH_JOB_INSTANCE"/>
    </changeSet>
    <changeSet author="jason.shi (generated)" id="1451446719175-73">
        <addForeignKeyConstraint baseColumnNames="SCHED_NAME,TRIGGER_NAME,TRIGGER_GROUP" baseTableName="QRTZ_BLOB_TRIGGERS" constraintName="QRTZ_BLOB_TRIG_TO_TRIG_FK" deferrable="false" initiallyDeferred="false" onDelete="NO ACTION" onUpdate="NO ACTION" referencedColumnNames="SCHED_NAME,TRIGGER_NAME,TRIGGER_GROUP" referencedTableName="QRTZ_TRIGGERS"/>
    </changeSet>
    <changeSet author="jason.shi (generated)" id="1451446719175-74">
        <addForeignKeyConstraint baseColumnNames="SCHED_NAME,TRIGGER_NAME,TRIGGER_GROUP" baseTableName="QRTZ_CRON_TRIGGERS" constraintName="QRTZ_CRON_TRIG_TO_TRIG_FK" deferrable="false" initiallyDeferred="false" onDelete="NO ACTION" onUpdate="NO ACTION" referencedColumnNames="SCHED_NAME,TRIGGER_NAME,TRIGGER_GROUP" referencedTableName="QRTZ_TRIGGERS"/>
    </changeSet>
    <changeSet author="jason.shi (generated)" id="1451446719175-75">
        <addForeignKeyConstraint baseColumnNames="SCHED_NAME,TRIGGER_NAME,TRIGGER_GROUP" baseTableName="QRTZ_SIMPLE_TRIGGERS" constraintName="QRTZ_SIMPLE_TRIG_TO_TRIG_FK" deferrable="false" initiallyDeferred="false" onDelete="NO ACTION" onUpdate="NO ACTION" referencedColumnNames="SCHED_NAME,TRIGGER_NAME,TRIGGER_GROUP" referencedTableName="QRTZ_TRIGGERS"/>
    </changeSet>
    <changeSet author="jason.shi (generated)" id="1451446719175-76">
        <addForeignKeyConstraint baseColumnNames="SCHED_NAME,TRIGGER_NAME,TRIGGER_GROUP" baseTableName="QRTZ_SIMPROP_TRIGGERS" constraintName="QRTZ_SIMPROP_TRIG_TO_TRIG_FK" deferrable="false" initiallyDeferred="false" onDelete="NO ACTION" onUpdate="NO ACTION" referencedColumnNames="SCHED_NAME,TRIGGER_NAME,TRIGGER_GROUP" referencedTableName="QRTZ_TRIGGERS"/>
    </changeSet>
    <changeSet author="jason.shi (generated)" id="1451446719175-77">
        <addForeignKeyConstraint baseColumnNames="SCHED_NAME,JOB_NAME,JOB_GROUP" baseTableName="QRTZ_TRIGGERS" constraintName="QRTZ_TRIGGER_TO_JOBS_FK" deferrable="false" initiallyDeferred="false" onDelete="NO ACTION" onUpdate="NO ACTION" referencedColumnNames="SCHED_NAME,JOB_NAME,JOB_GROUP" referencedTableName="QRTZ_JOB_DETAILS"/>
    </changeSet>
    <changeSet author="jason.shi (generated)" id="1451446719175-78">
        <addForeignKeyConstraint baseColumnNames="STEP_EXECUTION_ID" baseTableName="BATCH_STEP_EXECUTION_CONTEXT" constraintName="STEP_EXEC_CTX_FK" deferrable="false" initiallyDeferred="false" onDelete="NO ACTION" onUpdate="NO ACTION" referencedColumnNames="STEP_EXECUTION_ID" referencedTableName="BATCH_STEP_EXECUTION"/>
    </changeSet>
</databaseChangeLog>
