<?xml version="1.0" encoding="UTF-8" standalone="no"?>
<databaseChangeLog xmlns="http://www.liquibase.org/xml/ns/dbchangelog" xmlns:ext="http://www.liquibase.org/xml/ns/dbchangelog-ext" xmlns:xsi="http://www.w3.org/2001/XMLSchema-instance" xsi:schemaLocation="http://www.liquibase.org/xml/ns/dbchangelog-ext http://www.liquibase.org/xml/ns/dbchangelog/dbchangelog-ext.xsd http://www.liquibase.org/xml/ns/dbchangelog http://www.liquibase.org/xml/ns/dbchangelog/dbchangelog-3.3.xsd">
    <changeSet author="generated" id="2016032501_T_RI_MENUS">
        <createTable tableName="T_RI_MENUS">
            <column name="MENU_ID" type="NUMBER(10, 0)"/>
            <column name="MENU_NAME" type="VARCHAR2(100)"/>
            <column name="DESCRIPTION" type="VARCHAR2(200)"/>
            <column name="PARENT_ID" type="NUMBER(10, 0)"/>
            <column name="ICON" type="VARCHAR2(100)"/>
            <column name="URL" type="VARCHAR2(100)"/>
            <column name="PERMISSION_CODE" type="VARCHAR2(100)"/>
            <column name="SORT_NO" type="NUMBER(2, 0)"/>
            <column defaultValueComputed="sysdate" name="INSERT_TIME" type="date"/>
            <column defaultValueComputed="-11" name="INSERT_BY" type="NUMBER(10, 0)"/>
            <column defaultValueComputed="sysdate" name="UPDATE_TIME" type="date"/>
            <column defaultValueComputed="-11" name="UPDATE_BY" type="NUMBER(10, 0)"/>
        </createTable>
    </changeSet>
</databaseChangeLog>
