<?xml version="1.0" encoding="UTF-8" standalone="no"?>
<databaseChangeLog xmlns="http://www.liquibase.org/xml/ns/dbchangelog" xmlns:ext="http://www.liquibase.org/xml/ns/dbchangelog-ext" xmlns:xsi="http://www.w3.org/2001/XMLSchema-instance" xsi:schemaLocation="http://www.liquibase.org/xml/ns/dbchangelog-ext http://www.liquibase.org/xml/ns/dbchangelog/dbchangelog-ext.xsd http://www.liquibase.org/xml/ns/dbchangelog http://www.liquibase.org/xml/ns/dbchangelog/dbchangelog-3.3.xsd">
    <property name="now" value="sysdate" dbms="oracle"/>
    <property name="now" value="now()" dbms="mysql"/>
    <changeSet author="generated" id="2016032502_T_PUB_ROLE_PERMISSION.DATA">
        <delete tableName="T_PUB_ROLE_PERMISSION"/>
    </changeSet>
    <changeSet author="generated" id="2016032503_T_PUB_ROLE.DATA">
        <delete tableName="T_PUB_ROLE"/>
    </changeSet>
    <changeSet author="generated" id="2016032504_T_PUB_PERMISSION.DATA">
        <delete tableName="T_PUB_PERMISSION"/>
    </changeSet>
    <changeSet author="generated" id="2016032505_T_PUB_PERMISSION_TYPE.DATA">
        <delete tableName="T_PUB_PERMISSION_TYPE"/>
    </changeSet>
    <changeSet author="generated" id="2016032506_T_PUB_USER.DATA">
        <delete tableName="T_PUB_USER"/>
    </changeSet>
    <changeSet author="generated" id="2016032507_T_PUB_USER_ROLE.DATA">
        <delete tableName="T_PUB_USER_ROLE"/>
    </changeSet>
    <changeSet author="generated" id="2016032508_T_PUB_USER_TYPE.DATA">
        <delete tableName="T_PUB_USER_TYPE"/>
    </changeSet>
    <changeSet author="generated" id="2016032509_T_RI_MENUS.DATA">
        <delete tableName="T_RI_MENUS"/>
    </changeSet>
    
    <changeSet author="generated" id="2016032501_T_PUB_ROLE.DATA">
        <insert tableName="T_PUB_ROLE">
            <column name="ROLE_ID" valueNumeric="1"/>
            <column name="ROLE_TYPE"/>
            <column name="DESCRIPTION" value="admin"/>
            <column name="NAME" value="admin"/>
            <column name="INSERT_BY" valueNumeric="-11"/>
            <column name="UPDATE_BY" valueNumeric="-11"/>
            <column name="ORG_ID"/>
        </insert>
        <insert tableName="T_PUB_ROLE">
            <column name="ROLE_ID" valueNumeric="2"/>
            <column name="ROLE_TYPE"/>
            <column name="DESCRIPTION" value="Contract Analysis"/>
            <column name="NAME" value="Contract Analysis"/>
            <column name="INSERT_BY" valueNumeric="-11"/>
            <column name="UPDATE_BY" valueNumeric="-11"/>
            <column name="ORG_ID"/>
        </insert>
    </changeSet>
    <changeSet author="generated" id="2016032501_T_PUB_ROLE_PERMISSION.DATA">
        <insert tableName="T_PUB_ROLE_PERMISSION">
            <column name="ID" valueNumeric="934768"/>
            <column name="ROLE_ID" valueNumeric="2"/>
            <column name="INSERT_BY" valueNumeric="-11"/>
            <column name="UPDATE_BY" valueNumeric="-11"/>
            <column name="PERMISSION_TYPE" valueNumeric="1"/>
            <column name="PERMISSION_CODE" value="Contract Authority"/>
        </insert>
        <insert tableName="T_PUB_ROLE_PERMISSION">
            <column name="ID" valueNumeric="934769"/>
            <column name="ROLE_ID" valueNumeric="2"/>
            <column name="INSERT_BY" valueNumeric="-11"/>
            <column name="UPDATE_BY" valueNumeric="-11"/>
            <column name="PERMISSION_TYPE" valueNumeric="1"/>
            <column name="PERMISSION_CODE" value="MC"/>
        </insert>
        <insert tableName="T_PUB_ROLE_PERMISSION">
            <column name="ID" valueNumeric="934773"/>
            <column name="ROLE_ID" valueNumeric="1"/>
            <column name="INSERT_BY" valueNumeric="-11"/>
            <column name="UPDATE_BY" valueNumeric="-11"/>
            <column name="PERMISSION_TYPE" valueNumeric="1"/>
            <column name="PERMISSION_CODE" value="Contract Authority"/>
        </insert>
        <insert tableName="T_PUB_ROLE_PERMISSION">
            <column name="ID" valueNumeric="934774"/>
            <column name="ROLE_ID" valueNumeric="1"/>
            <column name="INSERT_BY" valueNumeric="-11"/>
            <column name="UPDATE_BY" valueNumeric="-11"/>
            <column name="PERMISSION_TYPE" valueNumeric="1"/>
            <column name="PERMISSION_CODE" value="MC"/>
        </insert>
        <insert tableName="T_PUB_ROLE_PERMISSION">
            <column name="ID" valueNumeric="934775"/>
            <column name="ROLE_ID" valueNumeric="1"/>
            <column name="INSERT_BY" valueNumeric="-11"/>
            <column name="UPDATE_BY" valueNumeric="-11"/>
            <column name="PERMISSION_TYPE" valueNumeric="1"/>
            <column name="PERMISSION_CODE" value="System Admin menu"/>
        </insert>
    </changeSet>
    <changeSet author="generated" id="2016032501_T_PUB_PERMISSION.DATA">
        <insert tableName="T_PUB_PERMISSION">
            <column name="ID" valueNumeric="1"/>
            <column name="NAME" value="System Admin menu"/>
            <column name="DESCRIPTION" value="System Admin menu"/>
            <column name="PARENT_NAME"/>
            <column name="TYPE" valueNumeric="1"/>
            <column name="CONTEXT"/>
            <column name="CODE" value="System Admin menu"/>
        </insert>
        <insert tableName="T_PUB_PERMISSION">
            <column name="ID" valueNumeric="44"/>
            <column name="NAME" value="Maintenance Center Menu"/>
            <column name="DESCRIPTION" value="Maintenance Center Menu"/>
            <column name="PARENT_NAME" value="System Admin menu"/>
            <column name="TYPE" valueNumeric="1"/>
            <column name="CONTEXT"/>
            <column name="CODE" value="MC"/>
        </insert>
        <insert tableName="T_PUB_PERMISSION">
            <column name="ID" valueNumeric="9901"/>
            <column name="NAME" value="Contract Authority"/>
            <column name="DESCRIPTION" value="Contract Authority"/>
            <column name="PARENT_NAME"/>
            <column name="TYPE" valueNumeric="1"/>
            <column name="CONTEXT"/>
            <column name="CODE" value="Contract Authority"/>
        </insert>
        <insert tableName="T_PUB_PERMISSION">
            <column name="ID" valueNumeric="9902"/>
            <column name="NAME" value="Claim"/>
            <column name="DESCRIPTION" value="Claim"/>
            <column name="PARENT_NAME"/>
            <column name="TYPE" valueNumeric="1"/>
            <column name="CONTEXT"/>
            <column name="CODE" value="Claim"/>
        </insert>
        <insert tableName="T_PUB_PERMISSION">
            <column name="ID" valueNumeric="9903"/>
            <column name="NAME" value="Accounting"/>
            <column name="DESCRIPTION" value="Accounting"/>
            <column name="PARENT_NAME"/>
            <column name="TYPE" valueNumeric="1"/>
            <column name="CONTEXT"/>
            <column name="CODE" value="Accounting"/>
        </insert>
        <insert tableName="T_PUB_PERMISSION">
            <column name="ID" valueNumeric="9904"/>
            <column name="NAME" value="ARAP"/>
            <column name="DESCRIPTION" value="ARAP"/>
            <column name="PARENT_NAME"/>
            <column name="TYPE" valueNumeric="1"/>
            <column name="CONTEXT"/>
            <column name="CODE" value="ARAP"/>
        </insert>
    </changeSet>
    <changeSet author="generated" id="2016032501_T_PUB_PERMISSION_TYPE.DATA">
        <insert tableName="T_PUB_PERMISSION_TYPE">
            <column name="ID" valueNumeric="1"/>
            <column name="NAME" value="Menu Authority"/>
            <column name="TYPE" valueNumeric="1"/>
            <column name="INSERT_BY" valueNumeric="-11"/>
            <column name="UPDATE_BY" valueNumeric="-11"/>
          	<column name="INSERT_TIME" valueDate="${now}"/>
            <column name="UPDATE_TIME" valueDate="${now}"/>
        </insert>
        <insert tableName="T_PUB_PERMISSION_TYPE">
            <column name="ID" valueNumeric="2"/>
            <column name="NAME" value="Product Data Authority"/>
            <column name="TYPE" valueNumeric="2"/>
            <column name="INSERT_BY" valueNumeric="-11"/>
            <column name="UPDATE_BY" valueNumeric="-11"/>
            <column name="INSERT_TIME" valueDate="${now}"/>
            <column name="UPDATE_TIME" valueDate="${now}"/>
        </insert>
        <insert tableName="T_PUB_PERMISSION_TYPE">
            <column name="ID" valueNumeric="3"/>
            <column name="NAME" value="Common Data Authority"/>
            <column name="TYPE" valueNumeric="3"/>
            <column name="INSERT_BY" valueNumeric="-11"/>
            <column name="UPDATE_BY" valueNumeric="-11"/>
            <column name="INSERT_TIME" valueDate="${now}"/>
            <column name="UPDATE_TIME" valueDate="${now}"/>
        </insert>
        <insert tableName="T_PUB_PERMISSION_TYPE">
            <column name="ID" valueNumeric="4"/>
            <column name="NAME" value="Contract Authority"/>
            <column name="TYPE" valueNumeric="4"/>
            <column name="INSERT_BY" valueNumeric="-11"/>
            <column name="UPDATE_BY" valueNumeric="-11"/>
            <column name="INSERT_TIME" valueDate="${now}"/>
            <column name="UPDATE_TIME" valueDate="${now}"/>
        </insert>
    </changeSet>
    <changeSet author="generated" id="2016032501_T_PUB_USER.DATA">
        <insert tableName="T_PUB_USER">
            <column name="USER_ID" valueNumeric="-99"/>
            <column name="ORG_ID" valueNumeric="1"/>
            <column name="PASSWORD" value="98249d5d8fbbad0df48bde683f3ba8103f74ceaf3b176c0a42f6868a8fb5f7ad4068bb267334a20f4d3fee940c08fac36e91e483c123f3699e469637d092889a"/>
            <column name="REAL_NAME" value="ADMIN"/>
            <column name="USER_NAME" value="ADMIN"/>
            <column name="NEED_CHANGE_PASS"/>
            <column name="DEFAULT_LANG" value="zh_CN"/>
            <column name="USER_DISABLE" value="N"/>
            <column name="DISABLE_CAUSE"/>
            <column name="INVALID_LOGIN" valueNumeric="0"/>
            <column name="LATEST_IP"/>
            <column name="LATEST_IP_OLD"/>
            <column name="LATEST_LOGIN_TIME"/>
            <column name="LATEST_LOGIN_OLD"/>
            <column name="LATEST_LOGOUT_TIME"/>
            <column name="LATEST_ACCESS_TIME"/>
            <column name="USER_TYPE" valueNumeric="1"/>
            <column name="PARTY_ID"/>
            <column name="PARTY_ROLE"/>
            <column name="DEPT_ID"/>
            <column name="EMAIL" value="mengying.guo@ebaotech.com"/>
            <column name="DISABLE_DATE"/>
            <column name="CUSTOMER_ID"/>
            <column name="ID_CARD"/>
            <column name="ACTIVATE_PASSWORD"/>
            <column name="USER_ON_LEAVE" value="N"/>
            <column name="DISABLE_CAUSE_DETAIL"/>
            <column name="INSERT_BY" valueNumeric="-11"/>
            <column name="UPDATE_BY" valueNumeric="-11"/>
            <column name="DYNAMIC_FIELDS"/>
            <column name="MOBILE" value="123321123"/>
            <column name="ORGAN_ID"/>
            <column name="DEFAULT_LANGUAGE"/>
            <column name="CODE"/>
            <column name="STATUS" value="Y"/>
            <column name="ON_LEAVE_FLAG"/>
            <column name="REGISTER_CODE"/>
            <column name="REGISTER_EXPIRE_DATE"/>
        </insert>
    </changeSet>
    <changeSet author="generated" id="2016032501_T_PUB_USER_ROLE.DATA">
        <insert tableName="T_PUB_USER_ROLE">
            <column name="ID" valueNumeric="16177363"/>
            <column name="USER_ID" valueNumeric="-99"/>
            <column name="ROLE_ID" valueNumeric="1"/>
            <column name="INSERT_BY" valueNumeric="-11"/>
            <column name="UPDATE_BY" valueNumeric="-11"/>
        </insert>
        <insert tableName="T_PUB_USER_ROLE">
            <column name="ID" valueNumeric="16177364"/>
            <column name="USER_ID" valueNumeric="-99"/>
            <column name="ROLE_ID" valueNumeric="2"/>
            <column name="INSERT_BY" valueNumeric="-11"/>
            <column name="UPDATE_BY" valueNumeric="-11"/>
        </insert>
    </changeSet>
    <changeSet author="generated" id="2016032501_T_PUB_USER_TYPE.DATA">
        <insert tableName="T_PUB_USER_TYPE">
            <column name="USER_TYPE" valueNumeric="1"/>
            <column name="TYPE_NAME" value="EMPLOYEE"/>
            <column name="PARTY_ROLE_CODE"/>
            <column name="HOME_PAGE"/>
            <column name="RECORD_USAGE" valueNumeric="2"/>
            <column name="INSERT_BY"/>
            <column name="UPDATE_BY"/>
            <column name="INSERT_TIME"/>
            <column name="UPDATE_TIME"/>
        </insert>
        <insert tableName="T_PUB_USER_TYPE">
            <column name="USER_TYPE" valueNumeric="2"/>
            <column name="TYPE_NAME" value="IndividualCustomer"/>
            <column name="PARTY_ROLE_CODE" value="IndividualCustomer"/>
            <column name="HOME_PAGE"/>
            <column name="RECORD_USAGE" valueNumeric="2"/>
            <column name="INSERT_BY"/>
            <column name="UPDATE_BY"/>
            <column name="INSERT_TIME"/>
            <column name="UPDATE_TIME"/>
        </insert>
        <insert tableName="T_PUB_USER_TYPE">
            <column name="USER_TYPE" valueNumeric="3"/>
            <column name="TYPE_NAME" value="CompanyCustomer"/>
            <column name="PARTY_ROLE_CODE" value="CompanyCustomer"/>
            <column name="HOME_PAGE"/>
            <column name="RECORD_USAGE" valueNumeric="2"/>
            <column name="INSERT_BY"/>
            <column name="UPDATE_BY"/>
            <column name="INSERT_TIME"/>
            <column name="UPDATE_TIME"/>
        </insert>
        <insert tableName="T_PUB_USER_TYPE">
            <column name="USER_TYPE" valueNumeric="6"/>
            <column name="TYPE_NAME" value="Agency Employee"/>
            <column name="PARTY_ROLE_CODE"/>
            <column name="HOME_PAGE"/>
            <column name="RECORD_USAGE" valueNumeric="2"/>
            <column name="INSERT_BY"/>
            <column name="UPDATE_BY"/>
            <column name="INSERT_TIME"/>
            <column name="UPDATE_TIME"/>
        </insert>
        <insert tableName="T_PUB_USER_TYPE">
            <column name="USER_TYPE" valueNumeric="13"/>
            <column name="TYPE_NAME" value="Individual Agent"/>
            <column name="PARTY_ROLE_CODE"/>
            <column name="HOME_PAGE"/>
            <column name="RECORD_USAGE" valueNumeric="2"/>
            <column name="INSERT_BY"/>
            <column name="UPDATE_BY"/>
            <column name="INSERT_TIME"/>
            <column name="UPDATE_TIME"/>
        </insert>
        <insert tableName="T_PUB_USER_TYPE">
            <column name="USER_TYPE" valueNumeric="99"/>
            <column name="TYPE_NAME" value="SUPER_USER"/>
            <column name="PARTY_ROLE_CODE"/>
            <column name="HOME_PAGE"/>
            <column name="RECORD_USAGE" valueNumeric="2"/>
            <column name="INSERT_BY"/>
            <column name="UPDATE_BY"/>
            <column name="INSERT_TIME"/>
            <column name="UPDATE_TIME"/>
        </insert>
    </changeSet>
    <changeSet author="generated" id="2016032501_T_RI_MENUS.DATA">
        <insert tableName="T_RI_MENUS">
            <column name="MENU_ID" valueNumeric="1"/>
            <column name="MENU_NAME" value="Contract Management"/>
            <column name="DESCRIPTION" value="Contract Management"/>
            <column name="PARENT_ID"/>
            <column name="ICON" value="tasks"/>
            <column name="URL"/>
            <column name="PERMISSION_CODE" value="Contract Authority"/>
            <column name="SORT_NO" valueNumeric="1"/>
            <column name="INSERT_BY" valueNumeric="-11"/>
            <column name="UPDATE_BY" valueNumeric="-11"/>
        </insert>
        <insert tableName="T_RI_MENUS">
            <column name="MENU_ID" valueNumeric="2"/>
            <column name="MENU_NAME" value="Contract Management"/>
            <column name="DESCRIPTION" value="Contract Management"/>
            <column name="PARENT_ID" valueNumeric="1"/>
            <column name="ICON"/>
            <column name="URL" value="ui.contract.management"/>
            <column name="PERMISSION_CODE"/>
            <column name="SORT_NO" valueNumeric="11"/>
            <column name="INSERT_BY" valueNumeric="-11"/>
            <column name="UPDATE_BY" valueNumeric="-11"/>
        </insert>
        <insert tableName="T_RI_MENUS">
            <column name="MENU_ID" valueNumeric="3"/>
            <column name="MENU_NAME" value="Pricing Estimate"/>
            <column name="DESCRIPTION" value="Pricing Estimate"/>
            <column name="PARENT_ID" valueNumeric="1"/>
            <column name="ICON"/>
            <column name="URL" value="ui.contract.pricing"/>
            <column name="PERMISSION_CODE"/>
            <column name="SORT_NO" valueNumeric="12"/>
            <column name="INSERT_BY" valueNumeric="-11"/>
            <column name="UPDATE_BY" valueNumeric="-11"/>
        </insert>
        <insert tableName="T_RI_MENUS">
            <column name="MENU_ID" valueNumeric="4"/>
            <column name="MENU_NAME" value="Claim"/>
            <column name="DESCRIPTION" value="Claim"/>
            <column name="PARENT_ID"/>
            <column name="ICON" value="car"/>
            <column name="URL"/>
            <column name="PERMISSION_CODE"/>
            <column name="SORT_NO" valueNumeric="2"/>
            <column name="INSERT_BY" valueNumeric="-11"/>
            <column name="UPDATE_BY" valueNumeric="-11"/>
        </insert>
        <insert tableName="T_RI_MENUS">
            <column name="MENU_ID" valueNumeric="5"/>
            <column name="MENU_NAME" value="Loss Adjustment"/>
            <column name="DESCRIPTION" value="Loss Adjustment"/>
            <column name="PARENT_ID" valueNumeric="4"/>
            <column name="ICON"/>
            <column name="URL" value="ui.claim.claimQuery"/>
            <column name="PERMISSION_CODE"/>
            <column name="SORT_NO" valueNumeric="21"/>
            <column name="INSERT_BY" valueNumeric="-11"/>
            <column name="UPDATE_BY" valueNumeric="-11"/>
        </insert>
        <insert tableName="T_RI_MENUS">
            <column name="MENU_ID" valueNumeric="6"/>
            <column name="MENU_NAME" value="Event Management"/>
            <column name="DESCRIPTION" value="Event Management"/>
            <column name="PARENT_ID" valueNumeric="4"/>
            <column name="ICON"/>
            <column name="URL" value="ui.claim.eventSearch"/>
            <column name="PERMISSION_CODE"/>
            <column name="SORT_NO" valueNumeric="22"/>
            <column name="INSERT_BY" valueNumeric="-11"/>
            <column name="UPDATE_BY" valueNumeric="-11"/>
        </insert>
        <insert tableName="T_RI_MENUS">
            <column name="MENU_ID" valueNumeric="30"/>
            <column name="MENU_NAME" value="Business Partner Maintenance"/>
            <column name="DESCRIPTION" value="Business Partner Maintenance"/>
            <column name="PARENT_ID" valueNumeric="28"/>
            <column name="ICON"/>
            <column name="URL" value="ui.partner.search"/>
            <column name="PERMISSION_CODE"/>
            <column name="SORT_NO" valueNumeric="31"/>
            <column name="INSERT_BY" valueNumeric="-11"/>
            <column name="UPDATE_BY" valueNumeric="-11"/>
        </insert>
        <insert tableName="T_RI_MENUS">
            <column name="MENU_ID" valueNumeric="7"/>
            <column name="MENU_NAME" value="General Query"/>
            <column name="DESCRIPTION" value="General Query"/>
            <column name="PARENT_ID"/>
            <column name="ICON" value="search"/>
            <column name="URL"/>
            <column name="PERMISSION_CODE"/>
            <column name="SORT_NO" valueNumeric="7"/>
            <column name="INSERT_BY" valueNumeric="-11"/>
            <column name="UPDATE_BY" valueNumeric="-11"/>
        </insert>
        <insert tableName="T_RI_MENUS">
            <column name="MENU_ID" valueNumeric="8"/>
            <column name="MENU_NAME" value="Contract Query"/>
            <column name="DESCRIPTION" value="Contract Query"/>
            <column name="PARENT_ID" valueNumeric="7"/>
            <column name="ICON"/>
            <column name="URL" value="ui.queryView.search"/>
            <column name="PERMISSION_CODE"/>
            <column name="SORT_NO" valueNumeric="71"/>
            <column name="INSERT_BY" valueNumeric="-11"/>
            <column name="UPDATE_BY" valueNumeric="-11"/>
        </insert>
        <insert tableName="T_RI_MENUS">
            <column name="MENU_ID" valueNumeric="9"/>
            <column name="MENU_NAME" value="GL Data Query"/>
            <column name="DESCRIPTION" value="GL Data Query"/>
            <column name="PARENT_ID" valueNumeric="7"/>
            <column name="ICON"/>
            <column name="URL"/>
            <column name="PERMISSION_CODE"/>
            <column name="SORT_NO" valueNumeric="72"/>
            <column name="INSERT_BY" valueNumeric="-11"/>
            <column name="UPDATE_BY" valueNumeric="-11"/>
        </insert>
        <insert tableName="T_RI_MENUS">
            <column name="MENU_ID" valueNumeric="10"/>
            <column name="MENU_NAME" value="Technical Accounting"/>
            <column name="DESCRIPTION" value="Technical Accounting"/>
            <column name="PARENT_ID"/>
            <column name="ICON" value="user-secret"/>
            <column name="URL"/>
            <column name="PERMISSION_CODE"/>
            <column name="SORT_NO" valueNumeric="4"/>
            <column name="INSERT_BY" valueNumeric="-11"/>
            <column name="UPDATE_BY" valueNumeric="-11"/>
        </insert>
        <insert tableName="T_RI_MENUS">
            <column name="MENU_ID" valueNumeric="11"/>
            <column name="MENU_NAME" value="Statement Management"/>
            <column name="DESCRIPTION" value="Statement Management"/>
            <column name="PARENT_ID" valueNumeric="10"/>
            <column name="ICON"/>
            <column name="URL" value="ui.accounting.statementQuery"/>
            <column name="PERMISSION_CODE"/>
            <column name="SORT_NO" valueNumeric="41"/>
            <column name="INSERT_BY" valueNumeric="-11"/>
            <column name="UPDATE_BY" valueNumeric="-11"/>
        </insert>
        <insert tableName="T_RI_MENUS">
            <column name="MENU_ID" valueNumeric="12"/>
            <column name="MENU_NAME" value="Account Summary"/>
            <column name="DESCRIPTION" value="Account Summary"/>
            <column name="PARENT_ID" valueNumeric="10"/>
            <column name="ICON"/>
            <column name="URL" value="ui.accounting.accountSummaryQuery"/>
            <column name="PERMISSION_CODE"/>
            <column name="SORT_NO" valueNumeric="42"/>
            <column name="INSERT_BY" valueNumeric="-11"/>
            <column name="UPDATE_BY" valueNumeric="-11"/>
        </insert>
        <insert tableName="T_RI_MENUS">
            <column name="MENU_ID" valueNumeric="13"/>
            <column name="MENU_NAME" value="Actualization"/>
            <column name="DESCRIPTION" value="Actualization"/>
            <column name="PARENT_ID" valueNumeric="10"/>
            <column name="ICON"/>
            <column name="URL" value="ui.accounting.actualization"/>
            <column name="PERMISSION_CODE"/>
            <column name="SORT_NO" valueNumeric="43"/>
            <column name="INSERT_BY" valueNumeric="-11"/>
            <column name="UPDATE_BY" valueNumeric="-11"/>
        </insert>
        <insert tableName="T_RI_MENUS">
            <column name="MENU_ID" valueNumeric="14"/>
            <column name="MENU_NAME" value="IBNR Management"/>
            <column name="DESCRIPTION" value="IBNR Management"/>
            <column name="PARENT_ID" valueNumeric="10"/>
            <column name="ICON"/>
            <column name="URL" value="ui.accounting.segmentQuery"/>
            <column name="PERMISSION_CODE"/>
            <column name="SORT_NO" valueNumeric="44"/>
            <column name="INSERT_BY" valueNumeric="-11"/>
            <column name="UPDATE_BY" valueNumeric="-11"/>
        </insert>
        <insert tableName="T_RI_MENUS">
            <column name="MENU_ID" valueNumeric="15"/>
            <column name="MENU_NAME" value="Closing Setup"/>
            <column name="DESCRIPTION" value="Closing Setup"/>
            <column name="PARENT_ID" valueNumeric="10"/>
            <column name="ICON"/>
            <column name="URL" value="ui.accounting.closingSetting"/>
            <column name="PERMISSION_CODE"/>
            <column name="SORT_NO" valueNumeric="45"/>
            <column name="INSERT_BY" valueNumeric="-11"/>
            <column name="UPDATE_BY" valueNumeric="-11"/>
        </insert>
        <insert tableName="T_RI_MENUS">
            <column name="MENU_ID" valueNumeric="16"/>
            <column name="MENU_NAME" value="Exception Report"/>
            <column name="DESCRIPTION" value="Exception Report"/>
            <column name="PARENT_ID" valueNumeric="10"/>
            <column name="ICON"/>
            <column name="URL" value="ui.accounting.exceptionReport"/>
            <column name="PERMISSION_CODE"/>
            <column name="SORT_NO" valueNumeric="46"/>
            <column name="INSERT_BY" valueNumeric="-11"/>
            <column name="UPDATE_BY" valueNumeric="-11"/>
        </insert>
        <insert tableName="T_RI_MENUS">
            <column name="MENU_ID" valueNumeric="17"/>
            <column name="MENU_NAME" value="ARAP"/>
            <column name="DESCRIPTION" value="ARAP"/>
            <column name="PARENT_ID"/>
            <column name="ICON" value="money"/>
            <column name="URL"/>
            <column name="PERMISSION_CODE"/>
            <column name="SORT_NO" valueNumeric="5"/>
            <column name="INSERT_BY" valueNumeric="-11"/>
            <column name="UPDATE_BY" valueNumeric="-11"/>
        </insert>
        <insert tableName="T_RI_MENUS">
            <column name="MENU_ID" valueNumeric="18"/>
            <column name="MENU_NAME" value="Collection"/>
            <column name="DESCRIPTION" value="Collection"/>
            <column name="PARENT_ID" valueNumeric="17"/>
            <column name="ICON"/>
            <column name="URL" value="ui.payment.collection"/>
            <column name="PERMISSION_CODE"/>
            <column name="SORT_NO" valueNumeric="51"/>
            <column name="INSERT_BY" valueNumeric="-11"/>
            <column name="UPDATE_BY" valueNumeric="-11"/>
        </insert>
        <insert tableName="T_RI_MENUS">
            <column name="MENU_ID" valueNumeric="19"/>
            <column name="MENU_NAME" value="Payment"/>
            <column name="DESCRIPTION" value="Payment"/>
            <column name="PARENT_ID" valueNumeric="17"/>
            <column name="ICON"/>
            <column name="URL" value="ui.payment.payment"/>
            <column name="PERMISSION_CODE"/>
            <column name="SORT_NO" valueNumeric="52"/>
            <column name="INSERT_BY" valueNumeric="-11"/>
            <column name="UPDATE_BY" valueNumeric="-11"/>
        </insert>
        <insert tableName="T_RI_MENUS">
            <column name="MENU_ID" valueNumeric="20"/>
            <column name="MENU_NAME" value="Internal Offset"/>
            <column name="DESCRIPTION" value="Internal Offset"/>
            <column name="PARENT_ID" valueNumeric="17"/>
            <column name="ICON"/>
            <column name="URL" value="ui.payment.internalOffset"/>
            <column name="PERMISSION_CODE"/>
            <column name="SORT_NO" valueNumeric="53"/>
            <column name="INSERT_BY" valueNumeric="-11"/>
            <column name="UPDATE_BY" valueNumeric="-11"/>
        </insert>
        <insert tableName="T_RI_MENUS">
            <column name="MENU_ID" valueNumeric="22"/>
            <column name="MENU_NAME" value="Transaction Reversal"/>
            <column name="DESCRIPTION" value="Transaction Reversal"/>
            <column name="PARENT_ID" valueNumeric="17"/>
            <column name="ICON"/>
            <column name="URL" value="ui.payment.transactionReversal"/>
            <column name="PERMISSION_CODE"/>
            <column name="SORT_NO" valueNumeric="54"/>
            <column name="INSERT_BY" valueNumeric="-11"/>
            <column name="UPDATE_BY" valueNumeric="-11"/>
        </insert>
        <insert tableName="T_RI_MENUS">
            <column name="MENU_ID" valueNumeric="23"/>
            <column name="MENU_NAME" value="Transaction Query"/>
            <column name="DESCRIPTION" value="Transaction Query"/>
            <column name="PARENT_ID" valueNumeric="17"/>
            <column name="ICON"/>
            <column name="URL" value="ui.payment.transactionQuery"/>
            <column name="PERMISSION_CODE"/>
            <column name="SORT_NO" valueNumeric="55"/>
            <column name="INSERT_BY" valueNumeric="-11"/>
            <column name="UPDATE_BY" valueNumeric="-11"/>
        </insert>
        <insert tableName="T_RI_MENUS">
            <column name="MENU_ID" valueNumeric="24"/>
            <column name="MENU_NAME" value="Bank Account Management"/>
            <column name="DESCRIPTION" value="Bank Account Management"/>
            <column name="PARENT_ID" valueNumeric="17"/>
            <column name="ICON"/>
            <column name="URL" value="ui.payment.bankAccountManagement"/>
            <column name="PERMISSION_CODE"/>
            <column name="SORT_NO" valueNumeric="56"/>
            <column name="INSERT_BY" valueNumeric="-11"/>
            <column name="UPDATE_BY" valueNumeric="-11"/>
        </insert>
        <insert tableName="T_RI_MENUS">
            <column name="MENU_ID" valueNumeric="25"/>
            <column name="MENU_NAME" value="Exchange Rate Management"/>
            <column name="DESCRIPTION" value="Exchange Rate Management"/>
            <column name="PARENT_ID" valueNumeric="17"/>
            <column name="ICON"/>
            <column name="URL" value="ui.payment.exchangeRateManagement"/>
            <column name="PERMISSION_CODE"/>
            <column name="SORT_NO" valueNumeric="57"/>
            <column name="INSERT_BY" valueNumeric="-11"/>
            <column name="UPDATE_BY" valueNumeric="-11"/>
        </insert>
        <insert tableName="T_RI_MENUS">
            <column name="MENU_ID" valueNumeric="26"/>
            <column name="MENU_NAME" value="System Admin"/>
            <column name="DESCRIPTION" value="System Admin"/>
            <column name="PARENT_ID"/>
            <column name="ICON" value="cogs"/>
            <column name="URL"/>
            <column name="PERMISSION_CODE"/>
            <column name="SORT_NO" valueNumeric="6"/>
            <column name="INSERT_BY" valueNumeric="-11"/>
            <column name="UPDATE_BY" valueNumeric="-11"/>
        </insert>
        <insert tableName="T_RI_MENUS">
            <column name="MENU_ID" valueNumeric="27"/>
            <column name="MENU_NAME" value="User Maintenance"/>
            <column name="DESCRIPTION" value="Maintenance Center"/>
            <column name="PARENT_ID" valueNumeric="26"/>
            <column name="ICON"/>
            <column name="URL" value="ui.system.maintenance"/>
            <column name="PERMISSION_CODE"/>
            <column name="SORT_NO" valueNumeric="61"/>
            <column name="INSERT_BY" valueNumeric="-11"/>
            <column name="UPDATE_BY" valueNumeric="-11"/>
        </insert>
        <insert tableName="T_RI_MENUS">
            <column name="MENU_ID" valueNumeric="28"/>
            <column name="MENU_NAME" value="Business Partner"/>
            <column name="DESCRIPTION" value="Business Partner Maintenance"/>
            <column name="PARENT_ID"/>
            <column name="ICON"/>
            <column name="URL"/>
            <column name="PERMISSION_CODE"/>
            <column name="SORT_NO" valueNumeric="3"/>
            <column name="INSERT_BY" valueNumeric="-11"/>
            <column name="UPDATE_BY" valueNumeric="-11"/>
        </insert>
        <insert tableName="T_RI_MENUS">
            <column name="MENU_ID" valueNumeric="31"/>
            <column name="MENU_NAME" value="SUPI Adjustment"/>
            <column name="DESCRIPTION" value="SUPI Adjustment"/>
            <column name="PARENT_ID" valueNumeric="1"/>
            <column name="ICON"/>
            <column name="URL" value="ui.contract.supi"/>
            <column name="PERMISSION_CODE"/>
            <column name="SORT_NO" valueNumeric="13"/>
            <column name="INSERT_BY" valueNumeric="-11"/>
            <column name="UPDATE_BY" valueNumeric="-11"/>
        </insert>
        <insert tableName="T_RI_MENUS">
            <column name="MENU_ID" valueNumeric="29"/>
            <column name="MENU_NAME" value="Spring Batch"/>
            <column name="DESCRIPTION" value="Spring Batch"/>
            <column name="PARENT_ID" valueNumeric="26"/>
            <column name="ICON"/>
            <column name="URL" value="ui.batch.maintenance"/>
            <column name="PERMISSION_CODE"/>
            <column name="SORT_NO" valueNumeric="63"/>
            <column name="INSERT_BY" valueNumeric="-11"/>
            <column name="UPDATE_BY" valueNumeric="-11"/>
        </insert>
    </changeSet>
</databaseChangeLog>
