<?xml version="1.0" encoding="UTF-8" standalone="no"?>
<databaseChangeLog xmlns="http://www.liquibase.org/xml/ns/dbchangelog"
	xmlns:ext="http://www.liquibase.org/xml/ns/dbchangelog-ext" xmlns:xsi="http://www.w3.org/2001/XMLSchema-instance"
	xsi:schemaLocation="http://www.liquibase.org/xml/ns/dbchangelog-ext http://www.liquibase.org/xml/ns/dbchangelog/dbchangelog-ext.xsd http://www.liquibase.org/xml/ns/dbchangelog http://www.liquibase.org/xml/ns/dbchangelog/dbchangelog-3.3.xsd">
	<changeSet author="generated" id="20160512_140501_Partner_ddl">
	<dropColumn tableName="T_RI_BP_AML_CHECK" columnName="CITY" />
	<dropColumn tableName="T_RI_BP_AML_CHECK" columnName="DISCTRICT" />
	<dropColumn tableName="T_RI_BP_AML_CHECK" columnName="STREET" />
	<dropColumn tableName="T_RI_BP_AML_CHECK" columnName="STREET_NUMBER" />
	<dropColumn tableName="T_RI_BP_AML_CHECK" columnName="BUILDING" />
	<dropColumn tableName="T_RI_BP_AML_CHECK" columnName="FLOOR" />
	<dropColumn tableName="T_RI_BP_AML_CHECK" columnName="ROOM" />
	<dropColumn tableName="T_RI_BP_AML_CHECK" columnName="CMS_NO" />
	</changeSet>
</databaseChangeLog>