<?xml version="1.0" encoding="UTF-8" standalone="no"?>
<databaseChangeLog xmlns="http://www.liquibase.org/xml/ns/dbchangelog" xmlns:ext="http://www.liquibase.org/xml/ns/dbchangelog-ext" xmlns:xsi="http://www.w3.org/2001/XMLSchema-instance" xsi:schemaLocation="http://www.liquibase.org/xml/ns/dbchangelog-ext http://www.liquibase.org/xml/ns/dbchangelog/dbchangelog-ext.xsd http://www.liquibase.org/xml/ns/dbchangelog http://www.liquibase.org/xml/ns/dbchangelog/dbchangelog-3.3.xsd">
    <changeSet author="jason.shi (generated)" id="1452157740690-1">
        <insert tableName="T_RM_CONTEXT_TYPE">
            <column name="CONTEXT_TYPE" valueNumeric="-1"/>
            <column name="NAME" value="Default"/>
            <column name="DESCRIPTION" value="Default"/>
            <column name="CONTEXT_FIELDS"/>
            <column name="INSERT_BY" valueNumeric="-11"/>
            <column name="UPDATE_BY" valueNumeric="-11"/>
            <column name="INSERT_TIME" valueDate="2015-10-29 15:25:20.0"/>
            <column name="UPDATE_TIME" valueDate="2015-10-29 15:25:20.0"/>
            <column name="RECORD_USAGE" valueNumeric="2"/>
        </insert>
        <insert tableName="T_RM_CONTEXT_TYPE">
            <column name="CONTEXT_TYPE" valueNumeric="-2"/>
            <column name="NAME" value="Product Version"/>
            <column name="DESCRIPTION" value="Product Version"/>
            <column name="CONTEXT_FIELDS" value="[&#10;  &quot;ProductCode&quot;,&#10;  &quot;ProductVersion&quot;&#10;]"/>
            <column name="INSERT_BY" valueNumeric="-11"/>
            <column name="UPDATE_BY" valueNumeric="-11"/>
            <column name="INSERT_TIME" valueDate="2015-10-29 15:25:20.0"/>
            <column name="UPDATE_TIME" valueDate="2015-10-29 15:25:20.0"/>
            <column name="RECORD_USAGE" valueNumeric="2"/>
        </insert>
    </changeSet>
    <changeSet author="jason.shi (generated)" id="1452157740690-2">
        <insert tableName="T_RM_DRIVER_TYPE">
            <column name="DRIVER_TYPE" valueNumeric="-1"/>
            <column name="NAME" value="Customized"/>
            <column name="DESCRIPTION" value="Customized, invoke by API"/>
            <column name="SUPPORT_EVENT_TYPES" value="[&#10;  -1&#10;]"/>
            <column name="FIXED_EVENT_CODE" value="N"/>
            <column name="INSERT_BY" valueNumeric="-11"/>
            <column name="UPDATE_BY" valueNumeric="-11"/>
            <column name="INSERT_TIME" valueDate="2015-10-29 16:37:11.0"/>
            <column name="UPDATE_TIME" valueDate="2015-10-29 16:37:11.0"/>
            <column name="RECORD_USAGE" valueNumeric="2"/>
        </insert>
        <insert tableName="T_RM_DRIVER_TYPE">
            <column name="DRIVER_TYPE" valueNumeric="-2"/>
            <column name="NAME" value="Service Orchestration"/>
            <column name="DESCRIPTION" value="Service Orchestration"/>
            <column name="SUPPORT_EVENT_TYPES" value="[&#10;  -2, -3&#10;]"/>
            <column name="FIXED_EVENT_CODE" value="Y"/>
            <column name="INSERT_BY" valueNumeric="-11"/>
            <column name="UPDATE_BY" valueNumeric="-11"/>
            <column name="INSERT_TIME" valueDate="2015-10-29 16:37:11.0"/>
            <column name="UPDATE_TIME" valueDate="2015-10-29 16:37:11.0"/>
            <column name="RECORD_USAGE" valueNumeric="2"/>
        </insert>
        <insert tableName="T_RM_DRIVER_TYPE">
            <column name="DRIVER_TYPE" valueNumeric="-3"/>
            <column name="NAME" value="Service"/>
            <column name="DESCRIPTION" value="Service"/>
            <column name="SUPPORT_EVENT_TYPES" value="[&#10;  -2, -3&#10;]"/>
            <column name="FIXED_EVENT_CODE" value="Y"/>
            <column name="INSERT_BY" valueNumeric="-11"/>
            <column name="UPDATE_BY" valueNumeric="-11"/>
            <column name="INSERT_TIME" valueDate="2015-10-29 16:37:11.0"/>
            <column name="UPDATE_TIME" valueDate="2015-10-29 16:37:11.0"/>
            <column name="RECORD_USAGE" valueNumeric="2"/>
        </insert>
    </changeSet>
    <changeSet author="jason.shi (generated)" id="1452157740690-3">
        <insert tableName="T_RM_EVENT_TYPE">
            <column name="EVENT_TYPE" valueNumeric="-1"/>
            <column name="NAME" value="DIRECT"/>
            <column name="DESCRIPTION" value="Directly Invoke"/>
            <column name="INSERT_BY" valueNumeric="-11"/>
            <column name="UPDATE_BY" valueNumeric="-11"/>
            <column name="INSERT_TIME" valueDate="2015-10-29 15:34:27.0"/>
            <column name="UPDATE_TIME" valueDate="2015-10-29 15:34:27.0"/>
            <column name="RECORD_USAGE" valueNumeric="2"/>
        </insert>
        <insert tableName="T_RM_EVENT_TYPE">
            <column name="EVENT_TYPE" valueNumeric="-2"/>
            <column name="NAME" value="BEFORE"/>
            <column name="DESCRIPTION" value="Before"/>
            <column name="INSERT_BY" valueNumeric="-11"/>
            <column name="UPDATE_BY" valueNumeric="-11"/>
            <column name="INSERT_TIME" valueDate="2015-10-29 15:34:27.0"/>
            <column name="UPDATE_TIME" valueDate="2015-10-29 15:34:27.0"/>
            <column name="RECORD_USAGE" valueNumeric="2"/>
        </insert>
        <insert tableName="T_RM_EVENT_TYPE">
            <column name="EVENT_TYPE" valueNumeric="-3"/>
            <column name="NAME" value="AFTER"/>
            <column name="DESCRIPTION" value="After"/>
            <column name="INSERT_BY" valueNumeric="-11"/>
            <column name="UPDATE_BY" valueNumeric="-11"/>
            <column name="INSERT_TIME" valueDate="2015-10-29 15:34:27.0"/>
            <column name="UPDATE_TIME" valueDate="2015-10-29 15:34:27.0"/>
            <column name="RECORD_USAGE" valueNumeric="2"/>
        </insert>
    </changeSet>
</databaseChangeLog>
