<?xml version="1.0" encoding="UTF-8" standalone="no"?>
<databaseChangeLog xmlns="http://www.liquibase.org/xml/ns/dbchangelog" xmlns:ext="http://www.liquibase.org/xml/ns/dbchangelog-ext" xmlns:xsi="http://www.w3.org/2001/XMLSchema-instance" xsi:schemaLocation="http://www.liquibase.org/xml/ns/dbchangelog-ext http://www.liquibase.org/xml/ns/dbchangelog/dbchangelog-ext.xsd http://www.liquibase.org/xml/ns/dbchangelog http://www.liquibase.org/xml/ns/dbchangelog/dbchangelog-3.4.xsd">
    <changeSet author="jason.shi (generated)" id="1453714805578-7" dbms="oracle">
        <setTableRemarks remarks="Code table definitions" tableName="T_DD_BUSI_CODE_TABLE"/>
    </changeSet>
    <changeSet author="jason.shi (generated)" id="1453714805578-8" dbms="oracle">
        <setTableRemarks remarks="Code table type" tableName="T_DD_BUSI_CODE_TABLE_TYPE"/>
    </changeSet>
    <changeSet author="jason.shi (generated)" id="1453714805578-9" dbms="oracle">
        <setTableRemarks remarks="Data dictionary context" tableName="T_DD_BUSI_CONTEXT"/>
    </changeSet>
    <changeSet author="jason.shi (generated)" id="1453714805578-10" dbms="oracle">
        <setTableRemarks remarks="Data dictionary context type" tableName="T_DD_BUSI_CONTEXT_TYPE"/>
    </changeSet>
    <changeSet author="jason.shi (generated)" id="1453714805578-11" dbms="oracle">
        <setTableRemarks remarks="Data table definition" tableName="T_DD_BUSI_DATA_TABLE"/>
    </changeSet>
    <changeSet author="jason.shi (generated)" id="1453714805578-12" dbms="oracle">
        <setTableRemarks remarks="Logical data table records" tableName="T_DD_BUSI_DATA_TABLE_RECORD"/>
    </changeSet>
    <changeSet author="jason.shi (generated)" id="1453714805578-13" dbms="oracle">
        <setTableRemarks remarks="Data table type" tableName="T_DD_BUSI_DATA_TABLE_TYPE"/>
    </changeSet>
    <changeSet author="jason.shi (generated)" id="1453714805578-14" dbms="oracle">
        <setTableRemarks remarks="Data dictionary field definition" tableName="T_DD_BUSI_FIELD"/>
    </changeSet>
    <changeSet author="jason.shi (generated)" id="1453714805578-15" dbms="oracle">
        <setTableRemarks remarks="Data dictionary field binding definition, fields of specific business object" tableName="T_DD_BUSI_FIELD_BINDING"/>
    </changeSet>
    <changeSet author="jason.shi (generated)" id="1453714805578-16" dbms="oracle">
        <setTableRemarks remarks="Data dictionary field type defintion" tableName="T_DD_BUSI_FIELD_TYPE"/>
    </changeSet>
    <changeSet author="jason.shi (generated)" id="1453714805578-17" dbms="oracle">
        <setTableRemarks remarks="Search index defintion" tableName="T_DD_BUSI_INDEX"/>
    </changeSet>
    <changeSet author="jason.shi (generated)" id="1453714805578-18" dbms="oracle">
        <setTableRemarks remarks="Search index field defintion" tableName="T_DD_BUSI_INDEX_FIELD"/>
    </changeSet>
    <changeSet author="jason.shi (generated)" id="1453714805578-19" dbms="oracle">
        <setTableRemarks remarks="Data dictionary maintained java class registry" tableName="T_DD_BUSI_JAVA_CLASS"/>
    </changeSet>
    <changeSet author="jason.shi (generated)" id="1453714805578-20" dbms="oracle">
        <setTableRemarks remarks="Data dictionary maintained java class property registry" tableName="T_DD_BUSI_JAVA_PROPERTY"/>
    </changeSet>
    <changeSet author="jason.shi (generated)" id="1453714805578-21" dbms="oracle">
        <setTableRemarks remarks="Data dictionary support java type registry" tableName="T_DD_BUSI_JAVA_TYPE"/>
    </changeSet>
    <changeSet author="jason.shi (generated)" id="1453714805578-22" dbms="oracle">
        <setTableRemarks remarks="Data dictionary model defintion" tableName="T_DD_BUSI_MODEL"/>
    </changeSet>
    <changeSet author="jason.shi (generated)" id="1453714805578-23" dbms="oracle">
        <setTableRemarks remarks="Data dictionary business object defintion" tableName="T_DD_BUSI_OBJECT"/>
    </changeSet>
    <changeSet author="jason.shi (generated)" id="1453714805578-24" dbms="oracle">
        <setTableRemarks remarks="Link defintions between data dictionary business objects, which is for allocation, grouping purpose" tableName="T_DD_BUSI_OBJECT_LINK"/>
    </changeSet>
    <changeSet author="jason.shi (generated)" id="1453714805578-25" dbms="oracle">
        <setTableRemarks remarks="Relation between data dictionary business objects, which represent the hierarchy of the data model" tableName="T_DD_BUSI_OBJECT_RELATION"/>
    </changeSet>
    <changeSet author="jason.shi (generated)" id="1453714805578-26" dbms="oracle">
        <setTableRemarks remarks="Business object relation type definition" tableName="T_DD_BUSI_OBJECT_RELATION_TYPE"/>
    </changeSet>
    <changeSet author="jason.shi (generated)" id="1453714805578-27" dbms="oracle">
        <setTableRemarks remarks="Data dictionary scope definition, where data dictionary data should be used in" tableName="T_DD_BUSI_SCOPE"/>
    </changeSet>
    <changeSet author="jason.shi (generated)" id="1453714805578-28" dbms="oracle">
        <setTableRemarks remarks="Data dictionary data tag definition" tableName="T_DD_BUSI_TAG"/>
    </changeSet>
    <changeSet author="jason.shi (generated)" id="1453714805578-29" dbms="oracle">
        <setTableRemarks remarks="Action definition for value conflict scenario" tableName="T_DD_BUSI_VALUE_CONFLICT_ACT"/>
    </changeSet>
    <changeSet author="jason.shi (generated)" id="1453714805578-30" dbms="oracle">
        <setColumnRemarks columnName="ALIAS" remarks="Alias of field, in JSON format" tableName="T_DD_BUSI_FIELD"/>
    </changeSet>
    <changeSet author="jason.shi (generated)" id="1453714805578-31" dbms="oracle">
        <setColumnRemarks columnName="ALIAS" remarks="Alias of thie property, in JSON format" tableName="T_DD_BUSI_JAVA_PROPERTY"/>
    </changeSet>
    <changeSet author="jason.shi (generated)" id="1453714805578-32" dbms="oracle">
        <setColumnRemarks columnName="BINDING_ID" remarks="ID" tableName="T_DD_BUSI_FIELD_BINDING"/>
    </changeSet>
    <changeSet author="jason.shi (generated)" id="1453714805578-33" dbms="oracle">
        <setColumnRemarks columnName="BUSINESS_CODE" remarks="Business code, just as reference code to business users" tableName="T_DD_BUSI_OBJECT"/>
    </changeSet>
    <changeSet author="jason.shi (generated)" id="1453714805578-34" dbms="oracle">
        <setColumnRemarks columnName="BUSINESS_OBJECT_ID" remarks="Business object id for this record,refer T_DD_BUSI_OBJECT" tableName="T_DD_BUSI_DATA_TABLE_RECORD"/>
    </changeSet>
    <changeSet author="jason.shi (generated)" id="1453714805578-35" dbms="oracle">
        <setColumnRemarks columnName="CLASS_ID" remarks="ID" tableName="T_DD_BUSI_JAVA_CLASS"/>
    </changeSet>
    <changeSet author="jason.shi (generated)" id="1453714805578-36" dbms="oracle">
        <setColumnRemarks columnName="CLASS_ID" remarks="Java class, refer T_DD_BUSI_JAVA_CLASS" tableName="T_DD_BUSI_JAVA_PROPERTY"/>
    </changeSet>
    <changeSet author="jason.shi (generated)" id="1453714805578-37" dbms="oracle">
        <setColumnRemarks columnName="CLASS_ID" remarks="Java class, refer T_DD_BUSI_JAVA_CLASS" tableName="T_DD_BUSI_OBJECT"/>
    </changeSet>
    <changeSet author="jason.shi (generated)" id="1453714805578-38">
        <modifyDataType columnName="CLASS_NAME" newDataType="varchar(200)" tableName="T_DD_BUSI_JAVA_TYPE"/>
    </changeSet>
    <changeSet author="jason.shi (generated)" id="1453714805578-38-2" dbms="oracle">
        <setColumnRemarks columnName="CLASS_NAME" remarks="Java class full name, including package and class name" tableName="T_DD_BUSI_JAVA_TYPE"/>
    </changeSet>
    <changeSet author="jason.shi (generated)" id="1453714805578-39" dbms="oracle">
        <setColumnRemarks columnName="CODE" remarks="Object code" tableName="T_DD_BUSI_OBJECT"/>
    </changeSet>
    <changeSet author="jason.shi (generated)" id="1453714805578-40" dbms="oracle">
        <setColumnRemarks columnName="CODE_DATA_TYPE" remarks="The data type of code table &quot;Code&quot; field, please refer to T_PUB_DATA_TYPE" tableName="T_DD_BUSI_CODE_TABLE"/>
    </changeSet>
    <changeSet author="jason.shi (generated)" id="1453714805578-41" dbms="oracle">
        <setColumnRemarks columnName="CODE_FIELD" remarks="Code table &quot;Code&quot; value corresponding field name to retrieve data from data source" tableName="T_DD_BUSI_CODE_TABLE"/>
    </changeSet>
    <changeSet author="jason.shi (generated)" id="1453714805578-42" dbms="oracle">
        <setColumnRemarks columnName="CODE_TABLE_ID" remarks="ID" tableName="T_DD_BUSI_CODE_TABLE"/>
    </changeSet>
    <changeSet author="jason.shi (generated)" id="1453714805578-43" dbms="oracle">
        <setColumnRemarks columnName="CODE_TABLE_ID" remarks="Code table of this field values, refer T_DD_BUSI_CODE_TABLE" tableName="T_DD_BUSI_FIELD_BINDING"/>
    </changeSet>
    <changeSet author="jason.shi (generated)" id="1453714805578-44" dbms="oracle">
        <setColumnRemarks columnName="CODE_TABLE_TYPE" remarks="Code table type, please refer to T_DD_BUSI_CODE_TABLE_TYPE" tableName="T_DD_BUSI_CODE_TABLE"/>
    </changeSet>
    <changeSet author="jason.shi (generated)" id="1453714805578-45" dbms="oracle">
        <setColumnRemarks columnName="CODE_TABLE_TYPE" remarks="ID" tableName="T_DD_BUSI_CODE_TABLE_TYPE"/>
    </changeSet>
    <changeSet author="jason.shi (generated)" id="1453714805578-46" dbms="oracle">
        <setColumnRemarks columnName="CONDITION_FIELDS" remarks="The condition fields used for filtering code table values, it should be field name exists in the data source query result, it is stored as JSON list format" tableName="T_DD_BUSI_CODE_TABLE"/>
    </changeSet>
    <changeSet author="jason.shi (generated)" id="1453714805578-47" dbms="oracle">
        <setColumnRemarks columnName="CONTEXT_FIELDS" remarks="The context parameter fields, based on the field-value pairs system could locating the only context" tableName="T_DD_BUSI_CONTEXT_TYPE"/>
    </changeSet>
    <changeSet author="jason.shi (generated)" id="1453714805578-48" dbms="oracle">
        <setColumnRemarks columnName="CONTEXT_ID" remarks="Code table corresponding context, please refer to T_DD_BUSI_CONTEXT" tableName="T_DD_BUSI_CODE_TABLE"/>
    </changeSet>
    <changeSet author="jason.shi (generated)" id="1453714805578-49" dbms="oracle">
        <setColumnRemarks columnName="CONTEXT_ID" remarks="ID" tableName="T_DD_BUSI_CONTEXT"/>
    </changeSet>
    <changeSet author="jason.shi (generated)" id="1453714805578-50" dbms="oracle">
        <setColumnRemarks columnName="CONTEXT_ID" remarks="The corresponding context, please refer to T_DD_BUSI_CONTEXT" tableName="T_DD_BUSI_DATA_TABLE"/>
    </changeSet>
    <changeSet author="jason.shi (generated)" id="1453714805578-51" dbms="oracle">
        <setColumnRemarks columnName="CONTEXT_ID" remarks="Business context, refer T_DD_BUSI_CONTEXT" tableName="T_DD_BUSI_OBJECT"/>
    </changeSet>
    <changeSet author="jason.shi (generated)" id="1453714805578-52" dbms="oracle">
        <setColumnRemarks columnName="CONTEXT_PARAMS" remarks="The context key-value pairs of parameters, e.g. {&quot;ProductCode&quot;:&quot;P_AUTO&quot;, &quot;ProductVersion&quot;:&quot;1.0&quot;}" tableName="T_DD_BUSI_CONTEXT"/>
    </changeSet>
    <changeSet author="jason.shi (generated)" id="1453714805578-53" dbms="oracle">
        <setColumnRemarks columnName="CONTEXT_TYPE" remarks="Context type, please refer to T_DD_BUSI_CONTEXT_TYPE" tableName="T_DD_BUSI_CONTEXT"/>
    </changeSet>
    <changeSet author="jason.shi (generated)" id="1453714805578-54" dbms="oracle">
        <setColumnRemarks columnName="CONTEXT_TYPE" remarks="ID" tableName="T_DD_BUSI_CONTEXT_TYPE"/>
    </changeSet>
    <changeSet author="jason.shi (generated)" id="1453714805578-55" dbms="oracle">
        <setColumnRemarks columnName="DATA_PROVIDER_BEAN" remarks="Generate index field value map(field name, field value), should be spring bean name here" tableName="T_DD_BUSI_INDEX"/>
    </changeSet>
    <changeSet author="jason.shi (generated)" id="1453714805578-56" dbms="oracle">
        <setColumnRemarks columnName="DATA_SOURCE" remarks="Code table data source, it could be table name, view name, or standard SQL query" tableName="T_DD_BUSI_CODE_TABLE"/>
    </changeSet>
    <changeSet author="jason.shi (generated)" id="1453714805578-57" dbms="oracle">
        <setColumnRemarks columnName="DATA_TABLE_ID" remarks="If code table type is data table, then corresponding data table id should be here, please refer to t_DD_BUSI_DATA_TABLE" tableName="T_DD_BUSI_CODE_TABLE"/>
    </changeSet>
    <changeSet author="jason.shi (generated)" id="1453714805578-58" dbms="oracle">
        <setColumnRemarks columnName="DATA_TABLE_ID" remarks="ID" tableName="T_DD_BUSI_DATA_TABLE"/>
    </changeSet>
    <changeSet author="jason.shi (generated)" id="1453714805578-59" dbms="oracle">
        <setColumnRemarks columnName="DATA_TABLE_ID" remarks="Data table id, please refer to T_DD_BUSI_DATA_TABLE" tableName="T_DD_BUSI_DATA_TABLE_RECORD"/>
    </changeSet>
    <changeSet author="jason.shi (generated)" id="1453714805578-60-2" dbms="oracle">
        <setColumnRemarks columnName="DATA_TABLE_TYPE" remarks="Data table type, please refer to T_DD_BUSI_DATA_TABLE_TYPE" tableName="T_DD_BUSI_DATA_TABLE"/>
    </changeSet>
    <changeSet author="jason.shi (generated)" id="1453714805578-61" dbms="oracle">
        <setColumnRemarks columnName="DATA_TABLE_TYPE" remarks="ID" tableName="T_DD_BUSI_DATA_TABLE_TYPE"/>
    </changeSet>
    <changeSet author="jason.shi (generated)" id="1453714805578-62" dbms="oracle">
        <setColumnRemarks columnName="DATA_TYPE" remarks="Data type, refer T_PUB_DATA_TYPE" tableName="T_DD_BUSI_FIELD_TYPE"/>
    </changeSet>
    <changeSet author="jason.shi (generated)" id="1453714805578-63" dbms="oracle">
        <setColumnRemarks columnName="DEFAULT_VALUE" remarks="Default value" tableName="T_DD_BUSI_FIELD_BINDING"/>
    </changeSet>
    <changeSet author="jason.shi (generated)" id="1453714805578-64" dbms="oracle">
        <setColumnRemarks columnName="DEFAULT_VALUE_RULE" remarks="Field default value rule, in unicorn DSL format" tableName="T_DD_BUSI_FIELD_BINDING"/>
    </changeSet>
    <changeSet author="jason.shi (generated)" id="1453714805578-65" dbms="oracle">
        <setColumnRemarks columnName="DELETE_WHEN_NO_LINKED_CHILD" remarks="Whether need to be deleted while there is not child object instances under it" tableName="T_DD_BUSI_OBJECT"/>
    </changeSet>
    <changeSet author="jason.shi (generated)" id="1453714805578-66" dbms="oracle">
        <setColumnRemarks columnName="DESCRIPTION" remarks="Code table description" tableName="T_DD_BUSI_CODE_TABLE"/>
    </changeSet>
    <changeSet author="jason.shi (generated)" id="1453714805578-67" dbms="oracle">
        <setColumnRemarks columnName="DESCRIPTION" remarks="Description" tableName="T_DD_BUSI_CODE_TABLE_TYPE"/>
    </changeSet>
    <changeSet author="jason.shi (generated)" id="1453714805578-68" dbms="oracle">
        <setColumnRemarks columnName="DESCRIPTION" remarks="Description" tableName="T_DD_BUSI_CONTEXT"/>
    </changeSet>
    <changeSet author="jason.shi (generated)" id="1453714805578-69" dbms="oracle">
        <setColumnRemarks columnName="DESCRIPTION" remarks="Description" tableName="T_DD_BUSI_CONTEXT_TYPE"/>
    </changeSet>
    <changeSet author="jason.shi (generated)" id="1453714805578-70" dbms="oracle">
        <setColumnRemarks columnName="DESCRIPTION" remarks="Description" tableName="T_DD_BUSI_DATA_TABLE"/>
    </changeSet>
    <changeSet author="jason.shi (generated)" id="1453714805578-71" dbms="oracle">
        <setColumnRemarks columnName="DESCRIPTION" remarks="Description" tableName="T_DD_BUSI_DATA_TABLE_TYPE"/>
    </changeSet>
    <changeSet author="jason.shi (generated)" id="1453714805578-72" dbms="oracle">
        <setColumnRemarks columnName="DESCRIPTION" remarks="Description" tableName="T_DD_BUSI_FIELD"/>
    </changeSet>
    <changeSet author="jason.shi (generated)" id="1453714805578-73" dbms="oracle">
        <setColumnRemarks columnName="DESCRIPTION" remarks="Description" tableName="T_DD_BUSI_FIELD_TYPE"/>
    </changeSet>
    <changeSet author="jason.shi (generated)" id="1453714805578-74" dbms="oracle">
        <setColumnRemarks columnName="DESCRIPTION" remarks="Description" tableName="T_DD_BUSI_INDEX"/>
    </changeSet>
    <changeSet author="jason.shi (generated)" id="1453714805578-75" dbms="oracle">
        <setColumnRemarks columnName="DESCRIPTION" remarks="Description" tableName="T_DD_BUSI_JAVA_PROPERTY"/>
    </changeSet>
    <changeSet author="jason.shi (generated)" id="1453714805578-76" dbms="oracle">
        <setColumnRemarks columnName="DESCRIPTION" remarks="Description" tableName="T_DD_BUSI_JAVA_TYPE"/>
    </changeSet>
    <changeSet author="jason.shi (generated)" id="1453714805578-77" dbms="oracle">
        <setColumnRemarks columnName="DESCRIPTION" remarks="Description" tableName="T_DD_BUSI_MODEL"/>
    </changeSet>
    <changeSet author="jason.shi (generated)" id="1453714805578-78" dbms="oracle">
        <setColumnRemarks columnName="DESCRIPTION" remarks="Description" tableName="T_DD_BUSI_OBJECT"/>
    </changeSet>
    <changeSet author="jason.shi (generated)" id="1453714805578-79" dbms="oracle">
        <setColumnRemarks columnName="DESCRIPTION" remarks="Description" tableName="T_DD_BUSI_OBJECT_RELATION_TYPE"/>
    </changeSet>
    <changeSet author="jason.shi (generated)" id="1453714805578-80" dbms="oracle">
        <setColumnRemarks columnName="DESCRIPTION" remarks="Description" tableName="T_DD_BUSI_SCOPE"/>
    </changeSet>
    <changeSet author="jason.shi (generated)" id="1453714805578-81" dbms="oracle">
        <setColumnRemarks columnName="DESCRIPTION" remarks="Description" tableName="T_DD_BUSI_TAG"/>
    </changeSet>
    <changeSet author="jason.shi (generated)" id="1453714805578-82" dbms="oracle">
        <setColumnRemarks columnName="DESCRIPTION" remarks="Description" tableName="T_DD_BUSI_VALUE_CONFLICT_ACT"/>
    </changeSet>
    <changeSet author="jason.shi (generated)" id="1453714805578-83" dbms="oracle">
        <setColumnRemarks columnName="DESC_FIELD" remarks="Code table &quot;Description&quot; value corresponding field name to retrieve data from data source" tableName="T_DD_BUSI_CODE_TABLE"/>
    </changeSet>
    <changeSet author="jason.shi (generated)" id="1453714805578-84" dbms="oracle">
        <setColumnRemarks columnName="DOMAIN_MODEL_CLASS_ID" remarks="If code table type is domain model, then corresponding domain model class id should be here, please refer to T_DD_BUSI_JAVA_CLASS" tableName="T_DD_BUSI_CODE_TABLE"/>
    </changeSet>
    <changeSet author="jason.shi (generated)" id="1453714805578-85" dbms="oracle">
        <setColumnRemarks columnName="FIELDS" remarks="Table fields definition" tableName="T_DD_BUSI_DATA_TABLE"/>
    </changeSet>
    <changeSet author="jason.shi (generated)" id="1453714805578-86" dbms="oracle">
        <setColumnRemarks columnName="FIELD_DEFINITION_PROVIDER_BEAN" remarks="Define field structure that did not maintained in db, should be spring bean name here" tableName="T_DD_BUSI_INDEX"/>
    </changeSet>
    <changeSet author="jason.shi (generated)" id="1453714805578-87" dbms="oracle">
        <setColumnRemarks columnName="FIELD_ID" remarks="ID" tableName="T_DD_BUSI_FIELD"/>
    </changeSet>
    <changeSet author="jason.shi (generated)" id="1453714805578-88" dbms="oracle">
        <setColumnRemarks columnName="FIELD_ID" remarks="Business field, refer T_DD_BUSI_FIELD" tableName="T_DD_BUSI_FIELD_BINDING"/>
    </changeSet>
    <changeSet author="jason.shi (generated)" id="1453714805578-89" dbms="oracle">
        <setColumnRemarks columnName="FIELD_ID" remarks="Business field, refer T_DD_BUSI_FIELD" tableName="T_DD_BUSI_INDEX_FIELD"/>
    </changeSet>
    <changeSet author="jason.shi (generated)" id="1453714805578-90" dbms="oracle">
        <setColumnRemarks columnName="FIELD_IDS" remarks="Business fields for this link in JSON format, which is for grouping by purpose" tableName="T_DD_BUSI_OBJECT_LINK"/>
    </changeSet>
    <changeSet author="jason.shi (generated)" id="1453714805578-91" dbms="oracle">
        <setColumnRemarks columnName="FIELD_LABEL" remarks="Field label" tableName="T_DD_BUSI_FIELD_BINDING"/>
    </changeSet>
    <changeSet author="jason.shi (generated)" id="1453714805578-92" dbms="oracle">
        <setColumnRemarks columnName="FIELD_TYPE" remarks="Field type, refer T_DD_BUSI_FIELD_TYPE" tableName="T_DD_BUSI_FIELD"/>
    </changeSet>
    <changeSet author="jason.shi (generated)" id="1453714805578-93" dbms="oracle">
        <setColumnRemarks columnName="FIELD_TYPE" remarks="ID" tableName="T_DD_BUSI_FIELD_TYPE"/>
    </changeSet>
    <changeSet author="jason.shi (generated)" id="1453714805578-94" dbms="oracle">
        <setColumnRemarks columnName="GROUP_CODE" remarks="Group code of this link, multiple links could be in a group" tableName="T_DD_BUSI_OBJECT_LINK"/>
    </changeSet>
    <changeSet author="jason.shi (generated)" id="1453714805578-95" dbms="oracle">
        <setColumnRemarks columnName="HELP_TEXT" remarks="Help text" tableName="T_DD_BUSI_FIELD_BINDING"/>
    </changeSet>
    <changeSet author="jason.shi (generated)" id="1453714805578-96" dbms="oracle">
        <setColumnRemarks columnName="ID_DATA_TYPE" remarks="The data type of code table &quot;Id&quot; field, please refer to T_PUB_DATA_TYPE" tableName="T_DD_BUSI_CODE_TABLE"/>
    </changeSet>
    <changeSet author="jason.shi (generated)" id="1453714805578-97" dbms="oracle">
        <setColumnRemarks columnName="ID_FIELD" remarks="Code table &quot;Id&quot; value corresponding field name to retrieve data from data source" tableName="T_DD_BUSI_CODE_TABLE"/>
    </changeSet>
    <changeSet author="jason.shi (generated)" id="1453714805578-98" dbms="oracle">
        <setColumnRemarks columnName="INDEX_FIELD_ID" remarks="Primary key" tableName="T_DD_BUSI_INDEX_FIELD"/>
    </changeSet>
    <changeSet author="jason.shi (generated)" id="1453714805578-99" dbms="oracle">
        <setColumnRemarks columnName="INDEX_FIELD_NAME" remarks="Index field name" tableName="T_DD_BUSI_INDEX_FIELD"/>
    </changeSet>
    <changeSet author="jason.shi (generated)" id="1453714805578-100" dbms="oracle">
        <setColumnRemarks columnName="INDEX_ID" remarks="Primary key" tableName="T_DD_BUSI_INDEX"/>
    </changeSet>
    <changeSet author="jason.shi (generated)" id="1453714805578-101" dbms="oracle">
        <setColumnRemarks columnName="INDEX_ID" remarks="Reference to T_DD_BUSI_INDEX" tableName="T_DD_BUSI_INDEX_FIELD"/>
    </changeSet>
    <changeSet author="jason.shi (generated)" id="1453714805578-102" dbms="oracle">
        <setColumnRemarks columnName="IS_ABSTRACT" remarks="Whether this object is abstract for concrete object to inherit from it" tableName="T_DD_BUSI_OBJECT"/>
    </changeSet>
    <changeSet author="jason.shi (generated)" id="1453714805578-103" dbms="oracle">
        <setColumnRemarks columnName="IS_AUTO_GENERATE_CHILD" remarks="Whether need auto generate child object instance" tableName="T_DD_BUSI_OBJECT_RELATION"/>
    </changeSet>
    <changeSet author="jason.shi (generated)" id="1453714805578-104" dbms="oracle">
        <setColumnRemarks columnName="IS_AUTO_GENERATE_PARENT" remarks="Whether need auto generate the link to object instance while no link to object instance found" tableName="T_DD_BUSI_OBJECT_LINK"/>
    </changeSet>
    <changeSet author="jason.shi (generated)" id="1453714805578-105" dbms="oracle">
        <setColumnRemarks columnName="IS_CODE_TABLE" remarks="Whether it is code table" tableName="T_DD_BUSI_INDEX_FIELD"/>
    </changeSet>
    <changeSet author="jason.shi (generated)" id="1453714805578-106" dbms="oracle">
        <setColumnRemarks columnName="IS_ENCRYPTED" remarks="Whether field need be encryped in database" tableName="T_DD_BUSI_FIELD_BINDING"/>
    </changeSet>
    <changeSet author="jason.shi (generated)" id="1453714805578-107" dbms="oracle">
        <setColumnRemarks columnName="IS_FIXED" remarks="Whether this field is fixed field" tableName="T_DD_BUSI_FIELD_BINDING"/>
    </changeSet>
    <changeSet author="jason.shi (generated)" id="1453714805578-108" dbms="oracle">
        <setColumnRemarks columnName="IS_FUZZY" remarks="Whether support fuzzy query" tableName="T_DD_BUSI_INDEX_FIELD"/>
    </changeSet>
    <changeSet author="jason.shi (generated)" id="1453714805578-109" dbms="oracle">
        <setColumnRemarks columnName="IS_INPUT" remarks="Whether it is input field" tableName="T_DD_BUSI_FIELD_BINDING"/>
    </changeSet>
    <changeSet author="jason.shi (generated)" id="1453714805578-110" dbms="oracle">
        <setColumnRemarks columnName="IS_MANDATORY" remarks="Whether field value is mandatory" tableName="T_DD_BUSI_FIELD_BINDING"/>
    </changeSet>
    <changeSet author="jason.shi (generated)" id="1453714805578-111" dbms="oracle">
        <setColumnRemarks columnName="IS_MANDATORY" remarks="Whether object is mandatory" tableName="T_DD_BUSI_OBJECT"/>
    </changeSet>
    <changeSet author="jason.shi (generated)" id="1453714805578-112" dbms="oracle">
        <setColumnRemarks columnName="IS_MASKED" remarks="Whether field need be masked before output to UI view/other systems, security relevant purpose" tableName="T_DD_BUSI_FIELD_BINDING"/>
    </changeSet>
    <changeSet author="jason.shi (generated)" id="1453714805578-113" dbms="oracle">
        <setColumnRemarks columnName="IS_SMALL" remarks="Whether codes volume is small or big, value is N or Y, if Y, code table values are doing memory search" tableName="T_DD_BUSI_CODE_TABLE"/>
    </changeSet>
    <changeSet author="jason.shi (generated)" id="1453714805578-114" dbms="oracle">
        <setColumnRemarks columnName="IS_TECHNICAL" remarks="Whether it is technical field, i.e. internal field of system" tableName="T_DD_BUSI_FIELD_BINDING"/>
    </changeSet>
    <changeSet author="jason.shi (generated)" id="1453714805578-115" dbms="oracle">
        <setColumnRemarks columnName="IS_UNIQUE" remarks="Whether this field is one of the unique field in the object instance collection" tableName="T_DD_BUSI_FIELD_BINDING"/>
    </changeSet>
    <changeSet author="jason.shi (generated)" id="1453714805578-116" dbms="oracle">
        <setColumnRemarks columnName="JAVA_CLASS" remarks="Java class full name, which including package and class name" tableName="T_DD_BUSI_JAVA_CLASS"/>
    </changeSet>
    <changeSet author="jason.shi (generated)" id="1453714805578-117" dbms="oracle">
        <setColumnRemarks columnName="JAVA_TYPE" remarks="Corresponding java type of this field type, refer T_DD_BUSI_JAVA_TYPE" tableName="T_DD_BUSI_FIELD_TYPE"/>
    </changeSet>
    <changeSet author="jason.shi (generated)" id="1453714805578-118" dbms="oracle">
        <setColumnRemarks columnName="JAVA_TYPE" remarks="Java type, refer T_DD_BUSI_JAVA_TYPE" tableName="T_DD_BUSI_JAVA_PROPERTY"/>
    </changeSet>
    <changeSet author="jason.shi (generated)" id="1453714805578-119" dbms="oracle">
        <setColumnRemarks columnName="JAVA_TYPE" remarks="ID" tableName="T_DD_BUSI_JAVA_TYPE"/>
    </changeSet>
    <changeSet author="jason.shi (generated)" id="1453714805578-120" dbms="oracle">
        <setColumnRemarks columnName="LABEL_" remarks="Field default label" tableName="T_DD_BUSI_FIELD"/>
    </changeSet>
    <changeSet author="jason.shi (generated)" id="1453714805578-121" dbms="oracle">
        <setColumnRemarks columnName="LINK_ID" remarks="ID" tableName="T_DD_BUSI_OBJECT_LINK"/>
    </changeSet>
    <changeSet author="jason.shi (generated)" id="1453714805578-122" dbms="oracle">
        <setColumnRemarks columnName="MANDATORY_RULE" remarks="Field value mandatory rule, in unicorn DSL format" tableName="T_DD_BUSI_FIELD_BINDING"/>
    </changeSet>
    <changeSet author="jason.shi (generated)" id="1453714805578-123" dbms="oracle">
        <setColumnRemarks columnName="MASTER_ID_PROPERTY_NAME" remarks="The property name which point to the master object of this class, e.g. ProductId in Policy point to the corresponding master object Product" tableName="T_DD_BUSI_JAVA_CLASS"/>
    </changeSet>
    <changeSet author="jason.shi (generated)" id="1453714805578-124" dbms="oracle">
        <setColumnRemarks columnName="MAX_LENGTH" remarks="Maximum length of field when it is string data type" tableName="T_DD_BUSI_FIELD_BINDING"/>
    </changeSet>
    <changeSet author="jason.shi (generated)" id="1453714805578-125" dbms="oracle">
        <setColumnRemarks columnName="MAX_LENGTH" remarks="Maximum length" tableName="T_DD_BUSI_FIELD_TYPE"/>
    </changeSet>
    <changeSet author="jason.shi (generated)" id="1453714805578-126" dbms="oracle">
        <setColumnRemarks columnName="MAX_OCCURRENCE" remarks="Maxium occurrence of current object instances under one parent object instance" tableName="T_DD_BUSI_OBJECT_RELATION"/>
    </changeSet>
    <changeSet author="jason.shi (generated)" id="1453714805578-127" dbms="oracle">
        <setColumnRemarks columnName="MAX_VALUE" remarks="Maximum value of field when it is number, date data type" tableName="T_DD_BUSI_FIELD_BINDING"/>
    </changeSet>
    <changeSet author="jason.shi (generated)" id="1453714805578-128" dbms="oracle">
        <setColumnRemarks columnName="MIN_LENGTH" remarks="Minimum length of field when it is string data type" tableName="T_DD_BUSI_FIELD_BINDING"/>
    </changeSet>
    <changeSet author="jason.shi (generated)" id="1453714805578-129" dbms="oracle">
        <setColumnRemarks columnName="MIN_LENGTH" remarks="Minimum length" tableName="T_DD_BUSI_FIELD_TYPE"/>
    </changeSet>
    <changeSet author="jason.shi (generated)" id="1453714805578-130" dbms="oracle">
        <setColumnRemarks columnName="MIN_OCCURRENCE" remarks="Minium occurrence of current object instances under one parent object instance" tableName="T_DD_BUSI_OBJECT_RELATION"/>
    </changeSet>
    <changeSet author="jason.shi (generated)" id="1453714805578-131" dbms="oracle">
        <setColumnRemarks columnName="MIN_VALUE" remarks="Minimum value of field when it is number, date data type" tableName="T_DD_BUSI_FIELD_BINDING"/>
    </changeSet>
    <changeSet author="jason.shi (generated)" id="1453714805578-132" dbms="oracle">
        <setColumnRemarks columnName="MODEL_ID" remarks="Doman model, refer T_DD_BUSI_MODEL" tableName="T_DD_BUSI_INDEX"/>
    </changeSet>
    <changeSet author="jason.shi (generated)" id="1453714805578-133" dbms="oracle">
        <setColumnRemarks columnName="MODEL_ID" remarks="Domain model, refer T_DD_BUSI_MODEL" tableName="T_DD_BUSI_INDEX_FIELD"/>
    </changeSet>
    <changeSet author="jason.shi (generated)" id="1453714805578-134" dbms="oracle">
        <setColumnRemarks columnName="MODEL_ID" remarks="ID" tableName="T_DD_BUSI_MODEL"/>
    </changeSet>
    <changeSet author="jason.shi (generated)" id="1453714805578-135" dbms="oracle">
        <setColumnRemarks columnName="MODEL_ID" remarks="Business model, refer T_DD_BUSI_MODEL" tableName="T_DD_BUSI_OBJECT"/>
    </changeSet>
    <changeSet author="jason.shi (generated)" id="1453714805578-136" dbms="oracle">
        <setColumnRemarks columnName="NAME" remarks="Code table name" tableName="T_DD_BUSI_CODE_TABLE"/>
    </changeSet>
    <changeSet author="jason.shi (generated)" id="1453714805578-137" dbms="oracle">
        <setColumnRemarks columnName="NAME" remarks="Code table type - name" tableName="T_DD_BUSI_CODE_TABLE_TYPE"/>
    </changeSet>
    <changeSet author="jason.shi (generated)" id="1453714805578-138" dbms="oracle">
        <setColumnRemarks columnName="NAME" remarks="Name" tableName="T_DD_BUSI_CONTEXT_TYPE"/>
    </changeSet>
    <changeSet author="jason.shi (generated)" id="1453714805578-139" dbms="oracle">
        <setColumnRemarks columnName="NAME" remarks="Name" tableName="T_DD_BUSI_DATA_TABLE"/>
    </changeSet>
    <changeSet author="jason.shi (generated)" id="1453714805578-140" dbms="oracle">
        <setColumnRemarks columnName="NAME" remarks="Name" tableName="T_DD_BUSI_DATA_TABLE_TYPE"/>
    </changeSet>
    <changeSet author="jason.shi (generated)" id="1453714805578-141" dbms="oracle">
        <setColumnRemarks columnName="NAME" remarks="Name" tableName="T_DD_BUSI_FIELD"/>
    </changeSet>
    <changeSet author="jason.shi (generated)" id="1453714805578-142" dbms="oracle">
        <setColumnRemarks columnName="NAME" remarks="Name" tableName="T_DD_BUSI_FIELD_TYPE"/>
    </changeSet>
    <changeSet author="jason.shi (generated)" id="1453714805578-143" dbms="oracle">
        <setColumnRemarks columnName="NAME" remarks="Index name" tableName="T_DD_BUSI_INDEX"/>
    </changeSet>
    <changeSet author="jason.shi (generated)" id="1453714805578-144" dbms="oracle">
        <setColumnRemarks columnName="NAME" remarks="Java property name" tableName="T_DD_BUSI_JAVA_PROPERTY"/>
    </changeSet>
    <changeSet author="jason.shi (generated)" id="1453714805578-145" dbms="oracle">
        <setColumnRemarks columnName="NAME" remarks="Model name" tableName="T_DD_BUSI_MODEL"/>
    </changeSet>
    <changeSet author="jason.shi (generated)" id="1453714805578-146" dbms="oracle">
        <setColumnRemarks columnName="NAME" remarks="Object name" tableName="T_DD_BUSI_OBJECT"/>
    </changeSet>
    <changeSet author="jason.shi (generated)" id="1453714805578-147" dbms="oracle">
        <setColumnRemarks columnName="NAME" remarks="Name" tableName="T_DD_BUSI_OBJECT_RELATION_TYPE"/>
    </changeSet>
    <changeSet author="jason.shi (generated)" id="1453714805578-148" dbms="oracle">
        <setColumnRemarks columnName="NAME" remarks="Scope name" tableName="T_DD_BUSI_SCOPE"/>
    </changeSet>
    <changeSet author="jason.shi (generated)" id="1453714805578-149" dbms="oracle">
        <setColumnRemarks columnName="NAME" remarks="Tag name" tableName="T_DD_BUSI_TAG"/>
    </changeSet>
    <changeSet author="jason.shi (generated)" id="1453714805578-150" dbms="oracle">
        <setColumnRemarks columnName="NAME" remarks="Action name" tableName="T_DD_BUSI_VALUE_CONFLICT_ACT"/>
    </changeSet>
    <changeSet author="jason.shi (generated)" id="1453714805578-151" dbms="oracle">
        <setColumnRemarks columnName="NEED_CACHE" remarks="Whether code table values need to be cached, value is N or Y" tableName="T_DD_BUSI_CODE_TABLE"/>
    </changeSet>
    <changeSet author="jason.shi (generated)" id="1453714805578-152" dbms="oracle">
        <setColumnRemarks columnName="NEED_MULTI_LANG" remarks="Whether need support multiple language, means the &quot;Description&quot; field of this code table" tableName="T_DD_BUSI_CODE_TABLE"/>
    </changeSet>
    <changeSet author="jason.shi (generated)" id="1453714805578-153" dbms="oracle">
        <setColumnRemarks columnName="OBJECT_CODE" remarks="Object code, refer T_DD_BUSI_OBJECT.CODE" tableName="T_DD_BUSI_INDEX_FIELD"/>
    </changeSet>
    <changeSet author="jason.shi (generated)" id="1453714805578-154" dbms="oracle">
        <setColumnRemarks columnName="OBJECT_ID" remarks="Business object, refer T_DD_BUSI_OBJECT" tableName="T_DD_BUSI_FIELD_BINDING"/>
    </changeSet>
    <changeSet author="jason.shi (generated)" id="1453714805578-155" dbms="oracle">
        <setColumnRemarks columnName="OBJECT_ID" remarks="ID" tableName="T_DD_BUSI_OBJECT"/>
    </changeSet>
    <changeSet author="jason.shi (generated)" id="1453714805578-156" dbms="oracle">
        <setColumnRemarks columnName="OBJECT_ID" remarks="Current business object, refer T_DD_BUSI_OBJECT" tableName="T_DD_BUSI_OBJECT_LINK"/>
    </changeSet>
    <changeSet author="jason.shi (generated)" id="1453714805578-157" dbms="oracle">
        <setColumnRemarks columnName="OBJECT_ID" remarks="Current business object, refer T_DD_BUSI_OBJECT" tableName="T_DD_BUSI_OBJECT_RELATION"/>
    </changeSet>
    <changeSet author="jason.shi (generated)" id="1453714805578-158" dbms="oracle">
        <setColumnRemarks columnName="OBJECT_REFERENCE_ID" remarks="The reference id of this object, which point to definition element in external defintion data which related to this context" tableName="T_DD_BUSI_OBJECT"/>
    </changeSet>
    <changeSet author="jason.shi (generated)" id="1453714805578-159" dbms="oracle">
        <setColumnRemarks columnName="PARENT_OBJECT_ID" remarks="Business object where current object link to, refer T_DD_BUSI_OBJECT" tableName="T_DD_BUSI_OBJECT_LINK"/>
    </changeSet>
    <changeSet author="jason.shi (generated)" id="1453714805578-160" dbms="oracle">
        <setColumnRemarks columnName="PARENT_OBJECT_ID" remarks="Parent business object that current business object under it, refer T_DD_BUSI_OBJECT" tableName="T_DD_BUSI_OBJECT_RELATION"/>
    </changeSet>
    <changeSet author="jason.shi (generated)" id="1453714805578-161" dbms="oracle">
        <setColumnRemarks columnName="PRECISION" remarks="Precision for double data type field" tableName="T_DD_BUSI_FIELD_BINDING"/>
    </changeSet>
    <changeSet author="jason.shi (generated)" id="1453714805578-162" dbms="oracle">
        <setColumnRemarks columnName="PRECISION" remarks="Precision for double data type" tableName="T_DD_BUSI_FIELD_TYPE"/>
    </changeSet>
    <changeSet author="jason.shi (generated)" id="1453714805578-163" dbms="oracle">
        <setColumnRemarks columnName="PREDICATE" remarks="The predicate/filter condition for code table values" tableName="T_DD_BUSI_CODE_TABLE"/>
    </changeSet>
    <changeSet author="jason.shi (generated)" id="1453714805578-164" dbms="oracle">
        <setColumnRemarks columnName="PROPERTY_ID" remarks="If it is fixed field, the corresponding java property id should be here, refer T_DD_BUSI_JAVA_PROPERTY" tableName="T_DD_BUSI_FIELD_BINDING"/>
    </changeSet>
    <changeSet author="jason.shi (generated)" id="1453714805578-165" dbms="oracle">
        <setColumnRemarks columnName="PROPERTY_ID" remarks="ID" tableName="T_DD_BUSI_JAVA_PROPERTY"/>
    </changeSet>
    <changeSet author="jason.shi (generated)" id="1453714805578-166" dbms="oracle">
        <setColumnRemarks columnName="REBUILD_DATA_PROVIDER_BEAN" remarks="Provide data that to be rebuild, should be spring bean name here" tableName="T_DD_BUSI_INDEX"/>
    </changeSet>
    <changeSet author="jason.shi (generated)" id="1453714805578-167" dbms="oracle">
        <setColumnRemarks columnName="REBUILD_INDEX_JOB_BEAN" remarks="Job of rebuild index, should be spring bean name here" tableName="T_DD_BUSI_INDEX"/>
    </changeSet>
    <changeSet author="jason.shi (generated)" id="1453714805578-168" dbms="oracle">
        <setColumnRemarks columnName="RECORD_ID" remarks="ID" tableName="T_DD_BUSI_DATA_TABLE_RECORD"/>
    </changeSet>
    <changeSet author="jason.shi (generated)" id="1453714805578-169" dbms="oracle">
        <setColumnRemarks columnName="REFERENCE_ID" remarks="The reference id of this context, which points to external concrete  definition ID, e.g. product id" tableName="T_DD_BUSI_CONTEXT"/>
    </changeSet>
    <changeSet author="jason.shi (generated)" id="1453714805578-170" dbms="oracle">
        <setColumnRemarks columnName="RELATION_ID" remarks="ID" tableName="T_DD_BUSI_OBJECT_RELATION"/>
    </changeSet>
    <changeSet author="jason.shi (generated)" id="1453714805578-171" dbms="oracle">
        <setColumnRemarks columnName="RELATION_TYPE" remarks="Object relation type, refer T_DD_BUSI_OBJECT_RELATION_TYPE" tableName="T_DD_BUSI_OBJECT_RELATION"/>
    </changeSet>
    <changeSet author="jason.shi (generated)" id="1453714805578-172" dbms="oracle">
        <setColumnRemarks columnName="RELATION_TYPE" remarks="ID" tableName="T_DD_BUSI_OBJECT_RELATION_TYPE"/>
    </changeSet>
    <changeSet author="jason.shi (generated)" id="1453714805578-173" dbms="oracle">
        <setColumnRemarks columnName="SCHEMA_NAME" remarks="Solr schema name" tableName="T_DD_BUSI_INDEX"/>
    </changeSet>
    <changeSet author="jason.shi (generated)" id="1453714805578-174" dbms="oracle">
        <setColumnRemarks columnName="SCOPE_ID" remarks="ID" tableName="T_DD_BUSI_SCOPE"/>
    </changeSet>
    <changeSet author="jason.shi (generated)" id="1453714805578-175" dbms="oracle">
        <setColumnRemarks columnName="SCOPE_IDS" remarks="Scope ids in JSON format, refer T_DD_BUSI_SCOPE" tableName="T_DD_BUSI_FIELD_BINDING"/>
    </changeSet>
    <changeSet author="jason.shi (generated)" id="1453714805578-176" dbms="oracle">
        <setColumnRemarks columnName="SCOPE_IDS" remarks="Model scope ids in JSON format, refer T_DD_BUSI_SCOPE" tableName="T_DD_BUSI_MODEL"/>
    </changeSet>
    <changeSet author="jason.shi (generated)" id="1453714805578-177" dbms="oracle">
        <setColumnRemarks columnName="SCOPE_IDS" remarks="Business cope ids in JSON format, refer T_DD_BUSI_SCOPE" tableName="T_DD_BUSI_OBJECT"/>
    </changeSet>
    <changeSet author="jason.shi (generated)" id="1453714805578-178" dbms="oracle">
        <setColumnRemarks columnName="SORT_FIELD" remarks="The field for sorting" tableName="T_DD_BUSI_CODE_TABLE"/>
    </changeSet>
    <changeSet author="jason.shi (generated)" id="1453714805578-179" dbms="oracle">
        <setColumnRemarks columnName="SORT_TYPE" remarks="Sort type, ASC or DESC" tableName="T_DD_BUSI_CODE_TABLE"/>
    </changeSet>
    <changeSet author="jason.shi (generated)" id="1453714805578-180" dbms="oracle">
        <setColumnRemarks columnName="SUPER_OBJECT_ID" remarks="The super business object where this object inherit from, refer T_DD_BUSI_OBJECT" tableName="T_DD_BUSI_OBJECT"/>
    </changeSet>
    <changeSet author="jason.shi (generated)" id="1453714805578-181" dbms="oracle">
        <setColumnRemarks columnName="TAG_ID" remarks="ID" tableName="T_DD_BUSI_TAG"/>
    </changeSet>
    <changeSet author="jason.shi (generated)" id="1453714805578-182" dbms="oracle">
        <setColumnRemarks columnName="TAG_IDS" remarks="Tag ids in JSON format, refer T_DD_BUSI_TAG" tableName="T_DD_BUSI_FIELD_BINDING"/>
    </changeSet>
    <changeSet author="jason.shi (generated)" id="1453714805578-183" dbms="oracle">
        <setColumnRemarks columnName="VALIDATION_RULE" remarks="Field value validation rule, in unicorn DSL format" tableName="T_DD_BUSI_FIELD_BINDING"/>
    </changeSet>
    <changeSet author="jason.shi (generated)" id="1453714805578-184" dbms="oracle">
        <setColumnRemarks columnName="VALUE_CONFLICT_ACTION" remarks="Action when value conflict occured during context change (e.g. product upgrade), refer T_DD_BUSI_VALUE_CONFLICT_ACT" tableName="T_DD_BUSI_FIELD_BINDING"/>
    </changeSet>
    <changeSet author="jason.shi (generated)" id="1453714805578-185" dbms="oracle">
        <setColumnRemarks columnName="VALUE_CONFLICT_ACTION" remarks="ID" tableName="T_DD_BUSI_VALUE_CONFLICT_ACT"/>
    </changeSet>
    <changeSet author="jason.shi (generated)" id="1453714805578-186" dbms="oracle">
        <setColumnRemarks columnName="VALUE_COPY_RULE_GROUP" remarks="Value copy rule group in JSON format" tableName="T_DD_BUSI_FIELD_BINDING"/>
    </changeSet>
</databaseChangeLog>
