<?xml version="1.0" encoding="UTF-8" standalone="no"?>
<databaseChangeLog xmlns="http://www.liquibase.org/xml/ns/dbchangelog"
	xmlns:ext="http://www.liquibase.org/xml/ns/dbchangelog-ext" xmlns:xsi="http://www.w3.org/2001/XMLSchema-instance"
	xsi:schemaLocation="http://www.liquibase.org/xml/ns/dbchangelog-ext http://www.liquibase.org/xml/ns/dbchangelog/dbchangelog-ext.xsd http://www.liquibase.org/xml/ns/dbchangelog http://www.liquibase.org/xml/ns/dbchangelog/dbchangelog-3.3.xsd">
	<changeSet author="generated" id="2016031204_T_RI_CONT_CLAIM_ITEM_LOG">
		<dropTable tableName="T_RI_CONT_CLAIM_ITEM_LOG" />
	</changeSet>
	<changeSet author="generated" id="2016031202_T_RI_CONT_CLAIM_CONDITION_LOG">
		<dropTable tableName="T_RI_CONT_CLAIM_CONDITION_LOG" />
	</changeSet>
	<changeSet author="generated" id="2016031203_T_RI_CONT_CLAIM_CONDITION_ITEM">
		<dropTable tableName="T_RI_CONT_CLAIM_CONDITION_ITEM" />
	</changeSet>
	<changeSet author="generated" id="2016031201_T_RI_CONT_CLAIM_CONDITION">
		<dropTable tableName="T_RI_CONT_CLAIM_CONDITION" />
	</changeSet>
	<changeSet author="generated" id="201603131822_T_RI_CONT_PRICING_ITEM_LOG">
		<dropTable tableName="T_RI_CONT_PRICING_ITEM_LOG" />
	</changeSet>
	<changeSet author="generated" id="201603131822_T_RI_CONT_PRICING_ITEM">
		<dropTable tableName="T_RI_CONT_PRICING_ITEM" />
	</changeSet>
	<changeSet author="generated" id="201603131822_T_RI_CONT_PRICING_LOG">
		<dropTable tableName="T_RI_CONT_PRICING_LOG" />
	</changeSet>
	<changeSet author="generated" id="201603131822_T_RI_CONT_PRICING">
		<dropTable tableName="T_RI_CONT_PRICING" />
	</changeSet>
	<changeSet author="generated" id="2016031206_T_RI_CONT_ACCOUNT">
		<createTable remarks="Accounting Conditions" tableName="T_RI_CONT_ACCOUNT">
			<column name="CONT_COMP_ID" remarks="primary key" type="NUMBER(10, 0)">
				<constraints nullable="false" />
			</column>
			<column name="ACCOUNTING_BASIS" remarks="Accounting Basis"
				type="VARCHAR2(50)" />
			<column name="EARNING_PATTERN" remarks="Earning Pattern" type="VARCHAR2(50)" />
			<column name="ACCOUNT_FREQUENCY" remarks="Account Frequency"
				type="VARCHAR2(50)" />
			<column name="FIRST_ACCOUNT_AS_AT_DATE" remarks="First Account as at"
				type="date" />
			<column name="PERCENTAGE_OF_PREMIUM" remarks="Percentage Of Premium"
				type="NUMBER(10, 9)" />
			<column name="DATE_FOR_REVIEW" remarks="Date for Review" type="date" />
			<column name="INSERT_BY" type="NUMBER(10, 0)">
				<constraints nullable="false" />
			</column>
			<column name="UPDATE_BY" type="NUMBER(10, 0)">
				<constraints nullable="false" />
			</column>
			<column name="INSERT_TIME" type="date">
				<constraints nullable="false" />
			</column>
			<column name="UPDATE_TIME" type="date">
				<constraints nullable="false" />
			</column>
			<column defaultValue="Y" name="IS_ACTIVE" remarks="Y:active, N:deleted"
				type="VARCHAR2(2)" />
			<column name="PORTFOLIO_IN" type="VARCHAR2(5)" />
			<column name="PORTFOLIO_IN_DATA" type="NUMBER(20, 2)" />
			<column name="PORTFOLIO_OUT" type="VARCHAR2(5)" />
			<column name="PORTFOLIO_OUT_DATA" type="NUMBER(20, 2)" />
		</createTable>
	</changeSet>
	<changeSet author="generated" id="2016031207_T_RI_CONT_CLAIM">
		<createTable remarks="Claim Conditions" tableName="T_RI_CONT_CLAIM">
			<column name="CONT_COMP_ID" remarks="primary key" type="NUMBER(10, 0)">
				<constraints nullable="false" />
			</column>
			<column name="CLAIM_BASIS" remarks="Claim Basis" type="VARCHAR2(2)" />
			<column name="RETROACTIVE_DATE" remarks="Retroactive Date"
				type="date" />
			<column defaultValue="false" name="SUNSET_CHECK" remarks="Sunset Check"
				type="VARCHAR2(5)" />
			<column name="SUNSET_CLAUSE" remarks="Sunset Clause" type="date" />
			<column name="CLAIM_CURRENCY" remarks="Currency" type="VARCHAR2(5)" />
			<column name="LOSS_ADVICE" remarks="Loss Advice" type="VARCHAR2(200)" />
			<column defaultValue="false" name="POSTING" remarks="Posting"
				type="VARCHAR2(5)" />
			<column name="CASH_CALL_ADVICE" remarks="Cash Call Advice"
				type="VARCHAR2(200)" />
			<column name="NO_OF_DAY" remarks="No. of Days" type="VARCHAR2(200)" />
			<column name="WETHER_INDEX" remarks="Weather Index" type="VARCHAR2(25)" />
			<column name="PRICES_INDEX" remarks="Price Index" type="VARCHAR2(25)" />
			<column name="SPECIFY" remarks="Specify" type="VARCHAR2(200)" />
			<column defaultValueComputed="-11" name="INSERT_BY" type="NUMBER(10, 0)">
				<constraints nullable="false" />
			</column>
			<column defaultValueComputed="-11" name="UPDATE_BY" type="NUMBER(10, 0)">
				<constraints nullable="false" />
			</column>
			<column defaultValueComputed="SYSDATE" name="INSERT_TIME"
				type="date">
				<constraints nullable="false" />
			</column>
			<column defaultValueComputed="SYSDATE" name="UPDATE_TIME"
				type="date">
				<constraints nullable="false" />
			</column>
			<column defaultValue="Y" name="IS_ACTIVE" remarks="Y:active, N:deleted"
				type="VARCHAR2(2)" />
		</createTable>
	</changeSet>
	<changeSet author="generated" id="2016031208_T_RI_CONT_CLAIM_ITEM">
		<createTable remarks="Additional Claim Limits" tableName="T_RI_CONT_CLAIM_ITEM">
			<column name="ITEM_ID" remarks="primary key" type="NUMBER(10, 0)">
				<constraints nullable="false" />
			</column>
			<column name="CONT_COMP_ID" remarks="foreign key" type="NUMBER(10, 0)">
				<constraints nullable="false" />
			</column>
			<column name="CATE_ID" remarks="record's id" type="VARCHAR2(2)" />
			<column name="PERCENTAGE" remarks="Percentage" type="NUMBER(10, 9)" />
			<column name="AMOUNT" remarks="Amount" type="NUMBER(16, 2)" />
			<column defaultValueComputed="-11" name="INSERT_BY" type="NUMBER(10, 0)">
				<constraints nullable="false" />
			</column>
			<column defaultValueComputed="-11" name="UPDATE_BY" type="NUMBER(10, 0)">
				<constraints nullable="false" />
			</column>
			<column defaultValueComputed="SYSDATE" name="INSERT_TIME"
				type="date">
				<constraints nullable="false" />
			</column>
			<column defaultValueComputed="SYSDATE" name="UPDATE_TIME"
				type="date">
				<constraints nullable="false" />
			</column>
			<column name="IS_CHECK" remarks="if the record is checked"
				type="VARCHAR2(5)" />
			<column defaultValue="Y" name="IS_ACTIVE" remarks="Y:active, N:deleted"
				type="VARCHAR2(2)" />
		</createTable>
	</changeSet>
	<changeSet author="generated" id="2016031209_T_RI_CONT_CLAIM_ITEM_LOG">
		<createTable tableName="T_RI_CONT_CLAIM_ITEM_LOG">
			<column name="LOG_ID" type="NUMBER(10, 0)">
				<constraints nullable="false" />
			</column>
			<column name="OPERATE_ID" type="NUMBER(10, 0)">
				<constraints nullable="false" />
			</column>
			<column name="ITEM_ID" type="NUMBER(10, 0)">
				<constraints nullable="false" />
			</column>
			<column name="CONT_COMP_ID" type="NUMBER(10, 0)" />
			<column name="CATE_ID" type="VARCHAR2(2)" />
			<column name="PERCENTAGE" type="NUMBER(10, 9)" />
			<column name="AMOUNT" type="NUMBER(16, 2)" />
			<column defaultValueComputed="-11" name="INSERT_BY" type="NUMBER(10, 0)">
				<constraints nullable="false" />
			</column>
			<column defaultValueComputed="-11" name="UPDATE_BY" type="NUMBER(10, 0)">
				<constraints nullable="false" />
			</column>
			<column defaultValueComputed="SYSDATE" name="INSERT_TIME"
				type="date">
				<constraints nullable="false" />
			</column>
			<column defaultValueComputed="SYSDATE" name="UPDATE_TIME"
				type="date">
				<constraints nullable="false" />
			</column>
			<column name="IS_CHECK" type="VARCHAR2(5)" />
		</createTable>
	</changeSet>
	<changeSet author="generated" id="2016031210_T_RI_CONT_CLAIM_LOG">
		<createTable tableName="T_RI_CONT_CLAIM_LOG">
			<column name="LOG_ID" type="NUMBER(10, 0)">
				<constraints nullable="false" />
			</column>
			<column name="CONT_COMP_ID" type="NUMBER(10, 0)">
				<constraints nullable="false" />
			</column>
			<column name="OPERATE_ID" type="NUMBER(10, 0)">
				<constraints nullable="false" />
			</column>
			<column name="CLAIM_BASIS" type="VARCHAR2(2)" />
			<column name="RETROACTIVE_DATE" type="date" />
			<column defaultValue="false" name="SUNSET_CHECK" type="VARCHAR2(5)" />
			<column name="SUNSET_CLAUSE" type="date" />
			<column name="CLAIM_CURRENCY" type="VARCHAR2(5)" />
			<column name="LOSS_ADVICE" type="VARCHAR2(200)" />
			<column defaultValue="false" name="POSTING" type="VARCHAR2(5)" />
			<column name="CASH_CALL_ADVICE" type="VARCHAR2(200)" />
			<column name="NO_OF_DAY" type="VARCHAR2(200)" />
			<column name="WETHER_INDEX" type="VARCHAR2(25)" />
			<column name="PRICES_INDEX" type="VARCHAR2(25)" />
			<column name="SPECIFY" type="VARCHAR2(200)" />
			<column defaultValueComputed="-11" name="INSERT_BY" type="NUMBER(10, 0)">
				<constraints nullable="false" />
			</column>
			<column defaultValueComputed="-11" name="UPDATE_BY" type="NUMBER(10, 0)">
				<constraints nullable="false" />
			</column>
			<column defaultValueComputed="SYSDATE" name="INSERT_TIME"
				type="date">
				<constraints nullable="false" />
			</column>
			<column defaultValueComputed="SYSDATE" name="UPDATE_TIME"
				type="date">
				<constraints nullable="false" />
			</column>
		</createTable>
	</changeSet>
	<changeSet author="generated" id="2016031211_T_RI_CONT_CURRENCY">
		<dropColumn tableName="T_RI_CONT_CURRENCY" columnName="CURRENCY_TYPE" />
		<addColumn tableName="T_RI_CONT_CURRENCY">
			<column name="CURRENCY_TYPE" remarks="Currency" type="CHAR(3)" />
		</addColumn>
	</changeSet>
	<changeSet author="generated" id="2016031212_T_RI_CONT_CURRENCY_LOG">
		<dropColumn tableName="T_RI_CONT_CURRENCY_LOG" columnName="CURRENCY_TYPE" />
		<addColumn tableName="T_RI_CONT_CURRENCY_LOG">
			<column name="CURRENCY_TYPE" remarks="Currency" type="CHAR(3)" />
		</addColumn>
	</changeSet>

	<changeSet author="generated" id="2016031213_T_RI_CONT_DEDUCTIONS">
		<dropColumn tableName="T_RI_CONT_DEDUCTIONS" columnName="PERCENTAGE1" />
		<dropColumn tableName="T_RI_CONT_DEDUCTIONS" columnName="PERCENTAGE" />
		<dropColumn tableName="T_RI_CONT_DEDUCTIONS" columnName="PERCENTAGE2" />
		<dropColumn tableName="T_RI_CONT_DEDUCTIONS" columnName="PERCENTAGE3" />
		<dropColumn tableName="T_RI_CONT_DEDUCTIONS" columnName="PERCENT_OF_PREMIUM" />
		<addColumn tableName="T_RI_CONT_DEDUCTIONS">
			<column name="RI_PERCENTAGE" remarks="RI Commission-Percentage"
				type="NUMBER(10, 9)" />
			<column name="PROFIT_PERCENTAGE_TYPE" remarks="Profit Commission-Percentage-type"
				type="VARCHAR2(2)" />
			<column name="PROFIT_PERCENTAGE" remarks="Profit Commission-Percentage"
				type="NUMBER(10, 9)" />
			<column name="EXPENSES_PERCENTAGE" remarks="Profit Commission-Management Expenses"
				type="NUMBER(10, 9)" />
			<column name="PERCENT_OF_PREMIUM" remarks="Brokerage-% of Permium"
				type="NUMBER(10, 9)" />
		</addColumn>
	</changeSet>
	<changeSet author="generated" id="2016031214_T_RI_CONT_DEDUCTIONS_LOG">
		<dropColumn tableName="T_RI_CONT_DEDUCTIONS_LOG"
			columnName="PERCENTAGE1" />
		<dropColumn tableName="T_RI_CONT_DEDUCTIONS_LOG"
			columnName="PERCENTAGE" />
		<dropColumn tableName="T_RI_CONT_DEDUCTIONS_LOG"
			columnName="PERCENTAGE2" />
		<dropColumn tableName="T_RI_CONT_DEDUCTIONS_LOG"
			columnName="PERCENTAGE3" />
		<dropColumn tableName="T_RI_CONT_DEDUCTIONS_LOG"
			columnName="PERCENT_OF_PREMIUM" />
		<dropColumn tableName="T_RI_CONT_DEDUCTIONS_LOG"
			columnName="FIXED_AMOUNT_HUNRED_PERCENT" />
		<addColumn tableName="T_RI_CONT_DEDUCTIONS_LOG">
			<column name="RI_PERCENTAGE" type="NUMBER(10, 9)" />
			<column name="PROFIT_PERCENTAGE_TYPE" type="VARCHAR2(2)" />
			<column name="PROFIT_PERCENTAGE" type="NUMBER(10, 9)" />
			<column name="EXPENSES_PERCENTAGE" type="NUMBER(10, 9)" />
			<column name="PERCENT_OF_PREMIUM" type="NUMBER(10, 9)" />
			<column name="FIXED_AMOUNT_HUNRED_PERCENT" type="NUMBER(15, 2)" />
		</addColumn>
	</changeSet>

	<changeSet author="generated" id="2016031215_T_RI_CONT_DEDUCTIONS_COMM">
		<dropColumn tableName="T_RI_CONT_DEDUCTIONS_COMM"
			columnName="FIRST_CAL" />
		<dropColumn tableName="T_RI_CONT_DEDUCTIONS_COMM"
			columnName="SUBSEQUENT_CALC" />
		<dropColumn tableName="T_RI_CONT_DEDUCTIONS_COMM"
			columnName="MAXIMUM_R_I_SS" />
		<dropColumn tableName="T_RI_CONT_DEDUCTIONS_COMM"
			columnName="MINIMUM_R_I_SS" />
		<dropColumn tableName="T_RI_CONT_DEDUCTIONS_COMM"
			columnName="MINIMUM_LOSS_SS" />
		<dropColumn tableName="T_RI_CONT_DEDUCTIONS_COMM"
			columnName="MAXIMUM_LOSS_SS" />
		<addColumn tableName="T_RI_CONT_DEDUCTIONS_COMM">
			<column name="FIRST_CAL" remarks="First calculation" type="NUMBER(5, 2)" />
			<column name="SUBSEQUENT_CALC" remarks="Subseq.calc" type="NUMBER(5, 2)" />
			<column name="MAXIMUM_R_I_SS" remarks="Maximum RI Comm" type="NUMBER(10, 9)" />
			<column name="MINIMUM_R_I_SS" remarks="Minimum RI Comm" type="NUMBER(10, 9)" />
			<column name="MINIMUM_LOSS_SS" remarks="Minimum Loss Rate"
				type="NUMBER(10, 9)" />
			<column name="MAXIMUM_LOSS_SS" remarks="Maximum Loss Rate"
				type="NUMBER(10, 9)" />
		</addColumn>
	</changeSet>
	<changeSet author="generated" id="2016031216_T_RI_CONT_DEDUCTIONS_COMM_LOG">
		<dropColumn tableName="T_RI_CONT_DEDUCTIONS_COMM_LOG"
			columnName="FIRST_CAL" />
		<dropColumn tableName="T_RI_CONT_DEDUCTIONS_COMM_LOG"
			columnName="SUBSEQUENT_CALC" />
		<dropColumn tableName="T_RI_CONT_DEDUCTIONS_COMM_LOG"
			columnName="MAXIMUM_R_I_SS" />
		<dropColumn tableName="T_RI_CONT_DEDUCTIONS_COMM_LOG"
			columnName="MINIMUM_R_I_SS" />
		<dropColumn tableName="T_RI_CONT_DEDUCTIONS_COMM_LOG"
			columnName="MINIMUM_LOSS_SS" />
		<dropColumn tableName="T_RI_CONT_DEDUCTIONS_COMM_LOG"
			columnName="MAXIMUM_LOSS_SS" />
		<addColumn tableName="T_RI_CONT_DEDUCTIONS_COMM_LOG">
			<column name="FIRST_CAL" type="NUMBER(5, 2)" />
			<column name="SUBSEQUENT_CALC" type="NUMBER(5, 2)" />
			<column name="MAXIMUM_R_I_SS" type="NUMBER(10, 9)" />
			<column name="MINIMUM_R_I_SS" type="NUMBER(10, 9)" />
			<column name="MINIMUM_LOSS_SS" type="NUMBER(10, 9)" />
			<column name="MAXIMUM_LOSS_SS" type="NUMBER(10, 9)" />
		</addColumn>
	</changeSet>

	<changeSet author="generated" id="2016031217_T_RI_CONT_DEDUCTIONS_ITEM">
		<dropColumn tableName="T_RI_CONT_DEDUCTIONS_ITEM"
			columnName="PERCENTAGE" />
		<addColumn tableName="T_RI_CONT_DEDUCTIONS_ITEM">
			<column name="PERCENTAGE" remarks="In Percentage" type="NUMBER(10, 9)" />
		</addColumn>
	</changeSet>
	<changeSet author="generated" id="2016031218_T_RI_CONT_DEDUCTIONS_ITEM_LOG">
		<dropColumn tableName="T_RI_CONT_DEDUCTIONS_ITEM_LOG"
			columnName="PERCENTAGE" />
		<addColumn tableName="T_RI_CONT_DEDUCTIONS_ITEM_LOG">
			<column name="PERCENTAGE" remarks="In Percentage" type="NUMBER(10, 9)" />
		</addColumn>
	</changeSet>

	<changeSet author="generated" id="2016031219_T_RI_CONT_DEDUCTIONS_PC">
		<dropColumn tableName="T_RI_CONT_DEDUCTIONS_PC" columnName="MINIMUM_R_I_PC" />
		<dropColumn tableName="T_RI_CONT_DEDUCTIONS_PC" columnName="MAXIMUM_R_I_PC" />
		<dropColumn tableName="T_RI_CONT_DEDUCTIONS_PC" columnName="MINIMUM_LOSS_PC" />
		<dropColumn tableName="T_RI_CONT_DEDUCTIONS_PC" columnName="MAXIMUM_LOSS_PC" />
		<addColumn tableName="T_RI_CONT_DEDUCTIONS_PC">
			<column name="MINIMUM_R_I_PC" remarks="Min Profit Comm." type="NUMBER(10, 9)" />
			<column name="MAXIMUM_R_I_PC" remarks="Max Profit Comm." type="NUMBER(10, 9)" />
			<column name="MINIMUM_LOSS_PC" remarks="Minimum Loss Ratio"
				type="NUMBER(10, 9)" />
			<column name="MAXIMUM_LOSS_PC" remarks="Maximum Loss Ratio"
				type="NUMBER(10, 9)" />
		</addColumn>
	</changeSet>
	<changeSet author="generated" id="2016031220_T_RI_CONT_DEDUCTIONS_PC_LOG">
		<dropColumn tableName="T_RI_CONT_DEDUCTIONS_PC_LOG"
			columnName="MINIMUM_R_I_PC" />
		<dropColumn tableName="T_RI_CONT_DEDUCTIONS_PC_LOG"
			columnName="MAXIMUM_R_I_PC" />
		<dropColumn tableName="T_RI_CONT_DEDUCTIONS_PC_LOG"
			columnName="MINIMUM_LOSS_PC" />
		<dropColumn tableName="T_RI_CONT_DEDUCTIONS_PC_LOG"
			columnName="MAXIMUM_LOSS_PC" />
		<addColumn tableName="T_RI_CONT_DEDUCTIONS_PC_LOG">
			<column name="MINIMUM_R_I_PC" type="NUMBER(10, 9)" />
			<column name="MAXIMUM_R_I_PC" type="NUMBER(10, 9)" />
			<column name="MINIMUM_LOSS_PC" type="NUMBER(10, 9)" />
			<column name="MAXIMUM_LOSS_PC" type="NUMBER(10, 9)" />
		</addColumn>
	</changeSet>

	<changeSet author="generated" id="2016031221_T_RI_CONT_LOSS">
		<dropColumn tableName="T_RI_CONT_LOSS" columnName="MIN_RATIO" />
		<dropColumn tableName="T_RI_CONT_LOSS" columnName="MAX_RATIO" />
		<dropColumn tableName="T_RI_CONT_LOSS" columnName="CEDENT_PARTICIP" />
		<addColumn tableName="T_RI_CONT_LOSS">
			<column name="MIN_RATIO" remarks="Minium Ratio" type="NUMBER(10, 9)" />
			<column name="MAX_RATIO" remarks="Maxium Ratio" type="NUMBER(10, 9)" />
			<column name="CEDENT_PARTICIP" remarks="Cedent's Participation"
				type="NUMBER(10, 9)" />
		</addColumn>
	</changeSet>
	<changeSet author="generated" id="2016031222_T_RI_CONT_LOSS_LOG">
		<dropColumn tableName="T_RI_CONT_LOSS_LOG" columnName="MIN_RATIO" />
		<dropColumn tableName="T_RI_CONT_LOSS_LOG" columnName="MAX_RATIO" />
		<dropColumn tableName="T_RI_CONT_LOSS_LOG" columnName="CEDENT_PARTICIP" />
		<addColumn tableName="T_RI_CONT_LOSS_LOG">
			<column name="MIN_RATIO" remarks="Minium Ratio" type="NUMBER(10, 9)" />
			<column name="MAX_RATIO" remarks="Maxium Ratio" type="NUMBER(10, 9)" />
			<column name="CEDENT_PARTICIP" remarks="Cedent's Participation"
				type="NUMBER(10, 9)" />
		</addColumn>
	</changeSet>

	<changeSet author="generated" id="2016031223_T_RI_CONT_PREMIUM">
		<addColumn tableName="T_RI_CONT_PREMIUM">
			<column name="NO_OF_INSTALLMENT" remarks="No. Of Installment"
				type="VARCHAR2(2)" />
			<column name="NO_OF_PAYMENT" remarks="No. Of Payment" type="VARCHAR2(2)" />
		</addColumn>
	</changeSet>
	<changeSet author="generated" id="2016031201_T_RI_CONT_PREMIUM_LOG">
		<addColumn tableName="T_RI_CONT_PREMIUM_LOG">
			<column name="NO_OF_INSTALLMENT" type="VARCHAR2(2)" />
			<column name="NO_OF_PAYMENT" type="VARCHAR2(2)" />
		</addColumn>
	</changeSet>

	<changeSet author="generated" id="2016031224_T_RI_CONT_PREMIUM_ITEM">
		<dropColumn tableName="T_RI_CONT_PREMIUM_ITEM" columnName="CURRENCY" />
		<dropColumn tableName="T_RI_CONT_PREMIUM_ITEM" columnName="OUR_SHARE" />
		<addColumn tableName="T_RI_CONT_PREMIUM_ITEM">
			<column name="CURRENCY" remarks="Currency" type="CHAR(3)" />
			<column name="DEPOSIT_AMOUNT" remarks="Deposit %" type="NUMBER(20, 2)" />
		</addColumn>
	</changeSet>
	<changeSet author="generated" id="2016031225_T_RI_CONT_PREMIUM_ITEM_LOG">
		<dropColumn tableName="T_RI_CONT_PREMIUM_ITEM_LOG"
			columnName="ITEM_TYPE" />
		<dropColumn tableName="T_RI_CONT_PREMIUM_ITEM_LOG"
			columnName="CURRENCY" />
		<dropColumn tableName="T_RI_CONT_PREMIUM_ITEM_LOG"
			columnName="OUR_SHARE" />
		<addColumn tableName="T_RI_CONT_PREMIUM_ITEM_LOG">
			<column name="ITEM_TYPE" type="VARCHAR2(2)" />
			<column name="CURRENCY" type="CHAR(3)" />
			<column name="DEPOSIT_AMOUNT" type="NUMBER(20, 2)" />
		</addColumn>
	</changeSet>

	<changeSet author="generated" id="2016031226_T_RI_CONT_PRICING">
		<createTable tableName="T_RI_CONT_PRICING">
			<column name="PRICING_ID" remarks="Primary key" type="NUMBER(10, 0)">
				<constraints nullable="false" />
			</column>
			<column name="CONT_COMP_ID" type="NUMBER(10, 0)" />
			<column name="SECTION_NAME" remarks="Section Name" type="VARCHAR2(100)" />
			<column name="WRITTEN_PARTNER" remarks="Written Pattern" type="VARCHAR2(2)" />
			<column name="EARNING_PARTNER" remarks="Earning Pattern" type="VARCHAR2(2)" />
			<column name="INSERT_BY" type="NUMBER(10, 0)" />
			<column name="INSERT_TIME" type="date" />
			<column name="UPDATE_BY" type="NUMBER(10, 0)" />
			<column name="UPDATE_TIME" type="date" />
			<column defaultValue="Y" name="IS_ACTIVE" remarks="Y:active, N:deleted"
				type="VARCHAR2(2)" />
			<column name="ACTUALIZED" remarks="Actualized" type="VARCHAR2(2)" />
			<column name="REMARK" remarks="Remark" type="VARCHAR2(4000)" />
		</createTable>
	</changeSet>
	<changeSet author="generated" id="2016031227_T_RI_CONT_PRICING_LOG">
		<createTable tableName="T_RI_CONT_PRICING_LOG">
			<column name="LOG_ID" type="NUMBER(10, 0)">
				<constraints nullable="false" />
			</column>
			<column name="PRICING_ID" type="NUMBER(10, 0)" />
			<column name="OPERATE_ID" type="NUMBER(10, 0)" />
			<column name="CONT_COMP_ID" type="NUMBER(10, 0)" />
			<column name="SECTION_NAME" type="VARCHAR2(100)" />
			<column name="WRITTEN_PARTNER" type="VARCHAR2(2)" />
			<column name="EARNING_PARTNER" type="VARCHAR2(2)" />
			<column name="INSERT_BY" type="NUMBER(10, 0)" />
			<column name="INSERT_TIME" type="date" />
			<column name="UPDATE_BY" type="NUMBER(10, 0)" />
			<column name="UPDATE_TIME" type="date" />
			<column defaultValue="Y" name="IS_ACTIVE" type="VARCHAR2(2)" />
			<column name="ACTUALIZED" type="VARCHAR2(2)" />
			<column name="REMARK" type="VARCHAR2(4000)" />
		</createTable>
	</changeSet>
	<changeSet author="generated" id="2016031228_T_RI_CONT_PRICING_ITEM">
		<createTable tableName="T_RI_CONT_PRICING_ITEM">
			<column name="ITEM_ID" remarks="Primary key" type="NUMBER(10, 0)">
				<constraints nullable="false" />
			</column>
			<column name="PRICING_ID" remarks="Foreign Key" type="NUMBER(10, 0)" />
			<column name="PRICING_DATE" remarks="Date" type="date" />
			<column name="UNDERWRITER" remarks="UWR" type="NUMBER(10, 0)" />
			<column name="CURRENCY" remarks="Currency" type="CHAR(3)" />
			<column name="EPI" remarks="EPI" type="NUMBER(20, 2)" />
			<column name="COMMISSION" remarks="Commission" type="NUMBER(10, 9)" />
			<column name="BROKERAGE" remarks="Brokerage" type="NUMBER(10, 9)" />
			<column name="TAXS" remarks="Tax and others" type="NUMBER(10, 9)" />
			<column name="LOSS_RATIO" remarks="Loss Ratio" type="NUMBER(10, 9)" />
			<column name="INSERT_BY" type="NUMBER(10, 0)" />
			<column name="INSERT_TIME" type="date" />
			<column name="UPDATE_BY" type="NUMBER(10, 0)" />
			<column name="UPDATE_TIME" type="date" />
			<column defaultValue="Y" name="IS_ACTIVE" remarks="Y:active, N:deleted"
				type="VARCHAR2(2)" />
		</createTable>
	</changeSet>
	<changeSet author="generated" id="2016031229_T_RI_CONT_PRICING_ITEM_LOG">
	<createTable tableName="T_RI_CONT_PRICING_ITEM_LOG">
		<column name="LOG_ID" type="NUMBER(10, 0)">
			<constraints nullable="false" />
		</column>
		<column name="ITEM_ID" type="NUMBER(10, 0)" />
		<column name="PRICING_ID" type="NUMBER(10, 0)" />
		<column name="OPERATE_ID" type="NUMBER(10, 0)" />
		<column name="PRICING_DATE" type="date" />
		<column name="UNDERWRITER" type="NUMBER(10, 0)" />
		<column name="CURRENCY" type="CHAR(3)" />
		<column name="EPI" type="NUMBER(20, 2)" />
		<column name="COMMISSION" type="NUMBER(10, 9)" />
		<column name="BROKERAGE" type="NUMBER(10, 9)" />
		<column name="TAXS" type="NUMBER(10, 9)" />
		<column name="LOSS_RATIO" type="NUMBER(10, 9)" />
		<column name="INSERT_BY" type="NUMBER(10, 0)" />
		<column name="INSERT_TIME" type="date" />
		<column name="UPDATE_BY" type="NUMBER(10, 0)" />
		<column name="UPDATE_TIME" type="date" />
		<column defaultValue="Y" name="IS_ACTIVE" type="VARCHAR2(2)" />
		</createTable>
	</changeSet>

	<changeSet author="generated" id="2016031230_T_RI_CONT_RESERVE_REBATE">
		<dropColumn tableName="T_RI_CONT_RESERVE_REBATE"
			columnName="PREMIUM_RESERVE" />
		<dropColumn tableName="T_RI_CONT_RESERVE_REBATE"
			columnName="INTEREST_RATE" />
		<dropColumn tableName="T_RI_CONT_RESERVE_REBATE"
			columnName="LOSS_RESERVES" />
		<dropColumn tableName="T_RI_CONT_RESERVE_REBATE"
			columnName="NO_CLAIM_BONUS" />
		<dropColumn tableName="T_RI_CONT_RESERVE_REBATE"
			columnName="REBATE_PERCENT" />
		<dropColumn tableName="T_RI_CONT_RESERVE_REBATE"
			columnName="LOSS_RATIO_FROM" />
		<dropColumn tableName="T_RI_CONT_RESERVE_REBATE"
			columnName="LOSS_RATIO_TO" />
		<addColumn tableName="T_RI_CONT_RESERVE_REBATE">
			<column name="PREMIUM_RESERVE" remarks="Premium Reserve" type="NUMBER(10, 9)" />
			<column name="INTEREST_RATE" remarks="Interest Rate" type="NUMBER(10, 9)" />
			<column name="LOSS_RESERVES" remarks="Loss Reserves" type="NUMBER(10, 9)" />
			<column name="NO_CLAIM_BONUS" remarks="No Claims Bonus" type="NUMBER(10, 9)" />
			<column name="REBATE_PERCENT" remarks="Rebate Percent" type="NUMBER(10, 9)" />
			<column name="LOSS_RATIO_FROM" remarks="Loss Ratio From" type="NUMBER(10, 9)" />
			<column name="LOSS_RATIO_TO" remarks="Loss Ratio To" type="NUMBER(10, 9)" />
		</addColumn>
	</changeSet>
	<changeSet author="generated" id="2016031231_T_RI_CONT_RESERVE_REBATE_LOG">
		<dropColumn tableName="T_RI_CONT_RESERVE_REBATE_LOG"
			columnName="PREMIUM_RESERVE" />
		<dropColumn tableName="T_RI_CONT_RESERVE_REBATE_LOG"
			columnName="INTEREST_RATE" />
		<dropColumn tableName="T_RI_CONT_RESERVE_REBATE_LOG"
			columnName="LOSS_RESERVES" />
		<dropColumn tableName="T_RI_CONT_RESERVE_REBATE_LOG"
			columnName="NO_CLAIM_BONUS" />
		<dropColumn tableName="T_RI_CONT_RESERVE_REBATE_LOG"
			columnName="REBATE_PERCENT" />
		<dropColumn tableName="T_RI_CONT_RESERVE_REBATE_LOG"
			columnName="LOSS_RATIO_FROM" />
		<dropColumn tableName="T_RI_CONT_RESERVE_REBATE_LOG"
			columnName="LOSS_RATIO_TO" />
		<addColumn tableName="T_RI_CONT_RESERVE_REBATE_LOG">
			<column name="PREMIUM_RESERVE" remarks="Premium Reserve" type="NUMBER(10, 9)" />
			<column name="INTEREST_RATE" remarks="Interest Rate" type="NUMBER(10, 9)" />
			<column name="LOSS_RESERVES" remarks="Loss Reserves" type="NUMBER(10, 9)" />
			<column name="NO_CLAIM_BONUS" remarks="No Claims Bonus" type="NUMBER(10, 9)" />
			<column name="REBATE_PERCENT" remarks="Rebate Percent" type="NUMBER(10, 9)" />
			<column name="LOSS_RATIO_FROM" remarks="Loss Ratio From" type="NUMBER(10, 9)" />
			<column name="LOSS_RATIO_TO" remarks="Loss Ratio To" type="NUMBER(10, 9)" />
		</addColumn>
	</changeSet>

	<changeSet author="generated" id="2016031232_T_RI_CONT_SHARE">
		<dropColumn tableName="T_RI_CONT_SHARE" columnName="CEDED" />
		<dropColumn tableName="T_RI_CONT_SHARE" columnName="CEDENT_RETENTION" />
		<dropColumn tableName="T_RI_CONT_SHARE" columnName="WRITTEN_SHARE1" />
		<dropColumn tableName="T_RI_CONT_SHARE" columnName="SIGNED_SHARES1" />
		<dropColumn tableName="T_RI_CONT_SHARE" columnName="WRITTEN_SHARE2" />
		<dropColumn tableName="T_RI_CONT_SHARE" columnName="SIGNED_SHARES2" />
		<addColumn tableName="T_RI_CONT_SHARE">
			<column name="CEDED" remarks="Ceded" type="NUMBER(10, 9)" />
			<column name="CEDENT_RETENTION" remarks="Ceded Retention"
				type="NUMBER(10, 9)" />
			<column name="WRITTEN_SHARE1" remarks="From 100%-Written Shares"
				type="NUMBER(10, 9)" />
			<column name="SIGNED_SHARES1" remarks="From 100%-Signed Shares"
				type="NUMBER(10, 9)" />
			<column name="WRITTEN_SHARE2" remarks="From Ceded-Written Shares"
				type="NUMBER(10, 9)" />
			<column name="SIGNED_SHARES2" remarks="From Ceded-Signed Shares"
				type="NUMBER(10, 9)" />
		</addColumn>
	</changeSet>
	<changeSet author="generated" id="2016031233_T_RI_CONT_SHARE_LOG">
		<dropColumn tableName="T_RI_CONT_SHARE_LOG" columnName="CEDED" />
		<dropColumn tableName="T_RI_CONT_SHARE_LOG" columnName="CEDENT_RETENTION" />
		<dropColumn tableName="T_RI_CONT_SHARE_LOG" columnName="WRITTEN_SHARE1" />
		<dropColumn tableName="T_RI_CONT_SHARE_LOG" columnName="SIGNED_SHARES1" />
		<dropColumn tableName="T_RI_CONT_SHARE_LOG" columnName="WRITTEN_SHARE2" />
		<dropColumn tableName="T_RI_CONT_SHARE_LOG" columnName="SIGNED_SHARES2" />
		<addColumn tableName="T_RI_CONT_SHARE_LOG">
			<column name="CEDED" remarks="Ceded" type="NUMBER(10, 9)" />
			<column name="CEDENT_RETENTION" remarks="Ceded Retention"
				type="NUMBER(10, 9)" />
			<column name="WRITTEN_SHARE1" remarks="From 100%-Written Shares"
				type="NUMBER(10, 9)" />
			<column name="SIGNED_SHARES1" remarks="From 100%-Signed Shares"
				type="NUMBER(10, 9)" />
			<column name="WRITTEN_SHARE2" remarks="From Ceded-Written Shares"
				type="NUMBER(10, 9)" />
			<column name="SIGNED_SHARES2" remarks="From Ceded-Signed Shares"
				type="NUMBER(10, 9)" />
		</addColumn>
	</changeSet>

	<changeSet author="generated" id="PK_T_RI_CONT_CLAIM">
		<addPrimaryKey columnNames="CONT_COMP_ID"
			constraintName="PK_T_RI_CONT_CLAIM" tableName="T_RI_CONT_CLAIM" />
	</changeSet>
	<changeSet author="generated" id="PK_T_RI_CONT_CLAIM_ITEM">
		<addPrimaryKey columnNames="ITEM_ID" constraintName="PK_T_RI_CONT_CLAIM_ITEM"
			tableName="T_RI_CONT_CLAIM_ITEM" />
	</changeSet>
	<changeSet author="generated" id="SYS_C00731744">
		<addPrimaryKey columnNames="LOG_ID" constraintName="SYS_C00731744"
			tableName="T_RI_CONT_CLAIM_LOG" />
	</changeSet>
	<changeSet author="generated" id="SYS_C00731759">
		<addPrimaryKey columnNames="CONT_COMP_ID"
			constraintName="SYS_C00731759" tableName="T_RI_CONT_ACCOUNT" />
	</changeSet>
	<changeSet author="generated" id="FK_T_RI_CONT_CLAIM_ITEM">
		<addForeignKeyConstraint baseColumnNames="CONT_COMP_ID"
			baseTableName="T_RI_CONT_CLAIM_ITEM" constraintName="FK_T_RI_CONT_CLAIM_ITEM"
			deferrable="false" initiallyDeferred="false" onDelete="RESTRICT"
			onUpdate="RESTRICT" referencedColumnNames="CONT_COMP_ID"
			referencedTableName="T_RI_CONT_CLAIM" />
	</changeSet>
	<changeSet author="generated" id="FK_T_RI_CONT_CLAIM_LOG">
		<addForeignKeyConstraint baseColumnNames="CONT_COMP_ID"
			baseTableName="T_RI_CONT_CLAIM_LOG" constraintName="FK_T_RI_CONT_CLAIM_LOG"
			deferrable="false" initiallyDeferred="false" onDelete="RESTRICT"
			onUpdate="RESTRICT" referencedColumnNames="CONT_COMP_ID"
			referencedTableName="T_RI_CONT_CLAIM" />
	</changeSet>
	<changeSet author="generated" id="SYS_C00731760">
		<addForeignKeyConstraint baseColumnNames="CONT_COMP_ID"
			baseTableName="T_RI_CONT_ACCOUNT" constraintName="SYS_C00731760"
			deferrable="false" initiallyDeferred="false" onDelete="RESTRICT"
			onUpdate="RESTRICT" referencedColumnNames="CONT_COMP_ID"
			referencedTableName="T_RI_CONTRACT_INFO" />
	</changeSet>
	<changeSet author="generated" id="SYS_C00731639">
		<addPrimaryKey columnNames="PRICING_ID" constraintName="SYS_C00731639"
			tableName="T_RI_CONT_PRICING" />
	</changeSet>
	<changeSet author="generated" id="SYS_C00731641">
		<addPrimaryKey columnNames="ITEM_ID" constraintName="SYS_C00731641"
			tableName="T_RI_CONT_PRICING_ITEM" />
	</changeSet>
	<changeSet author="generated" id="FK_T_RI_CONT_PRICING_ITEM__ID">
		<addForeignKeyConstraint baseColumnNames="PRICING_ID"
			baseTableName="T_RI_CONT_PRICING_ITEM" constraintName="FK_T_RI_CONT_PRICING_ITEM__ID"
			deferrable="false" initiallyDeferred="false" onDelete="RESTRICT"
			onUpdate="RESTRICT" referencedColumnNames="PRICING_ID"
			referencedTableName="T_RI_CONT_PRICING" />
	</changeSet>
	<changeSet author="generated" id="FK_T_RI_CONT_PRICING__CONT_ID">
		<addForeignKeyConstraint baseColumnNames="CONT_COMP_ID"
			baseTableName="T_RI_CONT_PRICING" constraintName="FK_T_RI_CONT_PRICING__CONT_ID"
			deferrable="false" initiallyDeferred="false" onDelete="RESTRICT"
			onUpdate="RESTRICT" referencedColumnNames="CONT_COMP_ID"
			referencedTableName="T_RI_CONTRACT_STRUCTURE" />
	</changeSet>
	<changeSet author="generated" id="SYS_C00731643">
		<addPrimaryKey columnNames="LOG_ID" constraintName="SYS_C00731643"
			tableName="T_RI_CONT_PRICING_LOG" />
	</changeSet>
	<changeSet author="generated" id="SYS_C00731645">
		<addPrimaryKey columnNames="LOG_ID" constraintName="SYS_C00731645"
			tableName="T_RI_CONT_PRICING_ITEM_LOG" />
	</changeSet>
	<changeSet author="generated" id="FK_CONT_PRICING_ITEM_LOG__ID">
		<addForeignKeyConstraint baseColumnNames="ITEM_ID"
			baseTableName="T_RI_CONT_PRICING_ITEM_LOG" constraintName="FK_CONT_PRICING_ITEM_LOG__ID"
			deferrable="false" initiallyDeferred="false" onDelete="RESTRICT"
			onUpdate="RESTRICT" referencedColumnNames="ITEM_ID"
			referencedTableName="T_RI_CONT_PRICING_ITEM" />
	</changeSet>
	<changeSet author="generated" id="FK_T_RI_CONT_PRINCTING_LOG__ID">
		<addForeignKeyConstraint baseColumnNames="PRICING_ID"
			baseTableName="T_RI_CONT_PRICING_LOG" constraintName="FK_T_RI_CONT_PRINCTING_LOG__ID"
			deferrable="false" initiallyDeferred="false" onDelete="RESTRICT"
			onUpdate="RESTRICT" referencedColumnNames="PRICING_ID"
			referencedTableName="T_RI_CONT_PRICING" />
	</changeSet>
	<changeSet author="generated" id="SYS_C00616245">
		<addPrimaryKey columnNames="LOG_ID" constraintName="SYS_C00616245"
			tableName="T_RI_CONT_CLAIM_ITEM_LOG" />
	</changeSet>
	<changeSet author="generated" id="FK_T_RI_CONT_CLAIM_ITEM_LOG">
		<addForeignKeyConstraint baseColumnNames="ITEM_ID"
			baseTableName="T_RI_CONT_CLAIM_ITEM_LOG" constraintName="FK_T_RI_CONT_CLAIM_ITEM_LOG"
			deferrable="false" initiallyDeferred="false" onDelete="RESTRICT"
			onUpdate="RESTRICT" referencedColumnNames="ITEM_ID"
			referencedTableName="T_RI_CONT_CLAIM_ITEM" />
	</changeSet>
</databaseChangeLog>