<?xml version="1.0" encoding="UTF-8" standalone="no"?>
<databaseChangeLog xmlns="http://www.liquibase.org/xml/ns/dbchangelog" xmlns:ext="http://www.liquibase.org/xml/ns/dbchangelog-ext" xmlns:xsi="http://www.w3.org/2001/XMLSchema-instance" xsi:schemaLocation="http://www.liquibase.org/xml/ns/dbchangelog-ext http://www.liquibase.org/xml/ns/dbchangelog/dbchangelog-ext.xsd http://www.liquibase.org/xml/ns/dbchangelog http://www.liquibase.org/xml/ns/dbchangelog/dbchangelog-3.3.xsd">
  <changeSet author="generated" id="20160426_155901_T_RI_ACCT_ESTIMATE_TRANS">
    <createTable tableName="T_RI_ACCT_ESTIMATE_TRANS">
      <column name="TRANS_ID" type="NUMBER(12, 0)">
        <constraints nullable="false"/>
      </column>
      <column name="TRANS_TYPE" type="NUMBER(1, 0)">
        <constraints nullable="false"/>
      </column>
      <column name="CEDENT_YEAR" type="NUMBER(4, 0)">
        <constraints nullable="false"/>
      </column>
      <column name="CEDENT_QUARTER" type="NUMBER(2, 0)">
        <constraints nullable="false"/>
      </column>
      <column name="SECTION_ID" type="NUMBER(12, 0)">
        <constraints nullable="false"/>
      </column>
      <column name="ENTRY_CODE" type="CHAR(4)">
        <constraints nullable="false"/>
      </column>
      <column name="CURRENCY" type="CHAR(3)">
        <constraints nullable="false"/>
      </column>
      <column name="AMOUNT" type="NUMBER(20, 2)">
        <constraints nullable="false"/>
      </column>
      <column name="TEXT" type="VARCHAR2(200)"/>
      <column name="SOA_ID" type="NUMBER(12, 0)"/>
      <column name="CLAIM_NO" type="NUMBER(12, 0)"/>
      <column name="DATE_OF_LOSS" type="date"/>
      <column name="BIZ_DIRECTION" type="NUMBER(1, 0)"/>
      <column name="BIZ_TRANS_TYPE" type="NUMBER(1, 0)"/>
      <column defaultValueComputed="-11" name="INSERT_BY" type="NUMBER(12, 0)">
        <constraints nullable="false"/>
      </column>
      <column defaultValueComputed="-11" name="UPDATE_BY" type="NUMBER(12, 0)">
        <constraints nullable="false"/>
      </column>
      <column defaultValueComputed="sysdate" name="INSERT_TIME" type="date">
        <constraints nullable="false"/>
      </column>
      <column defaultValueComputed="sysdate" name="UPDATE_TIME" type="date">
        <constraints nullable="false"/>
      </column>
    </createTable>
  </changeSet>
</databaseChangeLog>
