<?xml version="1.0" encoding="UTF-8" standalone="no"?>
<databaseChangeLog xmlns="http://www.liquibase.org/xml/ns/dbchangelog"
	xmlns:ext="http://www.liquibase.org/xml/ns/dbchangelog-ext" xmlns:xsi="http://www.w3.org/2001/XMLSchema-instance"
	xsi:schemaLocation="http://www.liquibase.org/xml/ns/dbchangelog-ext http://www.liquibase.org/xml/ns/dbchangelog/dbchangelog-ext.xsd http://www.liquibase.org/xml/ns/dbchangelog http://www.liquibase.org/xml/ns/dbchangelog/dbchangelog-3.3.xsd">
	<changeSet author="generated" id="20160326_190000_Partner_ddl_init">
		<addColumn tableName="T_RI_BP_PARTNER">
			<column name="FULL_NAME" remarks="full name" type="VARCHAR2(100)"/>
		</addColumn>
		<addColumn tableName="T_RI_BP_PARTNER_LOG">
			<column name="FULL_NAME" remarks="full name" type="VARCHAR2(100)"/>
		</addColumn>
	</changeSet>
</databaseChangeLog>