<?xml version="1.0" encoding="UTF-8" standalone="no"?>
<databaseChangeLog xmlns="http://www.liquibase.org/xml/ns/dbchangelog" xmlns:ext="http://www.liquibase.org/xml/ns/dbchangelog-ext" xmlns:xsi="http://www.w3.org/2001/XMLSchema-instance" xsi:schemaLocation="http://www.liquibase.org/xml/ns/dbchangelog-ext http://www.liquibase.org/xml/ns/dbchangelog/dbchangelog-ext.xsd http://www.liquibase.org/xml/ns/dbchangelog http://www.liquibase.org/xml/ns/dbchangelog/dbchangelog-3.3.xsd">
    <changeSet author="generated" id="201605041111_T_RI_MENUS.data.data">
        <update tableName="T_RI_MENUS">
            <column name="MENU_NAME" value="GL Data Query" type="VARCHAR2(100)"/>
            <column name="DESCRIPTION" value="GL Data Query" type="VARCHAR2(100)"/>
        	<where>MENU_ID = 32</where>
        </update>
       <delete tableName="T_RI_MENUS">
        <where>MENU_ID = 9</where>
      </delete>
    </changeSet>
</databaseChangeLog>
