<?xml version="1.0" encoding="UTF-8" standalone="no"?>
<databaseChangeLog xmlns="http://www.liquibase.org/xml/ns/dbchangelog" xmlns:ext="http://www.liquibase.org/xml/ns/dbchangelog-ext" xmlns:xsi="http://www.w3.org/2001/XMLSchema-instance" xsi:schemaLocation="http://www.liquibase.org/xml/ns/dbchangelog-ext http://www.liquibase.org/xml/ns/dbchangelog/dbchangelog-ext.xsd http://www.liquibase.org/xml/ns/dbchangelog http://www.liquibase.org/xml/ns/dbchangelog/dbchangelog-3.3.xsd">

    <changeSet author="generated" id="2016041901_T_RI_CONT_LIMIT_ITEM">
        <addColumn tableName="T_RI_CONT_LIMIT_ITEM">
            <column name="ITEM_TYPE" remarks="Item Type" type="VARCHAR2(2)"/>
        </addColumn>
    </changeSet>
    <changeSet author="generated" id="2016041902_T_RI_CONT_LIMIT_EVENT">
        <addColumn tableName="T_RI_CONT_LIMIT_EVENT">
            <column name="ITEM_TYPE" remarks="Item Type" type="VARCHAR2(2)"/>
        </addColumn>
    </changeSet>
    
    <changeSet author="generated" id="2016041903_T_RI_CONT_LIMIT_ITEM_LOG">
        <addColumn tableName="T_RI_CONT_LIMIT_ITEM_LOG">
            <column name="ITEM_TYPE" type="VARCHAR2(2)"/>
        </addColumn>
    </changeSet>
    <changeSet author="generated" id="2016041904_T_RI_CONT_LIMIT_EVENT_LOG">
        <addColumn tableName="T_RI_CONT_LIMIT_EVENT_LOG">
            <column name="ITEM_TYPE" type="VARCHAR2(2)"/>
        </addColumn>
    </changeSet>
    
</databaseChangeLog>