<?xml version="1.0" encoding="UTF-8" standalone="no"?>
<databaseChangeLog xmlns="http://www.liquibase.org/xml/ns/dbchangelog"
	xmlns:ext="http://www.liquibase.org/xml/ns/dbchangelog-ext" xmlns:xsi="http://www.w3.org/2001/XMLSchema-instance"
	xsi:schemaLocation="http://www.liquibase.org/xml/ns/dbchangelog-ext http://www.liquibase.org/xml/ns/dbchangelog/dbchangelog-ext.xsd http://www.liquibase.org/xml/ns/dbchangelog http://www.liquibase.org/xml/ns/dbchangelog/dbchangelog-3.3.xsd">
 
  
 <changeSet author="generated" id="20160419_183100_REVALUATION"> 
    	   	
    <addColumn tableName="T_RI_ACCT_REVALUATE">
            <column name="STARTING_TIME" type="date"/>           
   </addColumn>
   
    <addColumn tableName="T_RI_ACCT_REVALUATE">
            <column name="FINISHING_TIME" type="date"/>           
   </addColumn>
   
   <addColumn tableName="T_RI_ACCT_REVALUATE">
            <column name="OPERATOR" type="VARCHAR2(100)"/>           
   </addColumn>
   
   
     <addColumn tableName="T_RI_ACCT_REVALUATE">
            <column name="OPERATOR_ID" type="NUMBER(10,0)"/>           
   </addColumn>
   
   
     <addColumn tableName="T_RI_ACCT_REVALUATE">
            <column name="EXECUTE_STATUS" type="CHAR(1)"/>           
   </addColumn>
       
    </changeSet>

</databaseChangeLog>