<?xml version="1.0" encoding="UTF-8" standalone="no"?>
<databaseChangeLog xmlns="http://www.liquibase.org/xml/ns/dbchangelog" 
		xmlns:ext="http://www.liquibase.org/xml/ns/dbchangelog-ext" 
		xmlns:xsi="http://www.w3.org/2001/XMLSchema-instance" 
		xsi:schemaLocation="http://www.liquibase.org/xml/ns/dbchangelog-ext http://www.liquibase.org/xml/ns/dbchangelog/dbchangelog-ext.xsd http://www.liquibase.org/xml/ns/dbchangelog http://www.liquibase.org/xml/ns/dbchangelog/dbchangelog-3.3.xsd">
     
    <changeSet author="alpha.wang (generated)" id="1454314892933-2">
        <insert tableName="T_PUB_PERMISSION">
            <column name="ID" valueNumeric="41"/>
            <column name="NAME" value="JuniorUW"/>
            <column name="DESCRIPTION" value="JuniorUW"/>
            <column name="PARENT_NAME"/>
            <column name="TYPE" valueNumeric="4"/>
            <column name="CONTEXT"/>
            <column name="CODE" value="UW1"/>
        </insert>
        <insert tableName="T_PUB_PERMISSION">
            <column name="ID" valueNumeric="42"/>
            <column name="NAME" value="SeniorUW"/>
            <column name="DESCRIPTION" value="SeniorUW"/>
            <column name="PARENT_NAME"/>
            <column name="TYPE" valueNumeric="4"/>
            <column name="CONTEXT"/>
            <column name="CODE" value="UW2"/>
        </insert>
        <insert tableName="T_PUB_PERMISSION">
            <column name="ID" valueNumeric="43"/>
            <column name="NAME" value="UWManager"/>
            <column name="DESCRIPTION" value="UWManager"/>
            <column name="PARENT_NAME"/>
            <column name="TYPE" valueNumeric="4"/>
            <column name="CONTEXT"/>
            <column name="CODE" value="UW3"/>
        </insert>
        <insert tableName="T_PUB_PERMISSION">
            <column name="ID" valueNumeric="1"/>
            <column name="NAME" value="System Admin menu"/>
            <column name="DESCRIPTION" value="System Admin menu"/>
            <column name="PARENT_NAME"/>
            <column name="TYPE" valueNumeric="1"/>
            <column name="CONTEXT"/>
            <column name="CODE" value="SA"/>
        </insert>
        <insert tableName="T_PUB_PERMISSION">
            <column name="ID" valueNumeric="2"/>
            <column name="NAME" value="Operational menu"/>
            <column name="DESCRIPTION" value="Operational menu"/>
            <column name="PARENT_NAME"/>
            <column name="TYPE" valueNumeric="1"/>
            <column name="CONTEXT"/>
            <column name="CODE" value="OP"/>
        </insert>
        <insert tableName="T_PUB_PERMISSION">
            <column name="ID" valueNumeric="3"/>
            <column name="NAME" value="Configuration Center Menu"/>
            <column name="DESCRIPTION" value="Configuration Center Menu"/>
            <column name="PARENT_NAME"/>
            <column name="TYPE" valueNumeric="1"/>
            <column name="CONTEXT"/>
            <column name="CODE" value="CC"/>
        </insert>
        <insert tableName="T_PUB_PERMISSION">
            <column name="ID" valueNumeric="4"/>
            <column name="NAME" value="Agent Maintain"/>
            <column name="DESCRIPTION" value="Agent Maintain"/>
            <column name="PARENT_NAME" value="SA"/>
            <column name="TYPE" valueNumeric="1"/>
            <column name="CONTEXT"/>
            <column name="CODE" value="SA01"/>
        </insert>
        <insert tableName="T_PUB_PERMISSION">
            <column name="ID" valueNumeric="5"/>
            <column name="NAME" value="Commission Maintain"/>
            <column name="DESCRIPTION" value="Commission Maintain"/>
            <column name="PARENT_NAME" value="SA"/>
            <column name="TYPE" valueNumeric="1"/>
            <column name="CONTEXT"/>
            <column name="CODE" value="SA02"/>
        </insert>
        <insert tableName="T_PUB_PERMISSION">
            <column name="ID" valueNumeric="6"/>
            <column name="NAME" value="User Maintain"/>
            <column name="DESCRIPTION" value="User Maintain"/>
            <column name="PARENT_NAME" value="SA"/>
            <column name="TYPE" valueNumeric="1"/>
            <column name="CONTEXT"/>
            <column name="CODE" value="SA03"/>
        </insert>
        <insert tableName="T_PUB_PERMISSION">
            <column name="ID" valueNumeric="7"/>
            <column name="NAME" value="Role Maintain"/>
            <column name="DESCRIPTION" value="Role Maintain"/>
            <column name="PARENT_NAME" value="SA"/>
            <column name="TYPE" valueNumeric="1"/>
            <column name="CONTEXT"/>
            <column name="CODE" value="SA04"/>
        </insert>
        <insert tableName="T_PUB_PERMISSION">
            <column name="ID" valueNumeric="8"/>
            <column name="NAME" value="Vehicle Maintain"/>
            <column name="DESCRIPTION" value="Vehicle Maintain"/>
            <column name="PARENT_NAME" value="SA"/>
            <column name="TYPE" valueNumeric="1"/>
            <column name="CONTEXT"/>
            <column name="CODE" value="SA05"/>
        </insert>
        <insert tableName="T_PUB_PERMISSION">
            <column name="ID" valueNumeric="9"/>
            <column name="NAME" value="Worklist"/>
            <column name="DESCRIPTION" value="Worklist"/>
            <column name="PARENT_NAME" value="OP"/>
            <column name="TYPE" valueNumeric="1"/>
            <column name="CONTEXT"/>
            <column name="CODE" value="OP01"/>
        </insert>
        <insert tableName="T_PUB_PERMISSION">
            <column name="ID" valueNumeric="10"/>
            <column name="NAME" value="Watchlist"/>
            <column name="DESCRIPTION" value="Watchlist"/>
            <column name="PARENT_NAME" value="OP"/>
            <column name="TYPE" valueNumeric="1"/>
            <column name="CONTEXT"/>
            <column name="CODE" value="OP02"/>
        </insert>
        <insert tableName="T_PUB_PERMISSION">
            <column name="ID" valueNumeric="11"/>
            <column name="NAME" value="Query"/>
            <column name="DESCRIPTION" value="Query"/>
            <column name="PARENT_NAME" value="OP"/>
            <column name="TYPE" valueNumeric="1"/>
            <column name="CONTEXT"/>
            <column name="CODE" value="OP03"/>
        </insert>
        <insert tableName="T_PUB_PERMISSION">
            <column name="ID" valueNumeric="12"/>
            <column name="NAME" value="Output"/>
            <column name="DESCRIPTION" value="Output"/>
            <column name="PARENT_NAME" value="OP"/>
            <column name="TYPE" valueNumeric="1"/>
            <column name="CONTEXT"/>
            <column name="CODE" value="OP04"/>
        </insert>
        <insert tableName="T_PUB_PERMISSION">
            <column name="ID" valueNumeric="13"/>
            <column name="NAME" value="Change Password"/>
            <column name="DESCRIPTION" value="Change Password"/>
            <column name="PARENT_NAME" value="OP"/>
            <column name="TYPE" valueNumeric="1"/>
            <column name="CONTEXT"/>
            <column name="CODE" value="OP05"/>
        </insert>
        <insert tableName="T_PUB_PERMISSION">
            <column name="ID" valueNumeric="14"/>
            <column name="NAME" value="Import Product"/>
            <column name="DESCRIPTION" value="Import Product"/>
            <column name="PARENT_NAME" value="CC"/>
            <column name="TYPE" valueNumeric="1"/>
            <column name="CONTEXT"/>
            <column name="CODE" value="CC01"/>
        </insert>
        <insert tableName="T_PUB_PERMISSION">
            <column name="ID" valueNumeric="15"/>
            <column name="NAME" value="View Product"/>
            <column name="DESCRIPTION" value="View Product"/>
            <column name="PARENT_NAME" value="CC"/>
            <column name="TYPE" valueNumeric="1"/>
            <column name="CONTEXT"/>
            <column name="CODE" value="CC02"/>
        </insert>
        <insert tableName="T_PUB_PERMISSION">
            <column name="ID" valueNumeric="16"/>
            <column name="NAME" value="Release Product"/>
            <column name="DESCRIPTION" value="Release Product"/>
            <column name="PARENT_NAME" value="CC"/>
            <column name="TYPE" valueNumeric="1"/>
            <column name="CONTEXT"/>
            <column name="CODE" value="CC03"/>
        </insert>
        <insert tableName="T_PUB_PERMISSION">
            <column name="ID" valueNumeric="17"/>
            <column name="NAME" value="Modify Product"/>
            <column name="DESCRIPTION" value="Modify Product"/>
            <column name="PARENT_NAME" value="CC"/>
            <column name="TYPE" valueNumeric="1"/>
            <column name="CONTEXT"/>
            <column name="CODE" value="CC04"/>
        </insert>
        <insert tableName="T_PUB_PERMISSION">
            <column name="ID" valueNumeric="18"/>
            <column name="NAME" value="Import Rating File"/>
            <column name="DESCRIPTION" value="Import Rating File"/>
            <column name="PARENT_NAME" value="CC"/>
            <column name="TYPE" valueNumeric="1"/>
            <column name="CONTEXT"/>
            <column name="CODE" value="CC05"/>
        </insert>
        <insert tableName="T_PUB_PERMISSION">
            <column name="ID" valueNumeric="19"/>
            <column name="NAME" value="Maintain Rating Formula"/>
            <column name="DESCRIPTION" value="Maintain Rating Formula"/>
            <column name="PARENT_NAME" value="CC"/>
            <column name="TYPE" valueNumeric="1"/>
            <column name="CONTEXT"/>
            <column name="CODE" value="CC06"/>
        </insert>
        <insert tableName="T_PUB_PERMISSION">
            <column name="ID" valueNumeric="20"/>
            <column name="NAME" value="Rating Tracking"/>
            <column name="DESCRIPTION" value="Rating Tracking"/>
            <column name="PARENT_NAME" value="CC"/>
            <column name="TYPE" valueNumeric="1"/>
            <column name="CONTEXT"/>
            <column name="CODE" value="CC07"/>
        </insert>
        <insert tableName="T_PUB_PERMISSION">
            <column name="ID" valueNumeric="21"/>
            <column name="NAME" value="Rating Table"/>
            <column name="DESCRIPTION" value="Rating Table"/>
            <column name="PARENT_NAME" value="CC"/>
            <column name="TYPE" valueNumeric="1"/>
            <column name="CONTEXT"/>
            <column name="CODE" value="CC08"/>
        </insert>
        <insert tableName="T_PUB_PERMISSION">
            <column name="ID" valueNumeric="22"/>
            <column name="NAME" value="Maintain Event"/>
            <column name="DESCRIPTION" value="Maintain Event"/>
            <column name="PARENT_NAME" value="CC"/>
            <column name="TYPE" valueNumeric="1"/>
            <column name="CONTEXT"/>
            <column name="CODE" value="CC09"/>
        </insert>
        <insert tableName="T_PUB_PERMISSION">
            <column name="ID" valueNumeric="23"/>
            <column name="NAME" value="Maintain Rule"/>
            <column name="DESCRIPTION" value="Maintain Rule"/>
            <column name="PARENT_NAME" value="CC"/>
            <column name="TYPE" valueNumeric="1"/>
            <column name="CONTEXT"/>
            <column name="CODE" value="CC10"/>
        </insert>
        <insert tableName="T_PUB_PERMISSION">
            <column name="ID" valueNumeric="24"/>
            <column name="NAME" value="Maintain ACORD"/>
            <column name="DESCRIPTION" value="Maintain ACORD"/>
            <column name="PARENT_NAME" value="CC"/>
            <column name="TYPE" valueNumeric="1"/>
            <column name="CONTEXT"/>
            <column name="CODE" value="CC11"/>
        </insert>
        <insert tableName="T_PUB_PERMISSION">
            <column name="ID" valueNumeric="25"/>
            <column name="NAME" value="Import(ACORD)"/>
            <column name="DESCRIPTION" value="Import(ACORD)"/>
            <column name="PARENT_NAME" value="CC"/>
            <column name="TYPE" valueNumeric="1"/>
            <column name="CONTEXT"/>
            <column name="CODE" value="CC12"/>
        </insert>
        <insert tableName="T_PUB_PERMISSION">
            <column name="ID" valueNumeric="26"/>
            <column name="NAME" value="Test convert(ACORD)"/>
            <column name="DESCRIPTION" value="Test convert(ACORD)"/>
            <column name="PARENT_NAME" value="CC"/>
            <column name="TYPE" valueNumeric="1"/>
            <column name="CONTEXT"/>
            <column name="CODE" value="CC13"/>
        </insert>
        <insert tableName="T_PUB_PERMISSION">
            <column name="ID" valueNumeric="27"/>
            <column name="NAME" value="Data dictionary"/>
            <column name="DESCRIPTION" value="Data dictionary"/>
            <column name="PARENT_NAME" value="CC"/>
            <column name="TYPE" valueNumeric="1"/>
            <column name="CONTEXT"/>
            <column name="CODE" value="CC14"/>
        </insert>
        <insert tableName="T_PUB_PERMISSION">
            <column name="ID" valueNumeric="28"/>
            <column name="NAME" value="Data table maintian"/>
            <column name="DESCRIPTION" value="Data table maintian"/>
            <column name="PARENT_NAME" value="CC"/>
            <column name="TYPE" valueNumeric="1"/>
            <column name="CONTEXT"/>
            <column name="CODE" value="CC15"/>
        </insert>
        <insert tableName="T_PUB_PERMISSION">
            <column name="ID" valueNumeric="29"/>
            <column name="NAME" value="Product Authority"/>
            <column name="DESCRIPTION" value="Product Authority"/>
            <column name="PARENT_NAME"/>
            <column name="TYPE" valueNumeric="2"/>
            <column name="CONTEXT"/>
            <column name="CODE" value="PA"/>
        </insert>
        <insert tableName="T_PUB_PERMISSION">
            <column name="ID" valueNumeric="30"/>
            <column name="NAME" value="Sales Authority"/>
            <column name="DESCRIPTION" value="Sales Authority"/>
            <column name="PARENT_NAME"/>
            <column name="TYPE" valueNumeric="2"/>
            <column name="CONTEXT"/>
            <column name="CODE" value="SA"/>
        </insert>
        <insert tableName="T_PUB_PERMISSION">
            <column name="ID" valueNumeric="31"/>
            <column name="NAME" value="Override On the Commission amount"/>
            <column name="DESCRIPTION" value="Override On the Commission amount"/>
            <column name="PARENT_NAME"/>
            <column name="TYPE" valueNumeric="2"/>
            <column name="CONTEXT"/>
            <column name="CODE" value="OOCA"/>
        </insert>
        <insert tableName="T_PUB_PERMISSION">
            <column name="ID" valueNumeric="32"/>
            <column name="NAME" value="Contracts'All Risks"/>
            <column name="DESCRIPTION" value="Contracts'All Risks"/>
            <column name="PARENT_NAME" value="PA"/>
            <column name="TYPE" valueNumeric="2"/>
            <column name="CONTEXT"/>
            <column name="CODE" value="CAR"/>
        </insert>
        <insert tableName="T_PUB_PERMISSION">
            <column name="ID" valueNumeric="33"/>
            <column name="NAME" value="Private Car"/>
            <column name="DESCRIPTION" value="Private Car"/>
            <column name="PARENT_NAME" value="PA"/>
            <column name="TYPE" valueNumeric="2"/>
            <column name="CONTEXT"/>
            <column name="CODE" value="PC"/>
        </insert>
        <insert tableName="T_PUB_PERMISSION">
            <column name="ID" valueNumeric="34"/>
            <column name="NAME" value="Commercial Vehicle"/>
            <column name="DESCRIPTION" value="Commercial Vehicle"/>
            <column name="PARENT_NAME" value="PA"/>
            <column name="TYPE" valueNumeric="2"/>
            <column name="CONTEXT"/>
            <column name="CODE" value="CV"/>
        </insert>
        <insert tableName="T_PUB_PERMISSION">
            <column name="ID" valueNumeric="35"/>
            <column name="NAME" value="Net Premium: 999999"/>
            <column name="DESCRIPTION" value="Net Premium: 999999"/>
            <column name="PARENT_NAME" value="SA"/>
            <column name="TYPE" valueNumeric="2"/>
            <column name="CONTEXT" value="999999"/>
            <column name="CODE" value="NP01"/>
        </insert>
        <insert tableName="T_PUB_PERMISSION">
            <column name="ID" valueNumeric="36"/>
            <column name="NAME" value="Net Premium: 9999999"/>
            <column name="DESCRIPTION" value="Net Premium: 9999999"/>
            <column name="PARENT_NAME" value="SA"/>
            <column name="TYPE" valueNumeric="2"/>
            <column name="CONTEXT" value="9999999"/>
            <column name="CODE" value="NP02"/>
        </insert>
        <insert tableName="T_PUB_PERMISSION">
            <column name="ID" valueNumeric="37"/>
            <column name="NAME" value="Net Premium: 9999999999"/>
            <column name="DESCRIPTION" value="Net Premium: 9999999999"/>
            <column name="PARENT_NAME" value="SA"/>
            <column name="TYPE" valueNumeric="2"/>
            <column name="CONTEXT" value="9999999999"/>
            <column name="CODE" value="NP03"/>
        </insert>
        <insert tableName="T_PUB_PERMISSION">
            <column name="ID" valueNumeric="38"/>
            <column name="NAME" value="Net Premium: 99999999999"/>
            <column name="DESCRIPTION" value="Net Premium: 99999999999"/>
            <column name="PARENT_NAME" value="SA"/>
            <column name="TYPE" valueNumeric="2"/>
            <column name="CONTEXT" value="99999999999"/>
            <column name="CODE" value="NP04"/>
        </insert>
        <insert tableName="T_PUB_PERMISSION">
            <column name="ID" valueNumeric="39"/>
            <column name="NAME" value="Increase Commission amount"/>
            <column name="DESCRIPTION" value="Increase Commission amount"/>
            <column name="PARENT_NAME" value="OOCA"/>
            <column name="TYPE" valueNumeric="2"/>
            <column name="CONTEXT"/>
            <column name="CODE" value="ICA"/>
        </insert>
        <insert tableName="T_PUB_PERMISSION">
            <column name="ID" valueNumeric="40"/>
            <column name="NAME" value="Decrease Commission amount"/>
            <column name="DESCRIPTION" value="Decrease Commission amount"/>
            <column name="PARENT_NAME" value="OOCA"/>
            <column name="TYPE" valueNumeric="2"/>
            <column name="CONTEXT"/>
            <column name="CODE" value="DCA"/>
        </insert>
    </changeSet>
    <changeSet author="alpha.wang (generated)" id="1454314892933-3">           
        <insert tableName="T_PUB_ROLE">
            <column name="ROLE_ID" valueNumeric="988124"/>
            <column name="ROLE_TYPE"/>
            <column name="DESCRIPTION" value="SystemAdmin"/>
            <column name="NAME" value="Role05"/>
            <column name="INSERT_BY" valueNumeric="-11"/>
            <column name="UPDATE_BY" valueNumeric="-11"/>
            <column name="INSERT_TIME" valueDate="2016-01-18 21:35:18.731"/>
            <column name="UPDATE_TIME" valueDate="2016-01-18 21:35:18.731"/>
            <column name="ORG_ID" valueNumeric="1"/>
        </insert>        
    </changeSet>       
    <changeSet author="alpha.wang (generated)" id="1454314892933-4">    
        <insert tableName="T_PUB_ROLE_PERMISSION">
            <column name="ID" valueNumeric="1"/>
            <column name="ROLE_ID" valueNumeric="988124"/>
            
            <column name="INSERT_BY" valueNumeric="-11"/>
            <column name="UPDATE_BY" valueNumeric="-11"/>
            <column name="INSERT_TIME" valueDate="2015-12-29 00:00:00.0"/>
            <column name="UPDATE_TIME" valueDate="2015-12-29 00:00:00.0"/>
            <column name="PERMISSION_TYPE" valueNumeric="1" />
            <column name="PERMISSION_CODE" value="SA"/>
        </insert>
        <insert tableName="T_PUB_ROLE_PERMISSION">
            <column name="ID" valueNumeric="2"/>
            <column name="ROLE_ID" valueNumeric="988124"/>
            
            <column name="INSERT_BY" valueNumeric="-11"/>
            <column name="UPDATE_BY" valueNumeric="-11"/>
            <column name="INSERT_TIME" valueDate="2015-12-29 00:00:00.0"/>
            <column name="UPDATE_TIME" valueDate="2015-12-29 00:00:00.0"/>
            <column name="PERMISSION_TYPE" valueNumeric="1" />
            <column name="PERMISSION_CODE" value="SA01"/>
        </insert>
        <insert tableName="T_PUB_ROLE_PERMISSION">
            <column name="ID" valueNumeric="3"/>
            <column name="ROLE_ID" valueNumeric="988124"/>
            
            <column name="INSERT_BY" valueNumeric="-11"/>
            <column name="UPDATE_BY" valueNumeric="-11"/>
            <column name="INSERT_TIME" valueDate="2015-12-29 00:00:00.0"/>
            <column name="UPDATE_TIME" valueDate="2015-12-29 00:00:00.0"/>
            <column name="PERMISSION_TYPE" valueNumeric="1" />
            <column name="PERMISSION_CODE" value="SA02"/>
        </insert>
        <insert tableName="T_PUB_ROLE_PERMISSION">
            <column name="ID" valueNumeric="4"/>
            <column name="ROLE_ID" valueNumeric="988124"/>
            
            <column name="INSERT_BY" valueNumeric="-11"/>
            <column name="UPDATE_BY" valueNumeric="-11"/>
            <column name="INSERT_TIME" valueDate="2015-12-29 00:00:00.0"/>
            <column name="UPDATE_TIME" valueDate="2015-12-29 00:00:00.0"/>
            <column name="PERMISSION_TYPE" valueNumeric="1" />
            <column name="PERMISSION_CODE" value="SA03"/>
        </insert>
        <insert tableName="T_PUB_ROLE_PERMISSION">
            <column name="ID" valueNumeric="5"/>
            <column name="ROLE_ID" valueNumeric="988124"/>
            
            <column name="INSERT_BY" valueNumeric="-11"/>
            <column name="UPDATE_BY" valueNumeric="-11"/>
            <column name="INSERT_TIME" valueDate="2015-12-29 00:00:00.0"/>
            <column name="UPDATE_TIME" valueDate="2015-12-29 00:00:00.0"/>
            <column name="PERMISSION_TYPE" valueNumeric="1" />
            <column name="PERMISSION_CODE" value="SA04"/>
        </insert>
        <insert tableName="T_PUB_ROLE_PERMISSION">
            <column name="ID" valueNumeric="6"/>
            <column name="ROLE_ID" valueNumeric="988124"/>
            
            <column name="INSERT_BY" valueNumeric="-11"/>
            <column name="UPDATE_BY" valueNumeric="-11"/>
            <column name="INSERT_TIME" valueDate="2015-12-29 00:00:00.0"/>
            <column name="UPDATE_TIME" valueDate="2015-12-29 00:00:00.0"/>
            <column name="PERMISSION_TYPE" valueNumeric="1" />
            <column name="PERMISSION_CODE" value="SA05"/>
        </insert>
        <insert tableName="T_PUB_ROLE_PERMISSION">
            <column name="ID" valueNumeric="7"/>
            <column name="ROLE_ID" valueNumeric="988124"/>
            
            <column name="INSERT_BY" valueNumeric="-11"/>
            <column name="UPDATE_BY" valueNumeric="-11"/>
            <column name="INSERT_TIME" valueDate="2015-12-29 00:00:00.0"/>
            <column name="UPDATE_TIME" valueDate="2015-12-29 00:00:00.0"/>
            <column name="PERMISSION_TYPE" valueNumeric="1" />
            <column name="PERMISSION_CODE" value="OP"/>
        </insert>
        <insert tableName="T_PUB_ROLE_PERMISSION">
            <column name="ID" valueNumeric="8"/>
            <column name="ROLE_ID" valueNumeric="988124"/>
            
            <column name="INSERT_BY" valueNumeric="-11"/>
            <column name="UPDATE_BY" valueNumeric="-11"/>
            <column name="INSERT_TIME" valueDate="2015-12-29 00:00:00.0"/>
            <column name="UPDATE_TIME" valueDate="2015-12-29 00:00:00.0"/>
            <column name="PERMISSION_TYPE" valueNumeric="1" />
            <column name="PERMISSION_CODE" value="OP01"/>
        </insert>
        <insert tableName="T_PUB_ROLE_PERMISSION">
            <column name="ID" valueNumeric="9"/>
            <column name="ROLE_ID" valueNumeric="988124"/>
            
            <column name="INSERT_BY" valueNumeric="-11"/>
            <column name="UPDATE_BY" valueNumeric="-11"/>
            <column name="INSERT_TIME" valueDate="2015-12-29 00:00:00.0"/>
            <column name="UPDATE_TIME" valueDate="2015-12-29 00:00:00.0"/>
            <column name="PERMISSION_TYPE" valueNumeric="1" />
            <column name="PERMISSION_CODE" value="OP02"/>
        </insert>
        <insert tableName="T_PUB_ROLE_PERMISSION">
            <column name="ID" valueNumeric="10"/>
            <column name="ROLE_ID" valueNumeric="988124"/>
            
            <column name="INSERT_BY" valueNumeric="-11"/>
            <column name="UPDATE_BY" valueNumeric="-11"/>
            <column name="INSERT_TIME" valueDate="2015-12-29 00:00:00.0"/>
            <column name="UPDATE_TIME" valueDate="2015-12-29 00:00:00.0"/>
            <column name="PERMISSION_TYPE" valueNumeric="1" />
            <column name="PERMISSION_CODE" value="OP03"/>
        </insert>
        <insert tableName="T_PUB_ROLE_PERMISSION">
            <column name="ID" valueNumeric="11"/>
            <column name="ROLE_ID" valueNumeric="988124"/>
            
            <column name="INSERT_BY" valueNumeric="-11"/>
            <column name="UPDATE_BY" valueNumeric="-11"/>
            <column name="INSERT_TIME" valueDate="2015-12-29 00:00:00.0"/>
            <column name="UPDATE_TIME" valueDate="2015-12-29 00:00:00.0"/>
            <column name="PERMISSION_TYPE" valueNumeric="1" />
            <column name="PERMISSION_CODE" value="OP04"/>
        </insert>
        <insert tableName="T_PUB_ROLE_PERMISSION">
            <column name="ID" valueNumeric="12"/>
            <column name="ROLE_ID" valueNumeric="988124"/>
            
            <column name="INSERT_BY" valueNumeric="-11"/>
            <column name="UPDATE_BY" valueNumeric="-11"/>
            <column name="INSERT_TIME" valueDate="2015-12-29 00:00:00.0"/>
            <column name="UPDATE_TIME" valueDate="2015-12-29 00:00:00.0"/>
            <column name="PERMISSION_TYPE" valueNumeric="1" />
            <column name="PERMISSION_CODE" value="OP05"/>
        </insert>
        <insert tableName="T_PUB_ROLE_PERMISSION">
            <column name="ID" valueNumeric="13"/>
            <column name="ROLE_ID" valueNumeric="988124"/>
            
            <column name="INSERT_BY" valueNumeric="-11"/>
            <column name="UPDATE_BY" valueNumeric="-11"/>
            <column name="INSERT_TIME" valueDate="2015-12-29 00:00:00.0"/>
            <column name="UPDATE_TIME" valueDate="2015-12-29 00:00:00.0"/>
            <column name="PERMISSION_TYPE" valueNumeric="1" />
            <column name="PERMISSION_CODE" value="CC"/>
        </insert>
        <insert tableName="T_PUB_ROLE_PERMISSION">
            <column name="ID" valueNumeric="14"/>
            <column name="ROLE_ID" valueNumeric="988124"/>
            
            <column name="INSERT_BY" valueNumeric="-11"/>
            <column name="UPDATE_BY" valueNumeric="-11"/>
            <column name="INSERT_TIME" valueDate="2015-12-29 00:00:00.0"/>
            <column name="UPDATE_TIME" valueDate="2015-12-29 00:00:00.0"/>
            <column name="PERMISSION_TYPE" valueNumeric="1" />
            <column name="PERMISSION_CODE" value="CC01"/>
        </insert>
        <insert tableName="T_PUB_ROLE_PERMISSION">
            <column name="ID" valueNumeric="15"/>
            <column name="ROLE_ID" valueNumeric="988124"/>
            
            <column name="INSERT_BY" valueNumeric="-11"/>
            <column name="UPDATE_BY" valueNumeric="-11"/>
            <column name="INSERT_TIME" valueDate="2015-12-29 00:00:00.0"/>
            <column name="UPDATE_TIME" valueDate="2015-12-29 00:00:00.0"/>
            <column name="PERMISSION_TYPE" valueNumeric="1" />
            <column name="PERMISSION_CODE" value="CC02"/>
        </insert>
        <insert tableName="T_PUB_ROLE_PERMISSION">
            <column name="ID" valueNumeric="16"/>
            <column name="ROLE_ID" valueNumeric="988124"/>
            
            <column name="INSERT_BY" valueNumeric="-11"/>
            <column name="UPDATE_BY" valueNumeric="-11"/>
            <column name="INSERT_TIME" valueDate="2015-12-29 00:00:00.0"/>
            <column name="UPDATE_TIME" valueDate="2015-12-29 00:00:00.0"/>
            <column name="PERMISSION_TYPE" valueNumeric="1" />
            <column name="PERMISSION_CODE" value="CC03"/>
        </insert>
        <insert tableName="T_PUB_ROLE_PERMISSION">
            <column name="ID" valueNumeric="17"/>
            <column name="ROLE_ID" valueNumeric="988124"/>
            
            <column name="INSERT_BY" valueNumeric="-11"/>
            <column name="UPDATE_BY" valueNumeric="-11"/>
            <column name="INSERT_TIME" valueDate="2015-12-29 00:00:00.0"/>
            <column name="UPDATE_TIME" valueDate="2015-12-29 00:00:00.0"/>
            <column name="PERMISSION_TYPE" valueNumeric="1" />
            <column name="PERMISSION_CODE" value="CC04"/>
        </insert>
        <insert tableName="T_PUB_ROLE_PERMISSION">
            <column name="ID" valueNumeric="18"/>
            <column name="ROLE_ID" valueNumeric="988124"/>
            
            <column name="INSERT_BY" valueNumeric="-11"/>
            <column name="UPDATE_BY" valueNumeric="-11"/>
            <column name="INSERT_TIME" valueDate="2015-12-29 00:00:00.0"/>
            <column name="UPDATE_TIME" valueDate="2015-12-29 00:00:00.0"/>
            <column name="PERMISSION_TYPE" valueNumeric="1" />
            <column name="PERMISSION_CODE" value="CC05"/>
        </insert>
        <insert tableName="T_PUB_ROLE_PERMISSION">
            <column name="ID" valueNumeric="19"/>
            <column name="ROLE_ID" valueNumeric="988124"/>
            
            <column name="INSERT_BY" valueNumeric="-11"/>
            <column name="UPDATE_BY" valueNumeric="-11"/>
            <column name="INSERT_TIME" valueDate="2015-12-29 00:00:00.0"/>
            <column name="UPDATE_TIME" valueDate="2015-12-29 00:00:00.0"/>
            <column name="PERMISSION_TYPE" valueNumeric="1" />
            <column name="PERMISSION_CODE" value="CC06"/>
        </insert>
        <insert tableName="T_PUB_ROLE_PERMISSION">
            <column name="ID" valueNumeric="20"/>
            <column name="ROLE_ID" valueNumeric="988124"/>
            
            <column name="INSERT_BY" valueNumeric="-11"/>
            <column name="UPDATE_BY" valueNumeric="-11"/>
            <column name="INSERT_TIME" valueDate="2015-12-29 00:00:00.0"/>
            <column name="UPDATE_TIME" valueDate="2015-12-29 00:00:00.0"/>
            <column name="PERMISSION_TYPE" valueNumeric="1" />
            <column name="PERMISSION_CODE" value="CC07"/>
        </insert>
        <insert tableName="T_PUB_ROLE_PERMISSION">
            <column name="ID" valueNumeric="21"/>
            <column name="ROLE_ID" valueNumeric="988124"/>
            
            <column name="INSERT_BY" valueNumeric="-11"/>
            <column name="UPDATE_BY" valueNumeric="-11"/>
            <column name="INSERT_TIME" valueDate="2015-12-29 00:00:00.0"/>
            <column name="UPDATE_TIME" valueDate="2015-12-29 00:00:00.0"/>
            <column name="PERMISSION_TYPE" valueNumeric="1" />
            <column name="PERMISSION_CODE" value="CC08"/>
        </insert>
        <insert tableName="T_PUB_ROLE_PERMISSION">
            <column name="ID" valueNumeric="22"/>
            <column name="ROLE_ID" valueNumeric="988124"/>
            
            <column name="INSERT_BY" valueNumeric="-11"/>
            <column name="UPDATE_BY" valueNumeric="-11"/>
            <column name="INSERT_TIME" valueDate="2015-12-29 00:00:00.0"/>
            <column name="UPDATE_TIME" valueDate="2015-12-29 00:00:00.0"/>
            <column name="PERMISSION_TYPE" valueNumeric="1" />
            <column name="PERMISSION_CODE" value="CC09"/>
        </insert>
        <insert tableName="T_PUB_ROLE_PERMISSION">
            <column name="ID" valueNumeric="23"/>
            <column name="ROLE_ID" valueNumeric="988124"/>
            
            <column name="INSERT_BY" valueNumeric="-11"/>
            <column name="UPDATE_BY" valueNumeric="-11"/>
            <column name="INSERT_TIME" valueDate="2015-12-29 00:00:00.0"/>
            <column name="UPDATE_TIME" valueDate="2015-12-29 00:00:00.0"/>
            <column name="PERMISSION_TYPE" valueNumeric="1" />
            <column name="PERMISSION_CODE" value="CC10"/>
        </insert>
        <insert tableName="T_PUB_ROLE_PERMISSION">
            <column name="ID" valueNumeric="24"/>
            <column name="ROLE_ID" valueNumeric="988124"/>
            
            <column name="INSERT_BY" valueNumeric="-11"/>
            <column name="UPDATE_BY" valueNumeric="-11"/>
            <column name="INSERT_TIME" valueDate="2015-12-29 00:00:00.0"/>
            <column name="UPDATE_TIME" valueDate="2015-12-29 00:00:00.0"/>
            <column name="PERMISSION_TYPE" valueNumeric="1" />
            <column name="PERMISSION_CODE" value="CC11"/>
        </insert>
        <insert tableName="T_PUB_ROLE_PERMISSION">
            <column name="ID" valueNumeric="25"/>
            <column name="ROLE_ID" valueNumeric="988124"/>
            
            <column name="INSERT_BY" valueNumeric="-11"/>
            <column name="UPDATE_BY" valueNumeric="-11"/>
            <column name="INSERT_TIME" valueDate="2015-12-29 00:00:00.0"/>
            <column name="UPDATE_TIME" valueDate="2015-12-29 00:00:00.0"/>
            <column name="PERMISSION_TYPE" valueNumeric="1" />
            <column name="PERMISSION_CODE" value="CC12"/>
        </insert>
        <insert tableName="T_PUB_ROLE_PERMISSION">
            <column name="ID" valueNumeric="26"/>
            <column name="ROLE_ID" valueNumeric="988124"/>
            
            <column name="INSERT_BY" valueNumeric="-11"/>
            <column name="UPDATE_BY" valueNumeric="-11"/>
            <column name="INSERT_TIME" valueDate="2015-12-29 00:00:00.0"/>
            <column name="UPDATE_TIME" valueDate="2015-12-29 00:00:00.0"/>
            <column name="PERMISSION_TYPE" valueNumeric="1" />
            <column name="PERMISSION_CODE" value="CC13"/>
        </insert>
        <insert tableName="T_PUB_ROLE_PERMISSION">
            <column name="ID" valueNumeric="27"/>
            <column name="ROLE_ID" valueNumeric="988124"/>
            
            <column name="INSERT_BY" valueNumeric="-11"/>
            <column name="UPDATE_BY" valueNumeric="-11"/>
            <column name="INSERT_TIME" valueDate="2015-12-29 00:00:00.0"/>
            <column name="UPDATE_TIME" valueDate="2015-12-29 00:00:00.0"/>
            <column name="PERMISSION_TYPE" valueNumeric="1" />
            <column name="PERMISSION_CODE" value="CC14"/>
        </insert>
        <insert tableName="T_PUB_ROLE_PERMISSION">
            <column name="ID" valueNumeric="28"/>
            <column name="ROLE_ID" valueNumeric="988124"/>
            
            <column name="INSERT_BY" valueNumeric="-11"/>
            <column name="UPDATE_BY" valueNumeric="-11"/>
            <column name="INSERT_TIME" valueDate="2015-12-29 00:00:00.0"/>
            <column name="UPDATE_TIME" valueDate="2015-12-29 00:00:00.0"/>
            <column name="PERMISSION_TYPE" valueNumeric="1" />
            <column name="PERMISSION_CODE" value="CC15"/>
        </insert>
        <insert tableName="T_PUB_ROLE_PERMISSION">
            <column name="ID" valueNumeric="29"/>
            <column name="ROLE_ID" valueNumeric="988124"/>
            
            <column name="INSERT_BY" valueNumeric="-11"/>
            <column name="UPDATE_BY" valueNumeric="-11"/>
            <column name="INSERT_TIME" valueDate="2015-12-29 00:00:00.0"/>
            <column name="UPDATE_TIME" valueDate="2015-12-29 00:00:00.0"/>
            <column name="PERMISSION_TYPE" valueNumeric="1" />
            <column name="PERMISSION_CODE" value="PA"/>
        </insert>
        <insert tableName="T_PUB_ROLE_PERMISSION">
            <column name="ID" valueNumeric="30"/>
            <column name="ROLE_ID" valueNumeric="988124"/>
            
            <column name="INSERT_BY" valueNumeric="-11"/>
            <column name="UPDATE_BY" valueNumeric="-11"/>
            <column name="INSERT_TIME" valueDate="2015-12-29 00:00:00.0"/>
            <column name="UPDATE_TIME" valueDate="2015-12-29 00:00:00.0"/>
            <column name="PERMISSION_TYPE" valueNumeric="1" />
            <column name="PERMISSION_CODE" value="CAR"/>
        </insert>
        <insert tableName="T_PUB_ROLE_PERMISSION">
            <column name="ID" valueNumeric="31"/>
            <column name="ROLE_ID" valueNumeric="988124"/>
            
            <column name="INSERT_BY" valueNumeric="-11"/>
            <column name="UPDATE_BY" valueNumeric="-11"/>
            <column name="INSERT_TIME" valueDate="2015-12-29 00:00:00.0"/>
            <column name="UPDATE_TIME" valueDate="2015-12-29 00:00:00.0"/>
            <column name="PERMISSION_TYPE" valueNumeric="1" />
            <column name="PERMISSION_CODE" value="PC"/>
        </insert>
        <insert tableName="T_PUB_ROLE_PERMISSION">
            <column name="ID" valueNumeric="32"/>
            <column name="ROLE_ID" valueNumeric="988124"/>
            
            <column name="INSERT_BY" valueNumeric="-11"/>
            <column name="UPDATE_BY" valueNumeric="-11"/>
            <column name="INSERT_TIME" valueDate="2015-12-29 00:00:00.0"/>
            <column name="UPDATE_TIME" valueDate="2015-12-29 00:00:00.0"/>
            <column name="PERMISSION_TYPE" valueNumeric="1" />
            <column name="PERMISSION_CODE" value="CV"/>
        </insert>
        <insert tableName="T_PUB_ROLE_PERMISSION">
            <column name="ID" valueNumeric="33"/>
            <column name="ROLE_ID" valueNumeric="988124"/>
            
            <column name="INSERT_BY" valueNumeric="-11"/>
            <column name="UPDATE_BY" valueNumeric="-11"/>
            <column name="INSERT_TIME" valueDate="2015-12-29 00:00:00.0"/>
            <column name="UPDATE_TIME" valueDate="2015-12-29 00:00:00.0"/>
            <column name="PERMISSION_TYPE" valueNumeric="1" />
            <column name="PERMISSION_CODE" value="SA"/>
        </insert>
        <insert tableName="T_PUB_ROLE_PERMISSION">
            <column name="ID" valueNumeric="34"/>
            <column name="ROLE_ID" valueNumeric="988124"/>
            
            <column name="INSERT_BY" valueNumeric="-11"/>
            <column name="UPDATE_BY" valueNumeric="-11"/>
            <column name="INSERT_TIME" valueDate="2015-12-29 00:00:00.0"/>
            <column name="UPDATE_TIME" valueDate="2015-12-29 00:00:00.0"/>
            <column name="PERMISSION_TYPE" valueNumeric="1" />
            <column name="PERMISSION_CODE" value="NP04"/>
        </insert>
        <insert tableName="T_PUB_ROLE_PERMISSION">
            <column name="ID" valueNumeric="35"/>
            <column name="ROLE_ID" valueNumeric="988124"/>
            
            <column name="INSERT_BY" valueNumeric="-11"/>
            <column name="UPDATE_BY" valueNumeric="-11"/>
            <column name="INSERT_TIME" valueDate="2015-12-29 00:00:00.0"/>
            <column name="UPDATE_TIME" valueDate="2015-12-29 00:00:00.0"/>
            <column name="PERMISSION_TYPE" valueNumeric="1" />
            <column name="PERMISSION_CODE" value="OOCA"/>
        </insert>
        <insert tableName="T_PUB_ROLE_PERMISSION">
            <column name="ID" valueNumeric="36"/>
            <column name="ROLE_ID" valueNumeric="988124"/>
            
            <column name="INSERT_BY" valueNumeric="-11"/>
            <column name="UPDATE_BY" valueNumeric="-11"/>
            <column name="INSERT_TIME" valueDate="2015-12-29 00:00:00.0"/>
            <column name="UPDATE_TIME" valueDate="2015-12-29 00:00:00.0"/>
            <column name="PERMISSION_TYPE" valueNumeric="1" />
            <column name="PERMISSION_CODE" value="ICA"/>
        </insert>
        <insert tableName="T_PUB_ROLE_PERMISSION">
            <column name="ID" valueNumeric="37"/>
            <column name="ROLE_ID" valueNumeric="988124"/>
            
            <column name="INSERT_BY" valueNumeric="-11"/>
            <column name="UPDATE_BY" valueNumeric="-11"/>
            <column name="INSERT_TIME" valueDate="2015-12-29 00:00:00.0"/>
            <column name="UPDATE_TIME" valueDate="2015-12-29 00:00:00.0"/>
            <column name="PERMISSION_TYPE" valueNumeric="1" />
            <column name="PERMISSION_CODE" value="DCA"/>
        </insert>
	</changeSet>
    <changeSet author="alpha.wang (generated)" id="1454314892933-5">	
	        <insert tableName="T_PUB_USER">
            <column name="USER_ID" valueNumeric="17312387"/>
            <column name="ORG_ID" valueNumeric="1"/>
            <column name="PASSWORD" value="98249d5d8fbbad0df48bde683f3ba8103f74ceaf3b176c0a42f6868a8fb5f7ad4068bb267334a20f4d3fee940c08fac36e91e483c123f3699e469637d092889a"/>
            <column name="REAL_NAME" value="ADMIN"/>
            <column name="CREATE_DATE" valueDate="2016-01-12 18:02:44.0"/>
            <column name="USER_NAME" value="ADMIN"/>
            <column name="PASSWORD_CHANGE" valueDate="2016-01-12 18:02:44.0"/>
            <column name="NEED_CHANGE_PASS"/>
            <column name="DEFAULT_LANG" value="zh_CN"/>
            <column name="USER_DISABLE" value="N"/>
            <column name="DISABLE_CAUSE"/>
            <column name="INVALID_LOGIN" valueNumeric="0"/>
            <column name="LATEST_IP"/>
            <column name="LATEST_IP_OLD"/>
            <column name="LATEST_LOGIN_TIME"/>
            <column name="LATEST_LOGIN_OLD"/>
            <column name="LATEST_LOGOUT_TIME"/>
            <column name="LATEST_ACCESS_TIME"/>
            <column name="USER_TYPE" valueNumeric="1"/>
            <column name="PARTY_ID"/>
            <column name="PARTY_ROLE"/>
            <column name="DEPT_ID"/>
            <column name="EMAIL" value="mengying.guo@ebaotech.com"/>
            <column name="DISABLE_DATE"/>
            <column name="CUSTOMER_ID"/>
            <column name="ID_CARD"/>
            <column name="ACTIVATE_PASSWORD"/>
            <column name="USER_ON_LEAVE" value="N"/>
            <column name="DISABLE_CAUSE_DETAIL"/>
            <column name="INSERT_BY" valueNumeric="-11"/>
            <column name="UPDATE_BY" valueNumeric="-11"/>
            <column name="INSERT_TIME" valueDate="2016-01-12 18:02:44.567"/>
            <column name="UPDATE_TIME" valueDate="2016-01-14 15:51:13.288"/>
            <column name="DYNAMIC_FIELDS"/>
            <column name="MOBILE" value="123321123"/>
            <column name="ORGAN_ID"/>
            <column name="DEFAULT_LANGUAGE"/>
            <column name="CODE"/>
            <column name="STATUS" value="Y"/>
            <column name="ON_LEAVE_FLAG"/>
            <column name="REGISTER_CODE"/>
            <column name="REGISTER_EXPIRE_DATE"/>
        </insert>
	</changeSet>	
    <changeSet author="alpha.wang (generated)" id="1454314892933-6">
        <insert tableName="T_PUB_USER_ROLE">
            <column name="ID" valueNumeric="1068984"/>
            <column name="USER_ID" valueNumeric="17312387"/>
            <column name="ROLE_ID" valueNumeric="988124"/>
            <column name="INSERT_BY" valueNumeric="-11"/>
            <column name="UPDATE_BY" valueNumeric="-11"/>
            <column name="INSERT_TIME" valueDate="2016-01-12 14:52:03.0"/>
            <column name="UPDATE_TIME" valueDate="2016-01-12 14:52:03.0"/>
        </insert>
    </changeSet>
</databaseChangeLog>
