<?xml version="1.0" encoding="UTF-8" standalone="no"?>
<databaseChangeLog xmlns="http://www.liquibase.org/xml/ns/dbchangelog" 
		xmlns:ext="http://www.liquibase.org/xml/ns/dbchangelog-ext" 
		xmlns:xsi="http://www.w3.org/2001/XMLSchema-instance" 
		xsi:schemaLocation="http://www.liquibase.org/xml/ns/dbchangelog-ext http://www.liquibase.org/xml/ns/dbchangelog/dbchangelog-ext.xsd http://www.liquibase.org/xml/ns/dbchangelog http://www.liquibase.org/xml/ns/dbchangelog/dbchangelog-3.3.xsd">
    <changeSet author="shawn.yang" id="t_pub_permission_type_001">
        <insert tableName="T_PUB_PERMISSION_TYPE">
            <column name="ID" valueNumeric="1"/>
            <column name="NAME" value="Menu Authority"/>
            <column name="TYPE" value="1"/>
            <column name="UPDATE_TIME" valueDate="2016-01-07 11:49:56.0"/>
            <column name="INSERT_TIME" valueDate="2016-01-07 11:49:56.0"/>
            <column name="UPDATE_BY" valueNumeric="66"/>
            <column name="INSERT_BY" valueNumeric="66"/>
        </insert>
     </changeSet>
     
     <changeSet author="shawn.yang" id="t_pub_permission_type_002">
        <insert tableName="T_PUB_PERMISSION_TYPE">
           <column name="ID" valueNumeric="2"/>
            <column name="NAME" value="Product Data Authority"/>
            <column name="TYPE" value="2"/>
            <column name="UPDATE_TIME" valueDate="2016-01-07 11:49:56.0"/>
            <column name="INSERT_TIME" valueDate="2016-01-07 11:49:56.0"/>
            <column name="UPDATE_BY" valueNumeric="66"/>
            <column name="INSERT_BY" valueNumeric="66"/>
        </insert>
    </changeSet>
    
    <changeSet author="shawn.yang" id="t_pub_permission_type_003">
        <insert tableName="T_PUB_PERMISSION_TYPE">
           <column name="ID" valueNumeric="3"/>
            <column name="NAME" value="Common Data Authority"/>
            <column name="TYPE" value="3"/>
            <column name="UPDATE_TIME" valueDate="2016-01-07 11:49:56.0"/>
            <column name="INSERT_TIME" valueDate="2016-01-07 11:49:56.0"/>
            <column name="UPDATE_BY" valueNumeric="66"/>
            <column name="INSERT_BY" valueNumeric="66"/>
        </insert>
    </changeSet>    
</databaseChangeLog>
