ID,NAME,CODE,description,parent_code,TYPE
50,Product Authority,Product Authority,Product Authority,,2
51,Sales Authority,Sales Authority,Sales Authority,,2
52,Override On the Commission amount,Override On the Commission amount,Override On the Commission amount,,2
53,Contracts'All Risks,Contracts'All Risks,Contracts'All Risks,Product Authority,2
55,New Business Quote,PUB_AUTH_0001,New Business Quote,Contracts'All Risks,2
56,New Business Quote Bound,PUB_AUTH_0002,New Business Quote Bound,Contracts'All Risks,2
57,New Business Issued,PUB_AUTH_0003,New Business Issued,Contracts'All Risks,2
58,Private Car,Private Car,Private Car,Product Authority,2
59,New Business Quote,PUB_AUTH_0004,New Business Quote,Private Car,2
60,New Business Quote Bound,PUB_AUTH_0005,New Business Quote Bound,Private Car,2
61,New Business Issued,PUB_AUTH_0006,New Business Issued,Private Car,2
62,Commercial Vehicle,Commercial Vehicle,Commercial Vehicle,Product Authority,2
63,New Business Quote,PUB_AUTH_0007,New Business Quote,Commercial Vehicle,2
64,New Business Quote Bound,PUB_AUTH_0008,New Business Quote Bound,Commercial Vehicle,2
65,New Business Issued,PUB_AUTH_0009,New Business Issued,Commercial Vehicle,2
70,CAR: Net Premium,CAR: Net Premium,CAR: Net Premium,Sales Authority,2
71,PC: Estamated Value,PC: Estamated Value,PC: Estamated Value,Sales Authority,2
72,PC:Net Premium,PC:Net Premium,PC:Net Premium,Sales Authority,2
73,CV:Estimated Value,CV:Estimated Value,CV:Estimated Value,Sales Authority,2
74,CV:Net Premium,CV:Net Premium,CV:Net Premium,Sales Authority,2
75,Increase Commission amount,Increase Commission amount,Increase Commission amount,Override On the Commission amount,2
76,Decrease Commission amount,Decrease Commission amount,Decrease Commission amount,Override On the Commission amount,2
