ID,NAME,CODE,description,parent_code,TYPE
1,System Admin menu,System Admin menu,System Admin menu,,1
2,Operational menu,Operational menu,Operational menu,,1
3,Configuration Center Menu,Configuration Center Menu,Configuration Center Menu,,1
4,Agent Maintain,Agent Maintain,Agent Maintain,System Admin menu,1
5,Commission Maintain,Commission Maintain,Commission Maintain,System Admin menu,1
6,User Maintain,User Maintain,User Maintain,System Admin menu,1
7,Role Maintain,Role Maintain,Role Maintain,System Admin menu,1
8,Vehicle Maintain,Role Maintain,Role Maintain,System Admin menu,1
9,Worklist,Worklist,Worklist,Operational menu,1
10,Watchlist,Watchlist,Watchlist,Operational menu,1
11,Query,Query,Query,Operational menu,1
12,Output,Output,Output,Operational menu,1
13,Change Password,Change Password,Change Password,Operational menu,1
14,Import Product,Import Product,Import Product,Configuration Center Menu,1
15,View Product,View Product,View Product,Configuration Center Menu,1
16,Release Product,Release Product,Release Product,Configuration Center Menu,1
17,Modify Product,Modify Product,Modify Product,Configuration Center Menu,1
18,Import Rating File,Import Rating File,Import Rating File,Configuration Center Menu,1
19,Maintain Rating Formula,Maintain Rating Formula,Maintain Rating Formula,Configuration Center Menu,1
20,Rating Tracking,Rating Tracking,Rating Tracking,Configuration Center Menu,1
21,Rating Table,Rating Table,Rating Table,Configuration Center Menu,1
22,Maintain Event,Maintain Event,Maintain Event,Configuration Center Menu,1
23,Maintain Rule,Maintain Rule,Maintain Rule,Configuration Center Menu,1
24,Maintain ACORD,Maintain ACORD,Maintain ACORD,Configuration Center Menu,1
25,Data dictionary,Data dictionary,Data dictionary,Configuration Center Menu,1
