<?xml version="1.0" encoding="UTF-8" standalone="no"?>
<databaseChangeLog xmlns="http://www.liquibase.org/xml/ns/dbchangelog"
	xmlns:ext="http://www.liquibase.org/xml/ns/dbchangelog-ext" xmlns:xsi="http://www.w3.org/2001/XMLSchema-instance"
	xsi:schemaLocation="http://www.liquibase.org/xml/ns/dbchangelog-ext http://www.liquibase.org/xml/ns/dbchangelog/dbchangelog-ext.xsd http://www.liquibase.org/xml/ns/dbchangelog http://www.liquibase.org/xml/ns/dbchangelog/dbchangelog-3.3.xsd">
 
    <changeSet author="generated" id="2016050916_T_RI_ACCT_REVALUATE_DETAIL">
       <addColumn tableName="T_RI_ACCT_REVALUATE_DETAIL">     
            <column name="CONTRACT_CODE" type="VARCHAR2(50)"/>
        </addColumn>
      </changeSet>
      
      <changeSet author="generated" id="2016050919_T_RI_ACCT_EXCEL_REVALUATE">
       <addColumn tableName="T_RI_ACCT_EXCEL_REVALUATE">     
            <column name="CONTRACT_CODE" type="VARCHAR2(50)"/>
        </addColumn>
      </changeSet>
      
	
</databaseChangeLog>