<?xml version="1.0" encoding="UTF-8" standalone="no"?>
<databaseChangeLog xmlns="http://www.liquibase.org/xml/ns/dbchangelog" xmlns:ext="http://www.liquibase.org/xml/ns/dbchangelog-ext" xmlns:xsi="http://www.w3.org/2001/XMLSchema-instance" xsi:schemaLocation="http://www.liquibase.org/xml/ns/dbchangelog-ext http://www.liquibase.org/xml/ns/dbchangelog/dbchangelog-ext.xsd http://www.liquibase.org/xml/ns/dbchangelog http://www.liquibase.org/xml/ns/dbchangelog/dbchangelog-3.3.xsd">
    <changeSet author="generated" id="201604051601_ARAP_DDL">
    	<addColumn tableName="T_RI_GL_SUB_LEDGER">
        <column name="GL_MAPPING_ENTRY_ID" remarks="GL account mapping entry instance id" type="number(22)"/>
    	</addColumn>
    </changeSet>
    <changeSet author="generated" id="T_RI_GL_MAPPING_ENTRY">
        <createTable tableName="T_RI_GL_MAPPING_ENTRY">
            <column name="GL_MAPPING_ENTRY_ID" type="NUMBER(22, 0)">
                <constraints nullable="false"/>
            </column>
            <column name="INSERT_BY" type="NUMBER(19, 0)"/>
            <column name="INSERT_TIME" type="date"/>
            <column name="UPDATE_BY" type="NUMBER(19, 0)"/>
            <column name="UPDATE_TIME" type="date"/>
        </createTable>
    </changeSet>
</databaseChangeLog>
