<?xml version="1.0" encoding="UTF-8" standalone="no"?>
<databaseChangeLog xmlns="http://www.liquibase.org/xml/ns/dbchangelog" xmlns:ext="http://www.liquibase.org/xml/ns/dbchangelog-ext" xmlns:xsi="http://www.w3.org/2001/XMLSchema-instance" xsi:schemaLocation="http://www.liquibase.org/xml/ns/dbchangelog-ext http://www.liquibase.org/xml/ns/dbchangelog/dbchangelog-ext.xsd http://www.liquibase.org/xml/ns/dbchangelog http://www.liquibase.org/xml/ns/dbchangelog/dbchangelog-3.3.xsd">
    <changeSet author="jason.shi (generated)" id="1451444298323-1">
        <createTable tableName="T_FEE_CONFIG">
            <column name="FEE_TYPE_ID" type="NUMBER(10, 0)">
                <constraints nullable="false"/>
            </column>
            <column name="FEE_CATE" type="NUMBER(10, 0)"/>
            <column name="FEE_DESC" type="VARCHAR2(255)"/>
            <column name="FEE_NAME" type="VARCHAR2(255)">
                <constraints nullable="false"/>
            </column>
            <column name="COMMISSION_FEE" type="NUMBER(1, 0)"/>
            <column name="NEED_POST" type="NUMBER(1, 0)"/>
        </createTable>
    </changeSet>
    <changeSet author="jason.shi (generated)" id="1451444298323-2">
        <createTable tableName="T_FEE_TYPE_CATEGORY">
            <column name="CATEGORY_ID" type="NUMBER(10, 0)">
                <constraints nullable="false"/>
            </column>
            <column name="CATEGORY_NAME" type="VARCHAR2(500)"/>
            <column defaultValueComputed="-11" name="INSERT_BY" remarks="User Id who insert this record" type="NUMBER(10, 0)">
                <constraints nullable="false"/>
            </column>
            <column defaultValueComputed="-11" name="UPDATE_BY" remarks="User Id who update this record" type="NUMBER(10, 0)">
                <constraints nullable="false"/>
            </column>
            <column defaultValueComputed="CURRENT_TIMESTAMP" name="INSERT_TIME" remarks="Record Insert Time" type="datetime">
                <constraints nullable="false"/>
            </column>
            <column defaultValueComputed="CURRENT_TIMESTAMP" name="UPDATE_TIME" remarks="Record Update Time" type="datetime">
                <constraints nullable="false"/>
            </column>
            <column name="RECORD_USAGE" remarks="Record usage for definition data,ref T_PUB_RECORD_USAGE" type="NUMBER(1, 0)"/>
        </createTable>
    </changeSet>
    <changeSet author="jason.shi (generated)" id="1451444298323-3">
        <createTable tableName="T_FEE_TYPE_DEFINITION">
            <column name="FEE_TYPE_ID" type="NUMBER(10, 0)">
                <constraints nullable="false"/>
            </column>
            <column name="FEE_TYPE_CATEGORY_ID" type="NUMBER(10, 0)"/>
            <column name="FEE_TYPE_NAME" type="VARCHAR2(500)"/>
            <column name="FEE_TYPE_DESCRIPTION" type="VARCHAR2(1000)"/>
            <column defaultValueComputed="-11" name="INSERT_BY" remarks="User Id who insert this record" type="NUMBER(10, 0)">
                <constraints nullable="false"/>
            </column>
            <column defaultValueComputed="-11" name="UPDATE_BY" remarks="User Id who update this record" type="NUMBER(10, 0)">
                <constraints nullable="false"/>
            </column>
            <column defaultValueComputed="CURRENT_TIMESTAMP" name="INSERT_TIME" remarks="Record Insert Time" type="datetime">
                <constraints nullable="false"/>
            </column>
            <column defaultValueComputed="CURRENT_TIMESTAMP" name="UPDATE_TIME" remarks="Record Update Time" type="datetime">
                <constraints nullable="false"/>
            </column>
            <column name="RECORD_USAGE" remarks="Record usage for definition data,ref T_PUB_RECORD_USAGE" type="NUMBER(1, 0)"/>
        </createTable>
    </changeSet>
    <changeSet author="jason.shi (generated)" id="1451444298323-4">
        <createTable tableName="T_FEE_TYPE_TRANS">
            <column name="TRANS_ID" type="NUMBER(10, 0)">
                <constraints nullable="false"/>
            </column>
            <column name="TRANS_CODE" type="VARCHAR2(100)"/>
            <column name="TRANS_NAME" type="VARCHAR2(500)"/>
            <column defaultValueComputed="-11" name="INSERT_BY" remarks="User Id who insert this record" type="NUMBER(10, 0)">
                <constraints nullable="false"/>
            </column>
            <column defaultValueComputed="-11" name="UPDATE_BY" remarks="User Id who update this record" type="NUMBER(10, 0)">
                <constraints nullable="false"/>
            </column>
            <column defaultValueComputed="CURRENT_TIMESTAMP" name="INSERT_TIME" remarks="Record Insert Time" type="datetime">
                <constraints nullable="false"/>
            </column>
            <column defaultValueComputed="CURRENT_TIMESTAMP" name="UPDATE_TIME" remarks="Record Update Time" type="datetime">
                <constraints nullable="false"/>
            </column>
            <column name="RECORD_USAGE" remarks="Record usage for definition data,ref T_PUB_RECORD_USAGE" type="NUMBER(1, 0)"/>
        </createTable>
    </changeSet>
    <changeSet author="jason.shi (generated)" id="1451444298323-5">
        <createTable tableName="T_FEE_TYPE_TRANS_MAPPING">
            <column name="MAPPING_ID" type="NUMBER(10, 0)"/>
            <column name="FEE_TYPE_ID" type="NUMBER(10, 0)"/>
            <column name="FEE_TYPE_TRANS_ID" type="NUMBER(10, 0)"/>
            <column name="APPLICABLE_LEVEL" type="VARCHAR2(400)"/>
            <column name="APPLICABLE_CONDITION" type="VARCHAR2(4000)"/>
            <column defaultValue="N" name="NEED_POST_GL" type="CHAR(1)"/>
            <column defaultValue="N" name="NEED_POST_FN" type="CHAR(1)"/>
            <column defaultValue="N" name="INSTALLMENT_INDICATOR" type="CHAR(1)"/>
            <column defaultValueComputed="-11" name="INSERT_BY" remarks="User Id who insert this record" type="NUMBER(10, 0)">
                <constraints nullable="false"/>
            </column>
            <column defaultValueComputed="-11" name="UPDATE_BY" remarks="User Id who update this record" type="NUMBER(10, 0)">
                <constraints nullable="false"/>
            </column>
            <column defaultValueComputed="CURRENT_TIMESTAMP" name="INSERT_TIME" remarks="Record Insert Time" type="datetime">
                <constraints nullable="false"/>
            </column>
            <column defaultValueComputed="CURRENT_TIMESTAMP" name="UPDATE_TIME" remarks="Record Update Time" type="datetime">
                <constraints nullable="false"/>
            </column>
            <column name="RECORD_USAGE" remarks="Record usage for definition data,ref T_PUB_RECORD_USAGE" type="NUMBER(1, 0)"/>
        </createTable>
    </changeSet>
    <changeSet author="jason.shi (generated)" id="1451444298323-6">
        <createTable tableName="T_RT_CONTEXT">
            <column name="CONTEXT_ID_" type="NUMBER(10, 0)">
                <constraints nullable="false"/>
            </column>
            <column name="CONTEXT_DEFINITION_ID_" type="NUMBER(10, 0)">
                <constraints nullable="false"/>
            </column>
            <column name="DESCRIPTION_" type="VARCHAR2(500)"/>
            <column name="NAME_" type="VARCHAR2(100)"/>
            <column name="CONTENT_" type="CLOB"/>
            <column defaultValueComputed="-11" name="INSERT_BY" remarks="Insert user id" type="NUMBER(10, 0)">
                <constraints nullable="false"/>
            </column>
            <column defaultValueComputed="-11" name="UPDATE_BY" remarks="Latest update user id" type="NUMBER(10, 0)">
                <constraints nullable="false"/>
            </column>
            <column defaultValueComputed="CURRENT_TIMESTAMP" name="INSERT_TIME" remarks="Record insert time" type="datetime">
                <constraints nullable="false"/>
            </column>
            <column defaultValueComputed="CURRENT_TIMESTAMP" name="UPDATE_TIME" remarks="Record update time" type="datetime">
                <constraints nullable="false"/>
            </column>
            <column name="CONTEXT_PARAMS" type="VARCHAR2(4000)"/>
            <column name="RECORD_USAGE" remarks="Record usage for definition data,ref T_PUB_RECORD_USAGE" type="NUMBER(1, 0)"/>
        </createTable>
    </changeSet>
    <changeSet author="jason.shi (generated)" id="1451444298323-7">
        <createTable tableName="T_RT_CONTEXT_DEFINITION">
            <column name="CONTEXT_DEFINITION_ID_" type="NUMBER(10, 0)">
                <constraints nullable="false"/>
            </column>
            <column name="NAME_" type="VARCHAR2(100)">
                <constraints nullable="false"/>
            </column>
            <column name="CODE_" type="VARCHAR2(50)">
                <constraints nullable="false"/>
            </column>
            <column name="DESCRIPTION_" type="VARCHAR2(500)"/>
            <column defaultValueComputed="-11" name="INSERT_BY" remarks="Insert user id" type="NUMBER(10, 0)">
                <constraints nullable="false"/>
            </column>
            <column defaultValueComputed="-11" name="UPDATE_BY" remarks="Latest update user id" type="NUMBER(10, 0)">
                <constraints nullable="false"/>
            </column>
            <column defaultValueComputed="CURRENT_TIMESTAMP" name="INSERT_TIME" remarks="Record insert time" type="datetime">
                <constraints nullable="false"/>
            </column>
            <column defaultValueComputed="CURRENT_TIMESTAMP" name="UPDATE_TIME" remarks="Record update time" type="datetime">
                <constraints nullable="false"/>
            </column>
            <column name="MATCH_FIELDS" type="VARCHAR2(4000)"/>
            <column name="MODEL_CALCULATION_STATUSES" type="VARCHAR2(4000)"/>
            <column name="RECORD_USAGE" remarks="Record usage for definition data,ref T_PUB_RECORD_USAGE" type="NUMBER(1, 0)"/>
            <column name="TRACKING_FIELDS" type="VARCHAR2(4000)"/>
        </createTable>
    </changeSet>
    <changeSet author="jason.shi (generated)" id="1451444298323-8">
        <createTable tableName="T_RT_FORMULA">
            <column name="FORMULA_ID_" type="NUMBER(10, 0)">
                <constraints nullable="false"/>
            </column>
            <column name="CONTENT_" type="CLOB"/>
            <column name="NAME_" type="VARCHAR2(100)">
                <constraints nullable="false"/>
            </column>
            <column name="STEP_ID_" type="NUMBER(10, 0)"/>
            <column name="DESCRIPTION_" type="VARCHAR2(4000)"/>
            <column defaultValueComputed="-11" name="INSERT_BY" remarks="Insert user id" type="NUMBER(10, 0)">
                <constraints nullable="false"/>
            </column>
            <column defaultValueComputed="-11" name="UPDATE_BY" remarks="Latest update user id" type="NUMBER(10, 0)">
                <constraints nullable="false"/>
            </column>
            <column defaultValueComputed="CURRENT_TIMESTAMP" name="INSERT_TIME" remarks="Record insert time" type="datetime">
                <constraints nullable="false"/>
            </column>
            <column defaultValueComputed="CURRENT_TIMESTAMP" name="UPDATE_TIME" remarks="Record update time" type="datetime">
                <constraints nullable="false"/>
            </column>
            <column name="RECORD_USAGE" remarks="Record usage for definition data,ref T_PUB_RECORD_USAGE" type="NUMBER(1, 0)"/>
        </createTable>
    </changeSet>
    <changeSet author="jason.shi (generated)" id="1451444298323-9">
        <createTable tableName="T_RT_RATETABLE_DATA">
            <column name="DATA_ID" type="NUMBER(19, 0)">
                <constraints nullable="false"/>
            </column>
            <column name="CONDITION_XML0" type="VARCHAR2(255)"/>
            <column name="CONDITION_XML1" type="VARCHAR2(255)"/>
            <column name="CONDITION_XML2" type="VARCHAR2(255)"/>
            <column name="CONDITION_XML3" type="VARCHAR2(255)"/>
            <column name="CONDITION_XML4" type="VARCHAR2(255)"/>
            <column name="CONDITION_XML5" type="VARCHAR2(255)"/>
            <column name="RATETABLE_DEF_ID" type="NUMBER(19, 0)"/>
            <column name="RESULT_XML0" type="VARCHAR2(255)"/>
            <column name="RESULT_XML1" type="VARCHAR2(255)"/>
            <column name="RESULT_XML2" type="VARCHAR2(255)"/>
            <column name="RESULT_XML3" type="VARCHAR2(255)"/>
            <column name="RESULT_XML4" type="VARCHAR2(255)"/>
            <column name="RESULT_XML5" type="VARCHAR2(255)"/>
            <column defaultValueComputed="-11" name="INSERT_BY" remarks="Insert user id" type="NUMBER(10, 0)">
                <constraints nullable="false"/>
            </column>
            <column defaultValueComputed="-11" name="UPDATE_BY" remarks="Latest update user id" type="NUMBER(10, 0)">
                <constraints nullable="false"/>
            </column>
            <column defaultValueComputed="CURRENT_TIMESTAMP" name="INSERT_TIME" remarks="Record insert time" type="datetime">
                <constraints nullable="false"/>
            </column>
            <column defaultValueComputed="CURRENT_TIMESTAMP" name="UPDATE_TIME" remarks="Record update time" type="datetime">
                <constraints nullable="false"/>
            </column>
            <column name="RECORD_USAGE" remarks="Record usage for definition data,ref T_PUB_RECORD_USAGE" type="NUMBER(1, 0)"/>
        </createTable>
    </changeSet>
    <changeSet author="jason.shi (generated)" id="1451444298323-10">
        <createTable tableName="T_RT_RATETABLE_DEF">
            <column name="RATETABLE_CODE" type="VARCHAR2(255)">
                <constraints nullable="false"/>
            </column>
            <column name="RATETABLE_NAME" type="VARCHAR2(255)"/>
            <column name="STRUCT_XML" type="CLOB"/>
            <column name="RATETABLE_CATEGORY" type="VARCHAR2(255)"/>
            <column name="PRODUCT_ID" type="NUMBER(10, 0)"/>
            <column name="DEF_ID" type="NUMBER(10, 0)">
                <constraints nullable="false"/>
            </column>
            <column name="INSERT_BY" remarks="Insert user id" type="NUMBER(10, 0)">
                <constraints nullable="false"/>
            </column>
            <column name="UPDATE_BY" remarks="Latest update user id" type="NUMBER(10, 0)">
                <constraints nullable="false"/>
            </column>
            <column name="INSERT_TIME" remarks="Record insert time" type="datetime">
                <constraints nullable="false"/>
            </column>
            <column name="UPDATE_TIME" remarks="Record update time" type="datetime">
                <constraints nullable="false"/>
            </column>
            <column name="RECORD_USAGE" remarks="Record usage for definition data,ref T_PUB_RECORD_USAGE" type="NUMBER(1, 0)"/>
        </createTable>
    </changeSet>
    <changeSet author="jason.shi (generated)" id="1451444298323-11">
        <createTable tableName="T_RT_TERM_CALCULATION">
            <column name="CALC_ID_" type="NUMBER(10, 0)">
                <constraints nullable="false"/>
            </column>
            <column name="MODEL_NAME_" type="VARCHAR2(100)"/>
            <column name="FILTER_EXPRESSION_" type="VARCHAR2(500)"/>
            <column name="NAME_" type="VARCHAR2(100)">
                <constraints nullable="false"/>
            </column>
            <column name="DESCRIPTION_" type="VARCHAR2(2000)"/>
            <column defaultValueNumeric="0" name="ACCUMULATION_" type="NUMBER(1, 0)"/>
            <column defaultValueNumeric="0" name="FORK_" type="NUMBER(1, 0)"/>
            <column name="BE_DEPENDENT_CALC_ID_" type="NUMBER(10, 0)"/>
            <column name="DEPENDENT_FIELDS_" type="VARCHAR2(2000)"/>
            <column name="CONTEXT_ID_" type="NUMBER(10, 0)"/>
            <column name="TERM_ID_" type="NUMBER(10, 0)"/>
            <column name="CODE_" type="VARCHAR2(100)"/>
            <column name="INJECTED_CONTEXT_" type="VARCHAR2(100)"/>
            <column name="X_PATH_" type="VARCHAR2(500)"/>
            <column name="REFERENCE_ACCUMULATION_" type="VARCHAR2(500)"/>
            <column defaultValueComputed="-11" name="INSERT_BY" remarks="Insert user id" type="NUMBER(10, 0)">
                <constraints nullable="false"/>
            </column>
            <column defaultValueComputed="-11" name="UPDATE_BY" remarks="Latest update user id" type="NUMBER(10, 0)">
                <constraints nullable="false"/>
            </column>
            <column defaultValueComputed="CURRENT_TIMESTAMP" name="INSERT_TIME" remarks="Record insert time" type="datetime">
                <constraints nullable="false"/>
            </column>
            <column defaultValueComputed="CURRENT_TIMESTAMP" name="UPDATE_TIME" remarks="Record update time" type="datetime">
                <constraints nullable="false"/>
            </column>
            <column name="RECORD_USAGE" remarks="Record usage for definition data,ref T_PUB_RECORD_USAGE" type="NUMBER(1, 0)"/>
        </createTable>
    </changeSet>
    <changeSet author="jason.shi (generated)" id="1451444298323-12">
        <createTable tableName="T_RT_TERM_CALCULATION_LINK">
            <column name="LINK_ID_" type="NUMBER(10, 0)">
                <constraints nullable="false"/>
            </column>
            <column name="CALC_ID_" type="NUMBER(10, 0)"/>
            <column name="LINKED_CALC_ID_" type="NUMBER(10, 0)"/>
            <column defaultValueComputed="-11" name="INSERT_BY" remarks="Insert user id" type="NUMBER(10, 0)">
                <constraints nullable="false"/>
            </column>
            <column defaultValueComputed="-11" name="UPDATE_BY" remarks="Latest update user id" type="NUMBER(10, 0)">
                <constraints nullable="false"/>
            </column>
            <column defaultValueComputed="CURRENT_TIMESTAMP" name="INSERT_TIME" remarks="Record insert time" type="datetime">
                <constraints nullable="false"/>
            </column>
            <column defaultValueComputed="CURRENT_TIMESTAMP" name="UPDATE_TIME" remarks="Record update time" type="datetime">
                <constraints nullable="false"/>
            </column>
            <column name="RECORD_USAGE" remarks="Record usage for definition data,ref T_PUB_RECORD_USAGE" type="NUMBER(1, 0)"/>
        </createTable>
    </changeSet>
    <changeSet author="jason.shi (generated)" id="1451444298323-13">
        <createTable remarks="T_RT_TERM_CALC_PARAM" tableName="T_RT_TERM_CALC_PARAM">
            <column name="PARAM_ID_" type="NUMBER(10, 0)">
                <constraints nullable="false"/>
            </column>
            <column name="CALC_ID_" type="NUMBER(10, 0)">
                <constraints nullable="false"/>
            </column>
            <column name="PARAM_NAME_" type="VARCHAR2(100)">
                <constraints nullable="false"/>
            </column>
            <column name="MODEL_NAME_" type="VARCHAR2(100)">
                <constraints nullable="false"/>
            </column>
            <column name="CODE_" type="VARCHAR2(50)"/>
            <column name="DESCRIPTION_" type="VARCHAR2(2000)"/>
            <column name="POLICY_VERSION_" type="VARCHAR2(100)"/>
            <column name="INJECTED_CONTEXT_" type="VARCHAR2(100)"/>
            <column defaultValueComputed="-11" name="INSERT_BY" remarks="Insert user id" type="NUMBER(10, 0)">
                <constraints nullable="false"/>
            </column>
            <column defaultValueComputed="-11" name="UPDATE_BY" remarks="Latest update user id" type="NUMBER(10, 0)">
                <constraints nullable="false"/>
            </column>
            <column defaultValueComputed="CURRENT_TIMESTAMP" name="INSERT_TIME" remarks="Record insert time" type="datetime">
                <constraints nullable="false"/>
            </column>
            <column defaultValueComputed="CURRENT_TIMESTAMP" name="UPDATE_TIME" remarks="Record update time" type="datetime">
                <constraints nullable="false"/>
            </column>
            <column name="RECORD_USAGE" remarks="Record usage for definition data,ref T_PUB_RECORD_USAGE" type="NUMBER(1, 0)"/>
        </createTable>
    </changeSet>
    <changeSet author="jason.shi (generated)" id="1451444298323-14">
        <createTable tableName="T_RT_TERM_CALC_STEP">
            <column name="STEP_ID_" type="NUMBER(10, 0)">
                <constraints nullable="false"/>
            </column>
            <column name="CALC_ID_" type="NUMBER(10, 0)">
                <constraints nullable="false"/>
            </column>
            <column name="SEQUENCE_" type="NUMBER(5, 0)">
                <constraints nullable="false"/>
            </column>
            <column name="NAME_" type="VARCHAR2(100)">
                <constraints nullable="false"/>
            </column>
            <column name="DESCRIPTION_" type="VARCHAR2(500)"/>
            <column defaultValueNumeric="0" name="IN_RATING_WORKSHEET_" type="NUMBER(1, 0)"/>
            <column name="TERM_ID_" type="NUMBER(10, 0)"/>
            <column name="X_PATH_" type="VARCHAR2(500)"/>
            <column defaultValueComputed="-11" name="INSERT_BY" remarks="Insert user id" type="NUMBER(10, 0)">
                <constraints nullable="false"/>
            </column>
            <column defaultValueComputed="-11" name="UPDATE_BY" remarks="Latest update user id" type="NUMBER(10, 0)">
                <constraints nullable="false"/>
            </column>
            <column defaultValueComputed="CURRENT_TIMESTAMP" name="INSERT_TIME" remarks="Record insert time" type="datetime">
                <constraints nullable="false"/>
            </column>
            <column defaultValueComputed="CURRENT_TIMESTAMP" name="UPDATE_TIME" remarks="Record update time" type="datetime">
                <constraints nullable="false"/>
            </column>
            <column name="RECORD_USAGE" remarks="Record usage for definition data,ref T_PUB_RECORD_USAGE" type="NUMBER(1, 0)"/>
        </createTable>
    </changeSet>
    <changeSet author="jason.shi (generated)" id="1451444298323-15">
        <createTable tableName="T_RT_TERM_CALC_STEP_PARAM">
            <column name="PARAM_ID_" type="NUMBER(10, 0)">
                <constraints nullable="false"/>
            </column>
            <column name="STEP_ID_" type="NUMBER(10, 0)">
                <constraints nullable="false"/>
            </column>
            <column name="PARAM_NAME_" type="VARCHAR2(100)">
                <constraints nullable="false"/>
            </column>
            <column name="BINDING_VALUE_" type="VARCHAR2(200)"/>
            <column name="IN_OUT_" type="NUMBER(5, 0)"/>
            <column name="BINDING_VARIABLE_" type="VARCHAR2(200)"/>
            <column name="MODEL_NAME_" type="VARCHAR2(500)"/>
            <column defaultValueComputed="-11" name="INSERT_BY" remarks="Insert user id" type="NUMBER(10, 0)">
                <constraints nullable="false"/>
            </column>
            <column defaultValueComputed="-11" name="UPDATE_BY" remarks="Latest update user id" type="NUMBER(10, 0)">
                <constraints nullable="false"/>
            </column>
            <column defaultValueComputed="CURRENT_TIMESTAMP" name="INSERT_TIME" remarks="Record insert time" type="datetime">
                <constraints nullable="false"/>
            </column>
            <column defaultValueComputed="CURRENT_TIMESTAMP" name="UPDATE_TIME" remarks="Record update time" type="datetime">
                <constraints nullable="false"/>
            </column>
            <column name="RECORD_USAGE" remarks="Record usage for definition data,ref T_PUB_RECORD_USAGE" type="NUMBER(1, 0)"/>
        </createTable>
    </changeSet>
    <changeSet author="jason.shi (generated)" id="1451444298323-16">
        <createTable tableName="T_RT_TERM_DEFINITION">
            <column name="TERM_ID_" type="NUMBER(10, 0)">
                <constraints nullable="false"/>
            </column>
            <column name="NAME_" type="VARCHAR2(100)">
                <constraints nullable="false"/>
            </column>
            <column name="CODE_" type="VARCHAR2(50)">
                <constraints nullable="false"/>
            </column>
            <column name="DESCRIPTION_" type="VARCHAR2(500)"/>
            <column defaultValueComputed="-11" name="INSERT_BY" remarks="Insert user id" type="NUMBER(10, 0)">
                <constraints nullable="false"/>
            </column>
            <column defaultValueComputed="-11" name="UPDATE_BY" remarks="Latest update user id" type="NUMBER(10, 0)">
                <constraints nullable="false"/>
            </column>
            <column defaultValueComputed="CURRENT_TIMESTAMP" name="INSERT_TIME" remarks="Record insert time" type="datetime">
                <constraints nullable="false"/>
            </column>
            <column defaultValueComputed="CURRENT_TIMESTAMP" name="UPDATE_TIME" remarks="Record update time" type="datetime">
                <constraints nullable="false"/>
            </column>
            <column name="RECORD_USAGE" remarks="Record usage for definition data,ref T_PUB_RECORD_USAGE" type="NUMBER(1, 0)"/>
        </createTable>
    </changeSet>
    <changeSet author="jason.shi (generated)" id="1451444298323-17">
        <createTable tableName="T_RT_TRACKING">
            <column name="TRACKING_ID" type="NUMBER(10, 0)">
                <constraints nullable="false"/>
            </column>
            <column name="TRACKING_CONTENT" type="CLOB"/>
            <column name="TRACKING_TIME" type="TIMESTAMP(6)"/>
            <column name="OPERATOR_ID" type="NUMBER(10, 0)"/>
            <column name="STATUS" type="VARCHAR2(1)"/>
            <column name="CALCULATION_LEVEL" type="VARCHAR2(200)"/>
            <column name="CONTEXT_DEFINITION_ID" type="NUMBER(10, 0)"/>
            <column name="CONTEXT_VALUES" type="VARCHAR2(4000)"/>
            <column defaultValueComputed="-11" name="INSERT_BY" remarks="Insert user id" type="NUMBER(10, 0)">
                <constraints nullable="false"/>
            </column>
            <column defaultValueComputed="-11" name="UPDATE_BY" remarks="Latest update user id" type="NUMBER(10, 0)">
                <constraints nullable="false"/>
            </column>
            <column defaultValueComputed="CURRENT_TIMESTAMP" name="INSERT_TIME" remarks="Record insert time" type="datetime">
                <constraints nullable="false"/>
            </column>
            <column defaultValueComputed="CURRENT_TIMESTAMP" name="UPDATE_TIME" remarks="Record update time" type="datetime">
                <constraints nullable="false"/>
            </column>
            <column name="RECORD_USAGE" remarks="Record usage for definition data,ref T_PUB_RECORD_USAGE" type="NUMBER(1, 0)"/>
        </createTable>
    </changeSet>
    <changeSet author="jason.shi (generated)" id="1451444298323-18">
        <createTable remarks="T_RT_WORKSHEET" tableName="T_RT_WORKSHEET">
            <column name="SHEET_ID_" type="NUMBER(10, 0)">
                <constraints nullable="false"/>
            </column>
            <column name="BINDING_DATA_ID_" type="NUMBER(10, 0)"/>
            <column name="BINDING_DATA_CODE_" type="VARCHAR2(20)"/>
            <column name="MODEL_NAME_" type="VARCHAR2(100)"/>
            <column name="OBJECT_CODE_" type="VARCHAR2(100)"/>
            <column name="REFERENCE_ID" type="NUMBER(10, 0)"/>
            <column name="STEP_ID_" type="NUMBER(10, 0)"/>
            <column name="STEP_NAME_" type="VARCHAR2(100)"/>
            <column name="FORMULA_ID_" type="NUMBER(10, 0)"/>
            <column name="FORMULA_NAME_" type="VARCHAR2(100)"/>
            <column name="POLICY_ID" type="NUMBER(10, 0)"/>
            <column name="REFERENCE_MODEL" type="NUMBER(10, 0)"/>
            <column defaultValueComputed="-11" name="INSERT_BY" remarks="Insert user id" type="NUMBER(10, 0)">
                <constraints nullable="false"/>
            </column>
            <column defaultValueComputed="-11" name="UPDATE_BY" remarks="Latest update user id" type="NUMBER(10, 0)">
                <constraints nullable="false"/>
            </column>
            <column defaultValueComputed="CURRENT_TIMESTAMP" name="INSERT_TIME" remarks="Record insert time" type="datetime">
                <constraints nullable="false"/>
            </column>
            <column defaultValueComputed="CURRENT_TIMESTAMP" name="UPDATE_TIME" remarks="Record update time" type="datetime">
                <constraints nullable="false"/>
            </column>
            <column name="MODEL_INSTANCE_ID_" type="NUMBER(10, 0)"/>
            <column name="RECORD_USAGE" remarks="Record usage for definition data,ref T_PUB_RECORD_USAGE" type="NUMBER(1, 0)"/>
        </createTable>
    </changeSet>
    <changeSet author="jason.shi (generated)" id="1451444298323-19">
        <createTable remarks="T_RT_WORKSHEET_DETAIL" tableName="T_RT_WORKSHEET_DETAIL">
            <column name="DETAIL_ID_" type="NUMBER(10, 0)">
                <constraints nullable="false"/>
            </column>
            <column name="SHEET_ID_" type="NUMBER(10, 0)">
                <constraints nullable="false"/>
            </column>
            <column name="CONTENT_" type="VARCHAR2(4000)"/>
            <column defaultValueComputed="-11" name="INSERT_BY" remarks="Insert user id" type="NUMBER(10, 0)">
                <constraints nullable="false"/>
            </column>
            <column defaultValueComputed="-11" name="UPDATE_BY" remarks="Latest update user id" type="NUMBER(10, 0)">
                <constraints nullable="false"/>
            </column>
            <column defaultValueComputed="CURRENT_TIMESTAMP" name="INSERT_TIME" remarks="Record insert time" type="datetime">
                <constraints nullable="false"/>
            </column>
            <column defaultValueComputed="CURRENT_TIMESTAMP" name="UPDATE_TIME" remarks="Record update time" type="datetime">
                <constraints nullable="false"/>
            </column>
            <column name="RECORD_USAGE" remarks="Record usage for definition data,ref T_PUB_RECORD_USAGE" type="NUMBER(1, 0)"/>
            <column name="POLICY_ID" type="NUMBER(19, 0)"/>
        </createTable>
    </changeSet>
    <changeSet author="jason.shi (generated)" id="1451444298323-20">
        <createTable remarks="T_RT_WORKSHEET_DETAIL_BINDING" tableName="T_RT_WORKSHEET_DETAIL_BD">
            <column name="BINDING_ID_" type="NUMBER(10, 0)">
                <constraints nullable="false"/>
            </column>
            <column name="DETAIL_ID_" type="NUMBER(10, 0)">
                <constraints nullable="false"/>
            </column>
            <column name="BINDING_KEY_" type="VARCHAR2(4000)"/>
            <column name="BINDING_VALUE_" type="VARCHAR2(4000)"/>
            <column name="INSERTED_BY" type="NUMBER(10, 0)"/>
            <column name="INSERT_TIME" remarks="Record insert time" type="datetime">
                <constraints nullable="false"/>
            </column>
            <column name="INSERT_TIMESTAMP" type="datetime"/>
            <column name="UPDATED_BY" type="NUMBER(10, 0)"/>
            <column name="UPDATE_TIME" remarks="Record update time" type="datetime">
                <constraints nullable="false"/>
            </column>
            <column name="UPDATE_TIMESTAMP" type="datetime"/>
            <column name="RECORD_USAGE" remarks="Record usage for definition data,ref T_PUB_RECORD_USAGE" type="NUMBER(1, 0)"/>
            <column name="INSERT_BY" type="NUMBER(19, 0)">
                <constraints nullable="false"/>
            </column>
            <column name="UPDATE_BY" type="NUMBER(19, 0)">
                <constraints nullable="false"/>
            </column>
            <column name="POLICY_ID" type="NUMBER(19, 0)"/>
        </createTable>
    </changeSet>
    <changeSet author="jason.shi (generated)" id="1451444298323-21">

        <addPrimaryKey columnNames="CONTEXT_ID_" constraintName="PK_RT_CONTEXT"  tableName="T_RT_CONTEXT"/>
    </changeSet>
    <changeSet author="jason.shi (generated)" id="1451444298323-22">

        <addPrimaryKey columnNames="CONTEXT_DEFINITION_ID_" constraintName="PK_RT_CONTEXT_DEFINITION"  tableName="T_RT_CONTEXT_DEFINITION"/>
    </changeSet>
    <changeSet author="jason.shi (generated)" id="1451444298323-23">

        <addPrimaryKey columnNames="FORMULA_ID_" constraintName="PK_RT_FORMULA"  tableName="T_RT_FORMULA"/>
    </changeSet>
    <changeSet author="jason.shi (generated)" id="1451444298323-24">

        <addPrimaryKey columnNames="DATA_ID" constraintName="PK_RT_RATETABLE_DATA"  tableName="T_RT_RATETABLE_DATA"/>
    </changeSet>
    <changeSet author="jason.shi (generated)" id="1451444298323-25">

        <addPrimaryKey columnNames="CALC_ID_" constraintName="PK_RT_TERM_CALCULATION"  tableName="T_RT_TERM_CALCULATION"/>
    </changeSet>
    <changeSet author="jason.shi (generated)" id="1451444298323-26">

        <addPrimaryKey columnNames="LINK_ID_" constraintName="PK_RT_TERM_CALC_LINK__"  tableName="T_RT_TERM_CALCULATION_LINK"/>
    </changeSet>
    <changeSet author="jason.shi (generated)" id="1451444298323-27">

        <addPrimaryKey columnNames="PARAM_ID_" constraintName="PK_RT_TERM_CALC_PARAM__ID"  tableName="T_RT_TERM_CALC_PARAM"/>
    </changeSet>
    <changeSet author="jason.shi (generated)" id="1451444298323-28">

        <addPrimaryKey columnNames="STEP_ID_" constraintName="PK_RT_TERM_CALC_STEP"  tableName="T_RT_TERM_CALC_STEP"/>
    </changeSet>
    <changeSet author="jason.shi (generated)" id="1451444298323-29">

        <addPrimaryKey columnNames="PARAM_ID_" constraintName="PK_RT_TERM_CALC_STEP_PARAM"  tableName="T_RT_TERM_CALC_STEP_PARAM"/>
    </changeSet>
    <changeSet author="jason.shi (generated)" id="1451444298323-30">

        <addPrimaryKey columnNames="TERM_ID_" constraintName="PK_RT_TERM_DEFINITION"  tableName="T_RT_TERM_DEFINITION"/>
    </changeSet>
    <changeSet author="jason.shi (generated)" id="1451444298323-31">

        <addPrimaryKey columnNames="BINDING_ID_" constraintName="PK_RT_WORKSHEET_DETAIL_BD__ID"  tableName="T_RT_WORKSHEET_DETAIL_BD"/>
    </changeSet>
    <changeSet author="jason.shi (generated)" id="1451444298323-32">

        <addPrimaryKey columnNames="DETAIL_ID_" constraintName="PK_RT_WORKSHEET_DETAIL__ID"  tableName="T_RT_WORKSHEET_DETAIL"/>
    </changeSet>
    <changeSet author="jason.shi (generated)" id="1451444298323-33">

        <addPrimaryKey columnNames="SHEET_ID_" constraintName="PK_RT_WORKSHEET__ID"  tableName="T_RT_WORKSHEET"/>
    </changeSet>
    <changeSet author="jason.shi (generated)" id="1451444298323-34">

        <addPrimaryKey columnNames="DEF_ID" constraintName="PK_T_RT_RATETABLE_DEF"  tableName="T_RT_RATETABLE_DEF"/>
    </changeSet>
    <changeSet author="jason.shi (generated)" id="1451444298323-35">

        <addPrimaryKey columnNames="TRACKING_ID" constraintName="PK_T_RT_TRACKING_ID"  tableName="T_RT_TRACKING"/>
    </changeSet>
    <changeSet author="jason.shi (generated)" id="1451444298323-36">

        <addPrimaryKey columnNames="FEE_TYPE_ID" constraintName="SYS_C001380075"  tableName="T_FEE_CONFIG"/>
    </changeSet>
    <changeSet author="jason.shi (generated)" id="1451444298323-37">
        <createIndex indexName="IDX_RT_FORMULA__TYPE" tableName="T_RT_FORMULA">
            <column name="STEP_ID_"/>
        </createIndex>
    </changeSet>
    <changeSet author="jason.shi (generated)" id="1451444298323-38">
        <createIndex indexName="IDX_RT_TERMCALC_STEP_ID" tableName="T_RT_TERM_CALC_STEP_PARAM">
            <column name="STEP_ID_"/>
        </createIndex>
    </changeSet>
    <changeSet author="jason.shi (generated)" id="1451444298323-39">
        <createIndex indexName="I_RT_CONTEXT_DEFINITION_ID" tableName="T_RT_CONTEXT">
            <column name="CONTEXT_DEFINITION_ID_"/>
        </createIndex>
    </changeSet>
    <changeSet author="jason.shi (generated)" id="1451444298323-40">
        <createIndex indexName="I_RT_TERM_CALCULA_CONTEXT_ID" tableName="T_RT_TERM_CALCULATION">
            <column name="CONTEXT_ID_"/>
        </createIndex>
    </changeSet>
    <changeSet author="jason.shi (generated)" id="1451444298323-41">
        <createIndex indexName="I_RT_TERM_CALCULA_DE_CAL_ID" tableName="T_RT_TERM_CALCULATION">
            <column name="BE_DEPENDENT_CALC_ID_"/>
        </createIndex>
    </changeSet>
    <changeSet author="jason.shi (generated)" id="1451444298323-42">
        <createIndex indexName="I_RT_TERM_CALCULA_TERM_ID" tableName="T_RT_TERM_CALCULATION">
            <column name="TERM_ID_"/>
        </createIndex>
    </changeSet>
    <changeSet author="jason.shi (generated)" id="1451444298323-43">
        <createIndex indexName="I_RT_TERM_CALC_PARAM_CALC_ID" tableName="T_RT_TERM_CALC_PARAM">
            <column name="CALC_ID_"/>
        </createIndex>
    </changeSet>
    <changeSet author="jason.shi (generated)" id="1451444298323-44">
        <createIndex indexName="I_RT_TERM_CALC_STEP_TERM_ID" tableName="T_RT_TERM_CALC_STEP">
            <column name="TERM_ID_"/>
        </createIndex>
    </changeSet>
    <changeSet author="jason.shi (generated)" id="1451444298323-45">
        <createIndex indexName="I_RT_WORKSHEET_DETAIL__SHEET_" tableName="T_RT_WORKSHEET_DETAIL">
            <column name="SHEET_ID_"/>
        </createIndex>
    </changeSet>
    <changeSet author="jason.shi (generated)" id="1451444298323-46">
        <createIndex indexName="I_RT_WORKSHEET_DTL_BD__DTL_" tableName="T_RT_WORKSHEET_DETAIL_BD">
            <column name="DETAIL_ID_"/>
        </createIndex>
    </changeSet>
    <changeSet author="jason.shi (generated)" id="1451444298323-47">
        <createIndex indexName="I_TERM_CALCULATION_LINK_CID" tableName="T_RT_TERM_CALCULATION_LINK">
            <column name="CALC_ID_"/>
        </createIndex>
    </changeSet>
    <changeSet author="jason.shi (generated)" id="1451444298323-48">
        <createIndex indexName="I_TERM_CAL_LINK_LINKED_CID" tableName="T_RT_TERM_CALCULATION_LINK">
            <column name="LINKED_CALC_ID_"/>
        </createIndex>
    </changeSet>
    <changeSet author="jason.shi (generated)" id="1451444298323-49">
        <createIndex indexName="I__RT_CONTEXT_DEFINITION_RU" tableName="T_RT_CONTEXT_DEFINITION">
            <column name="RECORD_USAGE"/>
        </createIndex>
    </changeSet>
    <changeSet author="jason.shi (generated)" id="1451444298323-50">
        <createIndex indexName="I__RT_CONTEXT_RU" tableName="T_RT_CONTEXT">
            <column name="RECORD_USAGE"/>
        </createIndex>
    </changeSet>
    <changeSet author="jason.shi (generated)" id="1451444298323-51">
        <createIndex indexName="I__RT_FORMULA_RU" tableName="T_RT_FORMULA">
            <column name="RECORD_USAGE"/>
        </createIndex>
    </changeSet>
    <changeSet author="jason.shi (generated)" id="1451444298323-52">
        <createIndex indexName="I__RT_RATETABLE_DATA_RU" tableName="T_RT_RATETABLE_DATA">
            <column name="RECORD_USAGE"/>
        </createIndex>
    </changeSet>
    <changeSet author="jason.shi (generated)" id="1451444298323-53">
        <createIndex indexName="I__RT_RATETABLE_DEF_RU" tableName="T_RT_RATETABLE_DEF">
            <column name="RECORD_USAGE"/>
        </createIndex>
    </changeSet>
    <changeSet author="jason.shi (generated)" id="1451444298323-54">
        <createIndex indexName="I__RT_TERM_CALCULATION_LINK_RU" tableName="T_RT_TERM_CALCULATION_LINK">
            <column name="RECORD_USAGE"/>
        </createIndex>
    </changeSet>
    <changeSet author="jason.shi (generated)" id="1451444298323-55">
        <createIndex indexName="I__RT_TERM_CALCULATION_RU" tableName="T_RT_TERM_CALCULATION">
            <column name="RECORD_USAGE"/>
        </createIndex>
    </changeSet>
    <changeSet author="jason.shi (generated)" id="1451444298323-56">
        <createIndex indexName="I__RT_TERM_CALC_PARAM_RU" tableName="T_RT_TERM_CALC_PARAM">
            <column name="RECORD_USAGE"/>
        </createIndex>
    </changeSet>
    <changeSet author="jason.shi (generated)" id="1451444298323-57">
        <createIndex indexName="I__RT_TERM_CALC_STEP_PARAM_RU" tableName="T_RT_TERM_CALC_STEP_PARAM">
            <column name="RECORD_USAGE"/>
        </createIndex>
    </changeSet>
    <changeSet author="jason.shi (generated)" id="1451444298323-58">
        <createIndex indexName="I__RT_TERM_CALC_STEP_RU" tableName="T_RT_TERM_CALC_STEP">
            <column name="RECORD_USAGE"/>
        </createIndex>
    </changeSet>
    <changeSet author="jason.shi (generated)" id="1451444298323-59">
        <createIndex indexName="I__RT_TERM_DEFINITION_RU" tableName="T_RT_TERM_DEFINITION">
            <column name="RECORD_USAGE"/>
        </createIndex>
    </changeSet>
    <changeSet author="jason.shi (generated)" id="1451444298323-60">
        <createIndex indexName="I__RT_TRACKING_RU" tableName="T_RT_TRACKING">
            <column name="RECORD_USAGE"/>
        </createIndex>
    </changeSet>
    <changeSet author="jason.shi (generated)" id="1451444298323-61">
        <createIndex indexName="I__RT_WORKSHEET_DETAIL_BD_RU" tableName="T_RT_WORKSHEET_DETAIL_BD">
            <column name="RECORD_USAGE"/>
        </createIndex>
    </changeSet>
    <changeSet author="jason.shi (generated)" id="1451444298323-62">
        <createIndex indexName="I__RT_WORKSHEET_DETAIL_RU" tableName="T_RT_WORKSHEET_DETAIL">
            <column name="RECORD_USAGE"/>
        </createIndex>
    </changeSet>
    <changeSet author="jason.shi (generated)" id="1451444298323-63">
        <createIndex indexName="I__RT_WORKSHEET_RU" tableName="T_RT_WORKSHEET">
            <column name="RECORD_USAGE"/>
        </createIndex>
    </changeSet>
    <changeSet author="jason.shi (generated)" id="1451444298323-64">
        <createIndex indexName="UK_RT_CONTEXT_DEFINITION__CODE" tableName="T_RT_CONTEXT_DEFINITION">
            <column name="CODE_"/>
        </createIndex>
    </changeSet>
    <changeSet author="jason.shi (generated)" id="1451444298323-65">
        <createIndex indexName="UK_RT_CONTEXT_DEFINITION__NAME" tableName="T_RT_CONTEXT_DEFINITION">
            <column name="NAME_"/>
        </createIndex>
    </changeSet>
    <changeSet author="jason.shi (generated)" id="1451444298323-66">
        <createIndex indexName="UK_RT_TERM_CALC_STEP_" tableName="T_RT_TERM_CALC_STEP">
            <column name="NAME_"/>
            <column name="CALC_ID_"/>
        </createIndex>
    </changeSet>
    <changeSet author="jason.shi (generated)" id="1451444298323-67">
        <createIndex indexName="UK_RT_TERM_CAL_STEP_PARAM__" tableName="T_RT_TERM_CALC_STEP_PARAM">
            <column name="PARAM_NAME_"/>
            <column name="STEP_ID_"/>
        </createIndex>
    </changeSet>
    <changeSet author="jason.shi (generated)" id="1451444298323-68">
        <createIndex indexName="UK_RT_TERM_DEFI__CODE" tableName="T_RT_TERM_DEFINITION">
            <column name="CODE_"/>
        </createIndex>
    </changeSet>
    <changeSet author="jason.shi (generated)" id="1451444298323-69">
        <createIndex indexName="UK_RT_TERM_DEFI__NAME" tableName="T_RT_TERM_DEFINITION">
            <column name="NAME_"/>
        </createIndex>
    </changeSet>
    <changeSet author="jason.shi (generated)" id="1451444298323-70">
        <addForeignKeyConstraint baseColumnNames="RECORD_USAGE" baseTableName="T_RT_CONTEXT_DEFINITION" constraintName="FK_RT_CONTEXT_DEFINITION_RU" deferrable="false" initiallyDeferred="false" onDelete="NO ACTION" onUpdate="NO ACTION" referencedColumnNames="RECORD_USAGE" referencedTableName="T_PUB_RECORD_USAGE"/>
    </changeSet>
    <changeSet author="jason.shi (generated)" id="1451444298323-71">
        <addForeignKeyConstraint baseColumnNames="RECORD_USAGE" baseTableName="T_RT_CONTEXT" constraintName="FK_RT_CONTEXT_RU" deferrable="false" initiallyDeferred="false" onDelete="NO ACTION" onUpdate="NO ACTION" referencedColumnNames="RECORD_USAGE" referencedTableName="T_PUB_RECORD_USAGE"/>
    </changeSet>
    <changeSet author="jason.shi (generated)" id="1451444298323-72">
        <addForeignKeyConstraint baseColumnNames="CONTEXT_DEFINITION_ID_" baseTableName="T_RT_CONTEXT" constraintName="FK_RT_CONTEXT_T_RT_" deferrable="false" initiallyDeferred="false" onDelete="NO ACTION" onUpdate="NO ACTION" referencedColumnNames="CONTEXT_DEFINITION_ID_" referencedTableName="T_RT_CONTEXT_DEFINITION"/>
    </changeSet>
    <changeSet author="jason.shi (generated)" id="1451444298323-73">
        <addForeignKeyConstraint baseColumnNames="RECORD_USAGE" baseTableName="T_RT_FORMULA" constraintName="FK_RT_FORMULA_RU" deferrable="false" initiallyDeferred="false" onDelete="NO ACTION" onUpdate="NO ACTION" referencedColumnNames="RECORD_USAGE" referencedTableName="T_PUB_RECORD_USAGE"/>
    </changeSet>
    <changeSet author="jason.shi (generated)" id="1451444298323-74">
        <addForeignKeyConstraint baseColumnNames="STEP_ID_" baseTableName="T_RT_FORMULA" constraintName="FK_RT_FORMULA__STEP_" deferrable="false" initiallyDeferred="false" onDelete="NO ACTION" onUpdate="NO ACTION" referencedColumnNames="STEP_ID_" referencedTableName="T_RT_TERM_CALC_STEP"/>
    </changeSet>
    <changeSet author="jason.shi (generated)" id="1451444298323-75">
        <addForeignKeyConstraint baseColumnNames="RECORD_USAGE" baseTableName="T_RT_RATETABLE_DATA" constraintName="FK_RT_RATETABLE_DATA_RU" deferrable="false" initiallyDeferred="false" onDelete="NO ACTION" onUpdate="NO ACTION" referencedColumnNames="RECORD_USAGE" referencedTableName="T_PUB_RECORD_USAGE"/>
    </changeSet>
    <changeSet author="jason.shi (generated)" id="1451444298323-76">
        <addForeignKeyConstraint baseColumnNames="RECORD_USAGE" baseTableName="T_RT_RATETABLE_DEF" constraintName="FK_RT_RATETABLE_DEF_RU" deferrable="false" initiallyDeferred="false" onDelete="NO ACTION" onUpdate="NO ACTION" referencedColumnNames="RECORD_USAGE" referencedTableName="T_PUB_RECORD_USAGE"/>
    </changeSet>
    <changeSet author="jason.shi (generated)" id="1451444298323-77">
        <addForeignKeyConstraint baseColumnNames="RECORD_USAGE" baseTableName="T_RT_TERM_CALCULATION_LINK" constraintName="FK_RT_TERM_CALCULATION_LINK_RU" deferrable="false" initiallyDeferred="false" onDelete="NO ACTION" onUpdate="NO ACTION" referencedColumnNames="RECORD_USAGE" referencedTableName="T_PUB_RECORD_USAGE"/>
    </changeSet>
    <changeSet author="jason.shi (generated)" id="1451444298323-78">
        <addForeignKeyConstraint baseColumnNames="RECORD_USAGE" baseTableName="T_RT_TERM_CALCULATION" constraintName="FK_RT_TERM_CALCULATION_RU" deferrable="false" initiallyDeferred="false" onDelete="NO ACTION" onUpdate="NO ACTION" referencedColumnNames="RECORD_USAGE" referencedTableName="T_PUB_RECORD_USAGE"/>
    </changeSet>
    <changeSet author="jason.shi (generated)" id="1451444298323-79">
        <addForeignKeyConstraint baseColumnNames="CONTEXT_ID_" baseTableName="T_RT_TERM_CALCULATION" constraintName="FK_RT_TERM_CALCULATION__CXT_" deferrable="false" initiallyDeferred="false" onDelete="NO ACTION" onUpdate="NO ACTION" referencedColumnNames="CONTEXT_ID_" referencedTableName="T_RT_CONTEXT"/>
    </changeSet>
    <changeSet author="jason.shi (generated)" id="1451444298323-80">
        <addForeignKeyConstraint baseColumnNames="BE_DEPENDENT_CALC_ID_" baseTableName="T_RT_TERM_CALCULATION" constraintName="FK_RT_TERM_CALCULATION__DEP_" deferrable="false" initiallyDeferred="false" onDelete="NO ACTION" onUpdate="NO ACTION" referencedColumnNames="CALC_ID_" referencedTableName="T_RT_TERM_CALCULATION"/>
    </changeSet>
    <changeSet author="jason.shi (generated)" id="1451444298323-81">
        <addForeignKeyConstraint baseColumnNames="TERM_ID_" baseTableName="T_RT_TERM_CALCULATION" constraintName="FK_RT_TERM_CALCULATION__TERM_" deferrable="false" initiallyDeferred="false" onDelete="NO ACTION" onUpdate="NO ACTION" referencedColumnNames="TERM_ID_" referencedTableName="T_RT_TERM_DEFINITION"/>
    </changeSet>
    <changeSet author="jason.shi (generated)" id="1451444298323-82">
        <addForeignKeyConstraint baseColumnNames="CALC_ID_" baseTableName="T_RT_TERM_CALCULATION_LINK" constraintName="FK_RT_TERM_CALC_LINK__I" deferrable="false" initiallyDeferred="false" onDelete="NO ACTION" onUpdate="NO ACTION" referencedColumnNames="CALC_ID_" referencedTableName="T_RT_TERM_CALCULATION"/>
    </changeSet>
    <changeSet author="jason.shi (generated)" id="1451444298323-83">
        <addForeignKeyConstraint baseColumnNames="LINKED_CALC_ID_" baseTableName="T_RT_TERM_CALCULATION_LINK" constraintName="FK_RT_TERM_CALC_LINK__LK" deferrable="false" initiallyDeferred="false" onDelete="NO ACTION" onUpdate="NO ACTION" referencedColumnNames="CALC_ID_" referencedTableName="T_RT_TERM_CALCULATION"/>
    </changeSet>
    <changeSet author="jason.shi (generated)" id="1451444298323-84">
        <addForeignKeyConstraint baseColumnNames="RECORD_USAGE" baseTableName="T_RT_TERM_CALC_PARAM" constraintName="FK_RT_TERM_CALC_PARAM_RU" deferrable="false" initiallyDeferred="false" onDelete="NO ACTION" onUpdate="NO ACTION" referencedColumnNames="RECORD_USAGE" referencedTableName="T_PUB_RECORD_USAGE"/>
    </changeSet>
    <changeSet author="jason.shi (generated)" id="1451444298323-85">
        <addForeignKeyConstraint baseColumnNames="CALC_ID_" baseTableName="T_RT_TERM_CALC_PARAM" constraintName="FK_RT_TERM_CALC_PARAM__CALC_" deferrable="false" initiallyDeferred="false" onDelete="NO ACTION" onUpdate="NO ACTION" referencedColumnNames="CALC_ID_" referencedTableName="T_RT_TERM_CALCULATION"/>
    </changeSet>
    <changeSet author="jason.shi (generated)" id="1451444298323-86">
        <addForeignKeyConstraint baseColumnNames="RECORD_USAGE" baseTableName="T_RT_TERM_CALC_STEP_PARAM" constraintName="FK_RT_TERM_CALC_STEP_PARAM_RU" deferrable="false" initiallyDeferred="false" onDelete="NO ACTION" onUpdate="NO ACTION" referencedColumnNames="RECORD_USAGE" referencedTableName="T_PUB_RECORD_USAGE"/>
    </changeSet>
    <changeSet author="jason.shi (generated)" id="1451444298323-87">
        <addForeignKeyConstraint baseColumnNames="STEP_ID_" baseTableName="T_RT_TERM_CALC_STEP_PARAM" constraintName="FK_RT_TERM_CALC_STEP_PARAM__S" deferrable="false" initiallyDeferred="false" onDelete="NO ACTION" onUpdate="NO ACTION" referencedColumnNames="STEP_ID_" referencedTableName="T_RT_TERM_CALC_STEP"/>
    </changeSet>
    <changeSet author="jason.shi (generated)" id="1451444298323-88">
        <addForeignKeyConstraint baseColumnNames="RECORD_USAGE" baseTableName="T_RT_TERM_CALC_STEP" constraintName="FK_RT_TERM_CALC_STEP_RU" deferrable="false" initiallyDeferred="false" onDelete="NO ACTION" onUpdate="NO ACTION" referencedColumnNames="RECORD_USAGE" referencedTableName="T_PUB_RECORD_USAGE"/>
    </changeSet>
    <changeSet author="jason.shi (generated)" id="1451444298323-89">
        <addForeignKeyConstraint baseColumnNames="TERM_ID_" baseTableName="T_RT_TERM_CALC_STEP" constraintName="FK_RT_TERM_CALC_STEP_TERM_" deferrable="false" initiallyDeferred="false" onDelete="NO ACTION" onUpdate="NO ACTION" referencedColumnNames="TERM_ID_" referencedTableName="T_RT_TERM_DEFINITION"/>
    </changeSet>
    <changeSet author="jason.shi (generated)" id="1451444298323-90">
        <addForeignKeyConstraint baseColumnNames="RECORD_USAGE" baseTableName="T_RT_TERM_DEFINITION" constraintName="FK_RT_TERM_DEFINITION_RU" deferrable="false" initiallyDeferred="false" onDelete="NO ACTION" onUpdate="NO ACTION" referencedColumnNames="RECORD_USAGE" referencedTableName="T_PUB_RECORD_USAGE"/>
    </changeSet>
    <changeSet author="jason.shi (generated)" id="1451444298323-91">
        <addForeignKeyConstraint baseColumnNames="RECORD_USAGE" baseTableName="T_RT_TRACKING" constraintName="FK_RT_TRACKING_RU" deferrable="false" initiallyDeferred="false" onDelete="NO ACTION" onUpdate="NO ACTION" referencedColumnNames="RECORD_USAGE" referencedTableName="T_PUB_RECORD_USAGE"/>
    </changeSet>
    <changeSet author="jason.shi (generated)" id="1451444298323-92">
        <addForeignKeyConstraint baseColumnNames="RECORD_USAGE" baseTableName="T_RT_WORKSHEET_DETAIL_BD" constraintName="FK_RT_WORKSHEET_DETAIL_BD_RU" deferrable="false" initiallyDeferred="false" onDelete="NO ACTION" onUpdate="NO ACTION" referencedColumnNames="RECORD_USAGE" referencedTableName="T_PUB_RECORD_USAGE"/>
    </changeSet>
    <changeSet author="jason.shi (generated)" id="1451444298323-93">
        <addForeignKeyConstraint baseColumnNames="RECORD_USAGE" baseTableName="T_RT_WORKSHEET_DETAIL" constraintName="FK_RT_WORKSHEET_DETAIL_RU" deferrable="false" initiallyDeferred="false" onDelete="NO ACTION" onUpdate="NO ACTION" referencedColumnNames="RECORD_USAGE" referencedTableName="T_PUB_RECORD_USAGE"/>
    </changeSet>
    <changeSet author="jason.shi (generated)" id="1451444298323-94">
        <addForeignKeyConstraint baseColumnNames="SHEET_ID_" baseTableName="T_RT_WORKSHEET_DETAIL" constraintName="FK_RT_WORKSHEET_DETAIL__SHEET_" deferrable="false" initiallyDeferred="false" onDelete="NO ACTION" onUpdate="NO ACTION" referencedColumnNames="SHEET_ID_" referencedTableName="T_RT_WORKSHEET"/>
    </changeSet>
    <changeSet author="jason.shi (generated)" id="1451444298323-95">
        <addForeignKeyConstraint baseColumnNames="DETAIL_ID_" baseTableName="T_RT_WORKSHEET_DETAIL_BD" constraintName="FK_RT_WORKSHEET_DTL_BD__DTL_" deferrable="false" initiallyDeferred="false" onDelete="NO ACTION" onUpdate="NO ACTION" referencedColumnNames="DETAIL_ID_" referencedTableName="T_RT_WORKSHEET_DETAIL"/>
    </changeSet>
    <changeSet author="jason.shi (generated)" id="1451444298323-96">
        <addForeignKeyConstraint baseColumnNames="RECORD_USAGE" baseTableName="T_RT_WORKSHEET" constraintName="FK_RT_WORKSHEET_RU" deferrable="false" initiallyDeferred="false" onDelete="NO ACTION" onUpdate="NO ACTION" referencedColumnNames="RECORD_USAGE" referencedTableName="T_PUB_RECORD_USAGE"/>
    </changeSet>
</databaseChangeLog>
