<?xml version="1.0" encoding="UTF-8" standalone="no"?>
<databaseChangeLog xmlns="http://www.liquibase.org/xml/ns/dbchangelog" xmlns:ext="http://www.liquibase.org/xml/ns/dbchangelog-ext" xmlns:xsi="http://www.w3.org/2001/XMLSchema-instance" xsi:schemaLocation="http://www.liquibase.org/xml/ns/dbchangelog-ext http://www.liquibase.org/xml/ns/dbchangelog/dbchangelog-ext.xsd http://www.liquibase.org/xml/ns/dbchangelog http://www.liquibase.org/xml/ns/dbchangelog/dbchangelog-3.3.xsd">

    <changeSet author="generated" id="2016050307_T_RI_CONTRACT_INFO">
        <sql>
            UPDATE T_RI_CONTRACT_INFO T SET ANALYTICS_RESP = -99, MARKET_RESP = -99;
        </sql>
    </changeSet>
    <changeSet author="generated" id="2016050308_T_RI_CONTRACT_INFO_LOG">
        <sql>
            UPDATE T_RI_CONTRACT_INFO_LOG T SET ANALYTICS_RESP = -99, MARKET_RESP = -99;
        </sql>
    </changeSet>
    
</databaseChangeLog>