<?xml version="1.0" encoding="UTF-8" standalone="no"?>
<databaseChangeLog xmlns="http://www.liquibase.org/xml/ns/dbchangelog" xmlns:ext="http://www.liquibase.org/xml/ns/dbchangelog-ext" xmlns:xsi="http://www.w3.org/2001/XMLSchema-instance" xsi:schemaLocation="http://www.liquibase.org/xml/ns/dbchangelog-ext http://www.liquibase.org/xml/ns/dbchangelog/dbchangelog-ext.xsd http://www.liquibase.org/xml/ns/dbchangelog http://www.liquibase.org/xml/ns/dbchangelog/dbchangelog-3.3.xsd">
    <changeSet author="jason.shi (generated)" id="1451440776317-1">
        <createTable tableName="T_DD_BUSI_CODE_TABLE">
            <column name="CODE_TABLE_ID" type="NUMBER(10, 0)">
                <constraints nullable="false"/>
            </column>
            <column name="NAME" type="VARCHAR2(100)">
                <constraints nullable="false"/>
            </column>
            <column name="DESCRIPTION" type="VARCHAR2(500)"/>
            <column name="CODE_TABLE_TYPE" type="NUMBER(10, 0)">
                <constraints nullable="false"/>
            </column>
            <column name="PREDICATE" type="VARCHAR2(4000)"/>
            <column name="ID_FIELD" type="VARCHAR2(100)">
                <constraints nullable="false"/>
            </column>
            <column name="CODE_FIELD" type="VARCHAR2(100)">
                <constraints nullable="false"/>
            </column>
            <column name="DESC_FIELD" type="VARCHAR2(100)">
                <constraints nullable="false"/>
            </column>
            <column name="SORT_FIELD" type="VARCHAR2(100)"/>
            <column defaultValue="ASC" name="SORT_TYPE" type="VARCHAR2(10)"/>
            <column name="CONTEXT_ID" type="NUMBER(10, 0)">
                <constraints nullable="false"/>
            </column>
            <column name="DATA_SOURCE" type="VARCHAR2(500)">
                <constraints nullable="false"/>
            </column>
            <column defaultValue="N" name="IS_SMALL" type="CHAR(1)"/>
            <column name="PARENT_FIELD" remarks="TO BE DELETED" type="VARCHAR2(100)"/>
            <column defaultValue="Y" name="NEED_CACHE" type="CHAR(1)"/>
            <column defaultValueComputed="-11" name="INSERT_BY" remarks="Insert user id" type="NUMBER(10, 0)">
                <constraints nullable="false"/>
            </column>
            <column defaultValueComputed="-11" name="UPDATE_BY" remarks="Latest update user id" type="NUMBER(10, 0)">
                <constraints nullable="false"/>
            </column>
            <column defaultValueComputed="CURRENT_TIMESTAMP" name="INSERT_TIME" remarks="Record insert time" type="datetime">
                <constraints nullable="false"/>
            </column>
            <column defaultValueComputed="CURRENT_TIMESTAMP" name="UPDATE_TIME" remarks="Record update time" type="datetime">
                <constraints nullable="false"/>
            </column>
            <column name="RECORD_USAGE" remarks="Record usage for definition data,ref T_PUB_RECORD_USAGE" type="NUMBER(1, 0)">
                <constraints nullable="false"/>
            </column>
            <column name="CONDITION_FIELDS" type="VARCHAR2(2000)"/>
            <column defaultValue="Y" name="NEED_MULTI_LANG" type="CHAR(1)"/>
            <column name="ID_DATA_TYPE" type="NUMBER(5, 0)"/>
            <column name="CODE_DATA_TYPE" type="NUMBER(5, 0)"/>
            <column name="DATA_TABLE_ID" type="NUMBER(10, 0)"/>
        </createTable>
    </changeSet>
    <changeSet author="jason.shi (generated)" id="1451440776317-2">
        <createTable tableName="T_DD_BUSI_CODE_TABLE_TYPE">
            <column name="CODE_TABLE_TYPE" type="NUMBER(10, 0)">
                <constraints nullable="false"/>
            </column>
            <column name="NAME" type="VARCHAR2(100)"/>
            <column name="DESCRIPTION" type="VARCHAR2(500)"/>
            <column defaultValueComputed="-11" name="INSERT_BY" remarks="Insert user id" type="NUMBER(10, 0)">
                <constraints nullable="false"/>
            </column>
            <column defaultValueComputed="-11" name="UPDATE_BY" remarks="Latest update user id" type="NUMBER(10, 0)">
                <constraints nullable="false"/>
            </column>
            <column defaultValueComputed="CURRENT_TIMESTAMP" name="INSERT_TIME" remarks="Record insert time" type="datetime">
                <constraints nullable="false"/>
            </column>
            <column defaultValueComputed="CURRENT_TIMESTAMP" name="UPDATE_TIME" remarks="Record update time" type="datetime">
                <constraints nullable="false"/>
            </column>
        </createTable>
    </changeSet>
    <changeSet author="jason.shi (generated)" id="1451440776317-3">
        <createTable tableName="T_DD_BUSI_CONTEXT">
            <column name="CONTEXT_ID" type="NUMBER(10, 0)">
                <constraints nullable="false"/>
            </column>
            <column name="CONTEXT_TYPE" type="NUMBER(10, 0)">
                <constraints nullable="false"/>
            </column>
            <column name="REFERENCE_ID" type="NUMBER(10, 0)">
                <constraints nullable="false"/>
            </column>
            <column name="DESCRIPTION" type="VARCHAR2(500)"/>
            <column defaultValueComputed="-11" name="INSERT_BY" remarks="Insert user id" type="NUMBER(10, 0)">
                <constraints nullable="false"/>
            </column>
            <column defaultValueComputed="-11" name="UPDATE_BY" remarks="Latest update user id" type="NUMBER(10, 0)">
                <constraints nullable="false"/>
            </column>
            <column defaultValueComputed="CURRENT_TIMESTAMP" name="INSERT_TIME" remarks="Record insert time" type="datetime">
                <constraints nullable="false"/>
            </column>
            <column defaultValueComputed="CURRENT_TIMESTAMP" name="UPDATE_TIME" remarks="Record update time" type="datetime">
                <constraints nullable="false"/>
            </column>
            <column name="RECORD_USAGE" remarks="Record usage for definition data,ref T_PUB_RECORD_USAGE" type="NUMBER(1, 0)">
                <constraints nullable="false"/>
            </column>
            <column name="CONTEXT_PARAMS" type="VARCHAR2(2000)"/>
        </createTable>
    </changeSet>
    <changeSet author="jason.shi (generated)" id="1451440776317-4">
        <createTable tableName="T_DD_BUSI_CONTEXT_TYPE">
            <column name="CONTEXT_TYPE" type="NUMBER(10, 0)">
                <constraints nullable="false"/>
            </column>
            <column name="NAME" type="VARCHAR2(100)">
                <constraints nullable="false"/>
            </column>
            <column name="DESCRIPTION" type="VARCHAR2(500)"/>
            <column defaultValueComputed="-11" name="INSERT_BY" remarks="Insert user id" type="NUMBER(10, 0)">
                <constraints nullable="false"/>
            </column>
            <column defaultValueComputed="-11" name="UPDATE_BY" remarks="Latest update user id" type="NUMBER(10, 0)">
                <constraints nullable="false"/>
            </column>
            <column defaultValueComputed="CURRENT_TIMESTAMP" name="INSERT_TIME" remarks="Record insert time" type="datetime">
                <constraints nullable="false"/>
            </column>
            <column defaultValueComputed="CURRENT_TIMESTAMP" name="UPDATE_TIME" remarks="Record update time" type="datetime">
                <constraints nullable="false"/>
            </column>
            <column name="RECORD_USAGE" remarks="Record usage for definition data,ref T_PUB_RECORD_USAGE" type="NUMBER(1, 0)">
                <constraints nullable="false"/>
            </column>
            <column name="CONTEXT_FIELDS" type="VARCHAR2(1000)"/>
        </createTable>
    </changeSet>
    <changeSet author="jason.shi (generated)" id="1451440776317-5">
        <createTable tableName="T_DD_BUSI_DATA_TABLE">
            <column name="DATA_TABLE_ID" type="NUMBER(10, 0)">
                <constraints nullable="false"/>
            </column>
            <column name="NAME" type="VARCHAR2(100)">
                <constraints nullable="false"/>
            </column>
            <column name="DESCRIPTION" type="VARCHAR2(500)"/>
            <column name="FIELDS" type="VARCHAR2(4000)">
                <constraints nullable="false"/>
            </column>
            <column name="CONTEXT_ID" type="NUMBER(10, 0)"/>
            <column defaultValueComputed="-11" name="INSERT_BY" remarks="Insert user id" type="NUMBER(10, 0)">
                <constraints nullable="false"/>
            </column>
            <column defaultValueComputed="-11" name="UPDATE_BY" remarks="Latest update user id" type="NUMBER(10, 0)">
                <constraints nullable="false"/>
            </column>
            <column defaultValueComputed="CURRENT_TIMESTAMP" name="INSERT_TIME" remarks="Record insert time" type="datetime">
                <constraints nullable="false"/>
            </column>
            <column defaultValueComputed="CURRENT_TIMESTAMP" name="UPDATE_TIME" remarks="Record update time" type="datetime">
                <constraints nullable="false"/>
            </column>
            <column name="RECORD_USAGE" remarks="Record usage for definition data,ref T_PUB_RECORD_USAGE" type="NUMBER(1, 0)">
                <constraints nullable="false"/>
            </column>
        </createTable>
    </changeSet>
    <changeSet author="jason.shi (generated)" id="1451440776317-6">
        <createTable tableName="T_DD_BUSI_DATA_TABLE_RECORD">
            <column name="RECORD_ID" type="NUMBER(10, 0)">
                <constraints nullable="false"/>
            </column>
            <column name="DATA_TABLE_ID" type="NUMBER(10, 0)"/>
            <column name="DYNAMIC_FIELDS" remarks="Dynamic fields in json format" type="VARCHAR2(4000)"/>
            <column defaultValueComputed="-11" name="INSERT_BY" remarks="Insert user id" type="NUMBER(10, 0)">
                <constraints nullable="false"/>
            </column>
            <column defaultValueComputed="-11" name="UPDATE_BY" remarks="Latest update user id" type="NUMBER(10, 0)">
                <constraints nullable="false"/>
            </column>
            <column defaultValueComputed="CURRENT_TIMESTAMP" name="INSERT_TIME" remarks="Record insert time" type="datetime">
                <constraints nullable="false"/>
            </column>
            <column defaultValueComputed="CURRENT_TIMESTAMP" name="UPDATE_TIME" remarks="Record update time" type="datetime">
                <constraints nullable="false"/>
            </column>
            <column name="RECORD_USAGE" remarks="Record usage for definition data,ref T_PUB_RECORD_USAGE" type="NUMBER(1, 0)">
                <constraints nullable="false"/>
            </column>
        </createTable>
    </changeSet>
    <changeSet author="jason.shi (generated)" id="1451440776317-7">
        <createTable tableName="T_DD_BUSI_FIELD">
            <column name="FIELD_ID" type="NUMBER(10, 0)">
                <constraints nullable="false"/>
            </column>
            <column name="NAME" type="VARCHAR2(100)">
                <constraints nullable="false"/>
            </column>
            <column name="LABEL_" type="VARCHAR2(100)"/>
            <column name="DESCRIPTION" type="VARCHAR2(500)"/>
            <column name="ALIAS" type="VARCHAR2(250)"/>
            <column name="FIELD_TYPE" type="NUMBER(10, 0)"/>
            <column name="DYNAMIC_FIELDS" remarks="Dynamic fields in json format" type="VARCHAR2(4000)"/>
            <column defaultValueComputed="-11" name="INSERT_BY" remarks="Insert user id" type="NUMBER(10, 0)">
                <constraints nullable="false"/>
            </column>
            <column defaultValueComputed="-11" name="UPDATE_BY" remarks="Latest update user id" type="NUMBER(10, 0)">
                <constraints nullable="false"/>
            </column>
            <column defaultValueComputed="CURRENT_TIMESTAMP" name="INSERT_TIME" remarks="Record insert time" type="datetime">
                <constraints nullable="false"/>
            </column>
            <column defaultValueComputed="CURRENT_TIMESTAMP" name="UPDATE_TIME" remarks="Record update time" type="datetime">
                <constraints nullable="false"/>
            </column>
            <column name="RECORD_USAGE" remarks="Record usage for definition data,ref T_PUB_RECORD_USAGE" type="NUMBER(1, 0)">
                <constraints nullable="false"/>
            </column>
        </createTable>
    </changeSet>
    <changeSet author="jason.shi (generated)" id="1451440776317-8">
        <createTable tableName="T_DD_BUSI_FIELD_BINDING">
            <column name="BINDING_ID" type="NUMBER(10, 0)">
                <constraints nullable="false"/>
            </column>
            <column name="FIELD_ID" type="NUMBER(10, 0)">
                <constraints nullable="false"/>
            </column>
            <column name="OBJECT_ID" type="NUMBER(10, 0)">
                <constraints nullable="false"/>
            </column>
            <column name="TAG_IDS" type="VARCHAR2(500)"/>
            <column name="DYNAMIC_FIELDS" remarks="Dynamic fields in json format" type="VARCHAR2(4000)"/>
            <column defaultValue="N" name="IS_FIXED" type="CHAR(1)"/>
            <column defaultValue="N" name="IS_MASKED" type="CHAR(1)"/>
            <column defaultValue="N" name="IS_ENCRYPTED" type="CHAR(1)"/>
            <column name="PROPERTY_ID" type="NUMBER(10, 0)"/>
            <column name="CODE_TABLE_ID" type="NUMBER(10, 0)"/>
            <column defaultValue="Y" name="IS_INPUT" type="CHAR(1)"/>
            <column defaultValueComputed="-11" name="INSERT_BY" remarks="Insert user id" type="NUMBER(10, 0)">
                <constraints nullable="false"/>
            </column>
            <column defaultValueComputed="-11" name="UPDATE_BY" remarks="Latest update user id" type="NUMBER(10, 0)">
                <constraints nullable="false"/>
            </column>
            <column defaultValueComputed="CURRENT_TIMESTAMP" name="INSERT_TIME" remarks="Record insert time" type="datetime">
                <constraints nullable="false"/>
            </column>
            <column defaultValueComputed="CURRENT_TIMESTAMP" name="UPDATE_TIME" remarks="Record update time" type="datetime">
                <constraints nullable="false"/>
            </column>
            <column name="RECORD_USAGE" remarks="Record usage for definition data,ref T_PUB_RECORD_USAGE" type="NUMBER(1, 0)">
                <constraints nullable="false"/>
            </column>
            <column defaultValue="N" name="IS_FORMULA" remarks="Whether this field is calculated by formula." type="CHAR(1)"/>
            <column name="FORMULA_TEXT" remarks="Formula to calculate this field" type="VARCHAR2(1024)"/>
            <column name="SCOPE_IDS" type="VARCHAR2(500)"/>
            <column name="HELP_TEXT" type="VARCHAR2(500)"/>
            <column defaultValue="N" name="IS_TECHNICAL" type="CHAR(1)"/>
            <column name="VALIDATION_RULE" type="VARCHAR2(1024)"/>
            <column name="MANDATORY_RULE" type="VARCHAR2(1024)"/>
            <column name="DEFAULT_VALUE_RULE" type="VARCHAR2(1024)"/>
            <column name="MIN_LENGTH" type="NUMBER(10, 0)"/>
            <column name="MAX_LENGTH" type="NUMBER(10, 0)"/>
            <column name="MIN_VALUE" type="NUMBER(20, 8)"/>
            <column name="MAX_VALUE" type="NUMBER(20, 8)"/>
            <column name="VALUE_CONFLICT_ACTION" type="NUMBER(5, 0)"/>
            <column defaultValueNumeric="0" name="PRECISION" type="NUMBER(2, 0)"/>
            <column defaultValue="N" name="IS_UNIQUE" type="CHAR(1)"/>
            <column name="FIELD_LABEL" type="VARCHAR2(200)"/>
            <column defaultValue="N" name="IS_MANDATORY" type="CHAR(1)"/>
            <column name="DEFAULT_VALUE" type="VARCHAR2(200)"/>
            <column name="VALUE_COPY_RULE_GROUP" type="VARCHAR2(4000)"/>
        </createTable>
    </changeSet>
    <changeSet author="jason.shi (generated)" id="1451440776317-9">
        <createTable tableName="T_DD_BUSI_FIELD_TYPE">
            <column name="FIELD_TYPE" type="NUMBER(10, 0)">
                <constraints nullable="false"/>
            </column>
            <column name="NAME" type="VARCHAR2(100)">
                <constraints nullable="false"/>
            </column>
            <column name="DESCRIPTION" type="VARCHAR2(500)"/>
            <column name="DATA_TYPE" type="NUMBER(5, 0)">
                <constraints nullable="false"/>
            </column>
            <column name="MAX_LENGTH" type="NUMBER(4, 0)">
                <constraints nullable="false"/>
            </column>
            <column name="PRECISION" type="NUMBER(2, 0)"/>
            <column name="JAVA_TYPE" type="NUMBER(10, 0)">
                <constraints nullable="false"/>
            </column>
            <column defaultValueNumeric="0" name="MIN_LENGTH" type="NUMBER(4, 0)"/>
            <column defaultValueComputed="-11" name="INSERT_BY" remarks="Insert user id" type="NUMBER(10, 0)">
                <constraints nullable="false"/>
            </column>
            <column defaultValueComputed="-11" name="UPDATE_BY" remarks="Latest update user id" type="NUMBER(10, 0)">
                <constraints nullable="false"/>
            </column>
            <column defaultValueComputed="CURRENT_TIMESTAMP" name="INSERT_TIME" remarks="Record insert time" type="datetime">
                <constraints nullable="false"/>
            </column>
            <column defaultValueComputed="CURRENT_TIMESTAMP" name="UPDATE_TIME" remarks="Record update time" type="datetime">
                <constraints nullable="false"/>
            </column>
            <column name="RECORD_USAGE" remarks="Record usage for definition data,ref T_PUB_RECORD_USAGE" type="NUMBER(1, 0)">
                <constraints nullable="false"/>
            </column>
        </createTable>
    </changeSet>
    <changeSet author="jason.shi (generated)" id="1451440776317-10">
        <createTable tableName="T_DD_BUSI_INDEX">
            <column name="INDEX_ID" type="NUMBER(10, 0)">
                <constraints nullable="false"/>
            </column>
            <column name="NAME" type="VARCHAR2(100)">
                <constraints nullable="false"/>
            </column>
            <column name="DESCRIPTION" type="VARCHAR2(500)"/>
            <column name="MODEL_ID" type="NUMBER(10, 0)">
                <constraints nullable="false"/>
            </column>
            <column name="SCHEMA_NAME" type="VARCHAR2(100)">
                <constraints nullable="false"/>
            </column>
            <column name="DATA_PROVIDER_BEAN" type="VARCHAR2(500)"/>
            <column name="REBUILD_DATA_PROVIDER_BEAN" type="VARCHAR2(500)"/>
            <column defaultValueComputed="-11" name="INSERT_BY" remarks="Insert user id" type="NUMBER(10, 0)">
                <constraints nullable="false"/>
            </column>
            <column defaultValueComputed="-11" name="UPDATE_BY" remarks="Latest update user id" type="NUMBER(10, 0)">
                <constraints nullable="false"/>
            </column>
            <column defaultValueComputed="CURRENT_TIMESTAMP" name="INSERT_TIME" remarks="Record insert time" type="datetime">
                <constraints nullable="false"/>
            </column>
            <column defaultValueComputed="CURRENT_TIMESTAMP" name="UPDATE_TIME" remarks="Record update time" type="datetime">
                <constraints nullable="false"/>
            </column>
            <column name="REBUILD_INDEX_JOB_BEAN" type="VARCHAR2(500)"/>
            <column name="RECORD_USAGE" remarks="Record usage for definition data,ref T_PUB_RECORD_USAGE" type="NUMBER(1, 0)">
                <constraints nullable="false"/>
            </column>
            <column name="FIELD_DEFINITION_PROVIDER_BEAN" type="VARCHAR2(500)"/>
        </createTable>
    </changeSet>
    <changeSet author="jason.shi (generated)" id="1451440776317-11">
        <createTable tableName="T_DD_BUSI_INDEX_FIELD">
            <column name="INDEX_FIELD_ID" type="NUMBER(10, 0)">
                <constraints nullable="false"/>
            </column>
            <column name="INDEX_FIELD_NAME" type="VARCHAR2(100)"/>
            <column name="INDEX_ID" type="NUMBER(10, 0)">
                <constraints nullable="false"/>
            </column>
            <column name="MODEL_ID" type="NUMBER(10, 0)">
                <constraints nullable="false"/>
            </column>
            <column name="FIELD_ID" type="NUMBER(10, 0)">
                <constraints nullable="false"/>
            </column>
            <column defaultValue="Y" name="IS_FUZZY" type="CHAR(1)">
                <constraints nullable="false"/>
            </column>
            <column defaultValue="N" name="IS_CODE_TABLE" type="CHAR(1)"/>
            <column name="OBJECT_CODE" type="VARCHAR2(100)"/>
            <column defaultValueComputed="-11" name="INSERT_BY" remarks="Insert user id" type="NUMBER(10, 0)">
                <constraints nullable="false"/>
            </column>
            <column defaultValueComputed="-11" name="UPDATE_BY" remarks="Latest update user id" type="NUMBER(10, 0)">
                <constraints nullable="false"/>
            </column>
            <column defaultValueComputed="CURRENT_TIMESTAMP" name="INSERT_TIME" remarks="Record insert time" type="datetime">
                <constraints nullable="false"/>
            </column>
            <column defaultValueComputed="CURRENT_TIMESTAMP" name="UPDATE_TIME" remarks="Record update time" type="datetime">
                <constraints nullable="false"/>
            </column>
            <column name="RECORD_USAGE" remarks="Record usage for definition data,ref T_PUB_RECORD_USAGE" type="NUMBER(1, 0)">
                <constraints nullable="false"/>
            </column>
        </createTable>
    </changeSet>
    <changeSet author="jason.shi (generated)" id="1451440776317-12">
        <createTable tableName="T_DD_BUSI_JAVA_CLASS">
            <column name="CLASS_ID" type="NUMBER(10, 0)">
                <constraints nullable="false"/>
            </column>
            <column name="JAVA_CLASS" type="VARCHAR2(200)"/>
            <column name="MASTER_ID_PROPERTY_NAME" type="VARCHAR2(200)"/>
            <column defaultValueComputed="-11" name="INSERT_BY" remarks="Insert user id" type="NUMBER(10, 0)">
                <constraints nullable="false"/>
            </column>
            <column defaultValueComputed="-11" name="UPDATE_BY" remarks="Latest update user id" type="NUMBER(10, 0)">
                <constraints nullable="false"/>
            </column>
            <column defaultValueComputed="CURRENT_TIMESTAMP" name="INSERT_TIME" remarks="Record insert time" type="datetime">
                <constraints nullable="false"/>
            </column>
            <column defaultValueComputed="CURRENT_TIMESTAMP" name="UPDATE_TIME" remarks="Record update time" type="datetime">
                <constraints nullable="false"/>
            </column>
            <column name="RECORD_USAGE" remarks="Record usage for definition data,ref T_PUB_RECORD_USAGE" type="NUMBER(1, 0)">
                <constraints nullable="false"/>
            </column>
            <column name="PRIMARY_TABLE_NAME" remarks="Primary table name" type="VARCHAR2(30)"/>
        </createTable>
    </changeSet>
    <changeSet author="jason.shi (generated)" id="1451440776317-13">
        <createTable tableName="T_DD_BUSI_JAVA_PROPERTY">
            <column name="PROPERTY_ID" type="NUMBER(10, 0)">
                <constraints nullable="false"/>
            </column>
            <column name="NAME" type="VARCHAR2(100)"/>
            <column name="DESCRIPTION" type="VARCHAR2(500)"/>
            <column name="CLASS_ID" type="NUMBER(10, 0)"/>
            <column name="JAVA_TYPE" type="NUMBER(10, 0)"/>
            <column name="ALIAS" type="VARCHAR2(250)"/>
            <column defaultValueComputed="-11" name="INSERT_BY" remarks="Insert user id" type="NUMBER(10, 0)">
                <constraints nullable="false"/>
            </column>
            <column defaultValueComputed="-11" name="UPDATE_BY" remarks="Latest update user id" type="NUMBER(10, 0)">
                <constraints nullable="false"/>
            </column>
            <column defaultValueComputed="CURRENT_TIMESTAMP" name="INSERT_TIME" remarks="Record insert time" type="datetime">
                <constraints nullable="false"/>
            </column>
            <column defaultValueComputed="CURRENT_TIMESTAMP" name="UPDATE_TIME" remarks="Record update time" type="datetime">
                <constraints nullable="false"/>
            </column>
            <column name="RECORD_USAGE" remarks="Record usage for definition data,ref T_PUB_RECORD_USAGE" type="NUMBER(1, 0)">
                <constraints nullable="false"/>
            </column>
            <column name="TABLE_NAME" remarks="Table name" type="VARCHAR2(30)"/>
            <column name="COLUMN_NAME" remarks="Column name" type="VARCHAR2(30)"/>
        </createTable>
    </changeSet>
    <changeSet author="jason.shi (generated)" id="1451440776317-14">
        <createTable tableName="T_DD_BUSI_JAVA_TYPE">
            <column name="JAVA_TYPE" type="NUMBER(10, 0)">
                <constraints nullable="false"/>
            </column>
            <column name="CLASS_NAME" type="VARCHAR2(200)"/>
            <column name="DESCRIPTION" type="VARCHAR2(500)"/>
            <column defaultValueComputed="-11" name="INSERT_BY" remarks="Insert user id" type="NUMBER(10, 0)">
                <constraints nullable="false"/>
            </column>
            <column defaultValueComputed="-11" name="UPDATE_BY" remarks="Latest update user id" type="NUMBER(10, 0)">
                <constraints nullable="false"/>
            </column>
            <column defaultValueComputed="CURRENT_TIMESTAMP" name="INSERT_TIME" remarks="Record insert time" type="datetime">
                <constraints nullable="false"/>
            </column>
            <column defaultValueComputed="CURRENT_TIMESTAMP" name="UPDATE_TIME" remarks="Record update time" type="datetime">
                <constraints nullable="false"/>
            </column>
        </createTable>
    </changeSet>
    <changeSet author="jason.shi (generated)" id="1451440776317-15">
        <createTable tableName="T_DD_BUSI_MODEL">
            <column name="MODEL_ID" type="NUMBER(10, 0)">
                <constraints nullable="false"/>
            </column>
            <column name="NAME" type="VARCHAR2(100)"/>
            <column name="DESCRIPTION" type="VARCHAR2(500)"/>
            <column defaultValueComputed="-11" name="INSERT_BY" remarks="Insert user id" type="NUMBER(10, 0)">
                <constraints nullable="false"/>
            </column>
            <column defaultValueComputed="-11" name="UPDATE_BY" remarks="Latest update user id" type="NUMBER(10, 0)">
                <constraints nullable="false"/>
            </column>
            <column defaultValueComputed="CURRENT_TIMESTAMP" name="INSERT_TIME" remarks="Record insert time" type="datetime">
                <constraints nullable="false"/>
            </column>
            <column defaultValueComputed="CURRENT_TIMESTAMP" name="UPDATE_TIME" remarks="Record update time" type="datetime">
                <constraints nullable="false"/>
            </column>
            <column name="RECORD_USAGE" remarks="Record usage for definition data,ref T_PUB_RECORD_USAGE" type="NUMBER(1, 0)">
                <constraints nullable="false"/>
            </column>
            <column name="SCOPE_IDS" type="VARCHAR2(500)"/>
        </createTable>
    </changeSet>
    <changeSet author="jason.shi (generated)" id="1451440776317-16">
        <createTable tableName="T_DD_BUSI_OBJECT">
            <column name="OBJECT_ID" type="NUMBER(10, 0)">
                <constraints nullable="false"/>
            </column>
            <column name="NAME" type="VARCHAR2(100)">
                <constraints nullable="false"/>
            </column>
            <column name="DESCRIPTION" type="VARCHAR2(500)"/>
            <column name="CODE" type="VARCHAR2(100)">
                <constraints nullable="false"/>
            </column>
            <column name="MODEL_ID" type="NUMBER(10, 0)"/>
            <column defaultValue="N" name="IS_ABSTRACT" type="CHAR(1)"/>
            <column name="BUSINESS_CODE" type="VARCHAR2(100)"/>
            <column name="CONTEXT_ID" type="NUMBER(10, 0)"/>
            <column name="CLASS_ID" type="NUMBER(10, 0)"/>
            <column name="SUPER_OBJECT_ID" type="NUMBER(10, 0)"/>
            <column name="DYNAMIC_FIELDS" remarks="Dynamic fields in json format" type="VARCHAR2(4000)"/>
            <column name="OBJECT_REFERENCE_ID" type="NUMBER(10, 0)"/>
            <column defaultValueComputed="-11" name="INSERT_BY" remarks="Insert user id" type="NUMBER(10, 0)">
                <constraints nullable="false"/>
            </column>
            <column defaultValueComputed="-11" name="UPDATE_BY" remarks="Latest update user id" type="NUMBER(10, 0)">
                <constraints nullable="false"/>
            </column>
            <column defaultValueComputed="CURRENT_TIMESTAMP" name="INSERT_TIME" remarks="Record insert time" type="datetime">
                <constraints nullable="false"/>
            </column>
            <column defaultValueComputed="CURRENT_TIMESTAMP" name="UPDATE_TIME" remarks="Record update time" type="datetime">
                <constraints nullable="false"/>
            </column>
            <column name="RECORD_USAGE" remarks="Record usage for definition data,ref T_PUB_RECORD_USAGE" type="NUMBER(1, 0)">
                <constraints nullable="false"/>
            </column>
            <column defaultValue="N" name="DELETE_WHEN_NO_LINKED_CHILD" type="CHAR(1)"/>
            <column name="SCOPE_IDS" type="VARCHAR2(500)"/>
            <column defaultValue="N" name="IS_MANDATORY" type="CHAR(1)"/>
        </createTable>
    </changeSet>
    <changeSet author="jason.shi (generated)" id="1451440776317-17">
        <createTable tableName="T_DD_BUSI_OBJECT_LINK">
            <column name="LINK_ID" type="NUMBER(10, 0)">
                <constraints nullable="false"/>
            </column>
            <column name="OBJECT_ID" type="NUMBER(10, 0)"/>
            <column name="PARENT_OBJECT_ID" type="NUMBER(10, 0)"/>
            <column name="GROUP_CODE" type="VARCHAR2(100)"/>
            <column defaultValue="N" name="IS_AUTO_GENERATE_PARENT" type="CHAR(1)"/>
            <column name="FIELD_IDS" type="VARCHAR2(500)"/>
            <column name="DYNAMIC_FIELDS" remarks="Dynamic fields in json format" type="VARCHAR2(4000)"/>
            <column defaultValueComputed="-11" name="INSERT_BY" remarks="Insert user id" type="NUMBER(10, 0)">
                <constraints nullable="false"/>
            </column>
            <column defaultValueComputed="-11" name="UPDATE_BY" remarks="Latest update user id" type="NUMBER(10, 0)">
                <constraints nullable="false"/>
            </column>
            <column defaultValueComputed="CURRENT_TIMESTAMP" name="INSERT_TIME" remarks="Record insert time" type="datetime">
                <constraints nullable="false"/>
            </column>
            <column defaultValueComputed="CURRENT_TIMESTAMP" name="UPDATE_TIME" remarks="Record update time" type="datetime">
                <constraints nullable="false"/>
            </column>
            <column name="RECORD_USAGE" remarks="Record usage for definition data,ref T_PUB_RECORD_USAGE" type="NUMBER(1, 0)">
                <constraints nullable="false"/>
            </column>
        </createTable>
    </changeSet>
    <changeSet author="jason.shi (generated)" id="1451440776317-18">
        <createTable tableName="T_DD_BUSI_OBJECT_RELATION">
            <column name="RELATION_ID" type="NUMBER(10, 0)">
                <constraints nullable="false"/>
            </column>
            <column name="OBJECT_ID" type="NUMBER(10, 0)">
                <constraints nullable="false"/>
            </column>
            <column name="PARENT_OBJECT_ID" type="NUMBER(10, 0)">
                <constraints nullable="false"/>
            </column>
            <column name="RELATION_TYPE" type="NUMBER(5, 0)">
                <constraints nullable="false"/>
            </column>
            <column defaultValue="N" name="IS_AUTO_GENERATE_CHILD" type="CHAR(1)"/>
            <column name="DYNAMIC_FIELDS" remarks="Dynamic fields in json format" type="VARCHAR2(4000)"/>
            <column defaultValueComputed="-11" name="INSERT_BY" remarks="Insert user id" type="NUMBER(10, 0)">
                <constraints nullable="false"/>
            </column>
            <column defaultValueComputed="-11" name="UPDATE_BY" remarks="Latest update user id" type="NUMBER(10, 0)">
                <constraints nullable="false"/>
            </column>
            <column defaultValueComputed="CURRENT_TIMESTAMP" name="INSERT_TIME" remarks="Record insert time" type="datetime">
                <constraints nullable="false"/>
            </column>
            <column defaultValueComputed="CURRENT_TIMESTAMP" name="UPDATE_TIME" remarks="Record update time" type="datetime">
                <constraints nullable="false"/>
            </column>
            <column name="RECORD_USAGE" remarks="Record usage for definition data,ref T_PUB_RECORD_USAGE" type="NUMBER(1, 0)">
                <constraints nullable="false"/>
            </column>
            <column defaultValue="N" name="IS_CHILD_MANDATORY" type="CHAR(1)"/>
            <column defaultValueNumeric="0" name="MIN_COUNT" type="NUMBER(10, 0)"/>
            <column defaultValueNumeric="999" name="MAX_COUNT" type="NUMBER(10, 0)"/>
            <column defaultValueNumeric="0" name="MIN_OCCURRENCE" type="NUMBER(10, 0)"/>
            <column defaultValueNumeric="999" name="MAX_OCCURRENCE" type="NUMBER(10, 0)"/>
        </createTable>
    </changeSet>
    <changeSet author="jason.shi (generated)" id="1451440776317-19">
        <createTable tableName="T_DD_BUSI_OBJECT_RELATION_TYPE">
            <column name="RELATION_TYPE" type="NUMBER(5, 0)">
                <constraints nullable="false"/>
            </column>
            <column name="NAME" type="VARCHAR2(100)"/>
            <column name="DESCRIPTION" type="VARCHAR2(500)"/>
            <column defaultValueComputed="-11" name="INSERT_BY" remarks="Insert user id" type="NUMBER(10, 0)">
                <constraints nullable="false"/>
            </column>
            <column defaultValueComputed="-11" name="UPDATE_BY" remarks="Latest update user id" type="NUMBER(10, 0)">
                <constraints nullable="false"/>
            </column>
            <column defaultValueComputed="CURRENT_TIMESTAMP" name="INSERT_TIME" remarks="Record insert time" type="datetime">
                <constraints nullable="false"/>
            </column>
            <column defaultValueComputed="CURRENT_TIMESTAMP" name="UPDATE_TIME" remarks="Record update time" type="datetime">
                <constraints nullable="false"/>
            </column>
        </createTable>
    </changeSet>
    <changeSet author="jason.shi (generated)" id="1451440776317-20">
        <createTable tableName="T_DD_BUSI_SCOPE">
            <column name="SCOPE_ID" type="NUMBER(10, 0)">
                <constraints nullable="false"/>
            </column>
            <column name="NAME" type="VARCHAR2(100)">
                <constraints nullable="false"/>
            </column>
            <column name="DESCRIPTION" type="VARCHAR2(500)"/>
            <column defaultValueComputed="-11" name="INSERT_BY" remarks="Insert user id" type="NUMBER(10, 0)">
                <constraints nullable="false"/>
            </column>
            <column defaultValueComputed="-11" name="UPDATE_BY" remarks="Latest update user id" type="NUMBER(10, 0)">
                <constraints nullable="false"/>
            </column>
            <column defaultValueComputed="CURRENT_TIMESTAMP" name="INSERT_TIME" remarks="Record insert time" type="datetime">
                <constraints nullable="false"/>
            </column>
            <column defaultValueComputed="CURRENT_TIMESTAMP" name="UPDATE_TIME" remarks="Record update time" type="datetime">
                <constraints nullable="false"/>
            </column>
            <column name="RECORD_USAGE" remarks="Record usage for definition data,ref T_PUB_RECORD_USAGE" type="NUMBER(1, 0)">
                <constraints nullable="false"/>
            </column>
        </createTable>
    </changeSet>
    <changeSet author="jason.shi (generated)" id="1451440776317-21">
        <createTable tableName="T_DD_BUSI_TAG">
            <column name="TAG_ID" type="NUMBER(10, 0)">
                <constraints nullable="false"/>
            </column>
            <column name="NAME" type="VARCHAR2(100)">
                <constraints nullable="false"/>
            </column>
            <column name="DESCRIPTION" type="VARCHAR2(500)"/>
            <column defaultValueComputed="-11" name="INSERT_BY" remarks="Insert user id" type="NUMBER(10, 0)">
                <constraints nullable="false"/>
            </column>
            <column defaultValueComputed="-11" name="UPDATE_BY" remarks="Latest update user id" type="NUMBER(10, 0)">
                <constraints nullable="false"/>
            </column>
            <column defaultValueComputed="CURRENT_TIMESTAMP" name="INSERT_TIME" remarks="Record insert time" type="datetime">
                <constraints nullable="false"/>
            </column>
            <column defaultValueComputed="CURRENT_TIMESTAMP" name="UPDATE_TIME" remarks="Record update time" type="datetime">
                <constraints nullable="false"/>
            </column>
            <column name="RECORD_USAGE" remarks="Record usage for definition data,ref T_PUB_RECORD_USAGE" type="NUMBER(1, 0)">
                <constraints nullable="false"/>
            </column>
        </createTable>
    </changeSet>
    <changeSet author="jason.shi (generated)" id="1451440776317-22">
        <createTable tableName="T_DD_BUSI_VALUE_CONFLICT_ACT">
            <column name="VALUE_CONFLICT_ACTION" type="NUMBER(5, 0)">
                <constraints nullable="false"/>
            </column>
            <column name="NAME" type="VARCHAR2(100)"/>
            <column name="DESCRIPTION" type="VARCHAR2(500)"/>
            <column defaultValueComputed="-11" name="INSERT_BY" remarks="Insert user id" type="NUMBER(10, 0)">
                <constraints nullable="false"/>
            </column>
            <column defaultValueComputed="-11" name="UPDATE_BY" remarks="Latest update user id" type="NUMBER(10, 0)">
                <constraints nullable="false"/>
            </column>
            <column defaultValueComputed="CURRENT_TIMESTAMP" name="INSERT_TIME" remarks="Record insert time" type="datetime">
                <constraints nullable="false"/>
            </column>
            <column defaultValueComputed="CURRENT_TIMESTAMP" name="UPDATE_TIME" remarks="Record update time" type="datetime">
                <constraints nullable="false"/>
            </column>
        </createTable>
    </changeSet>
    <changeSet author="jason.shi (generated)" id="1451440776317-23">

        <addPrimaryKey columnNames="CODE_TABLE_TYPE" constraintName="PK_BUSINESS_DATA_TABLE_T__ID"  tableName="T_DD_BUSI_CODE_TABLE_TYPE"/>
    </changeSet>
    <changeSet author="jason.shi (generated)" id="1451440776317-24">

        <addPrimaryKey columnNames="SCOPE_ID" constraintName="PK_BUSINESS_SCOPE"  tableName="T_DD_BUSI_SCOPE"/>
    </changeSet>
    <changeSet author="jason.shi (generated)" id="1451440776317-25">
        <createIndex indexName="I_BUSINESS_TAG_ID" tableName="T_DD_BUSI_TAG">
            <column name="TAG_ID"/>
        </createIndex>
        <addPrimaryKey columnNames="TAG_ID" constraintName="PK_BUSINESS_TAG"  tableName="T_DD_BUSI_TAG"/>
    </changeSet>
    <changeSet author="jason.shi (generated)" id="1451440776317-26">

        <addPrimaryKey columnNames="OBJECT_ID" constraintName="PK_DD_BIZ_OBJECT"  tableName="T_DD_BUSI_OBJECT"/>
    </changeSet>
    <changeSet author="jason.shi (generated)" id="1451440776317-27">

        <addPrimaryKey columnNames="CODE_TABLE_ID" constraintName="PK_DD_BUSI_CODE_TABLE"  tableName="T_DD_BUSI_CODE_TABLE"/>
    </changeSet>
    <changeSet author="jason.shi (generated)" id="1451440776317-28">

        <addPrimaryKey columnNames="CONTEXT_ID" constraintName="PK_DD_BUSI_CONTEXT"  tableName="T_DD_BUSI_CONTEXT"/>
    </changeSet>
    <changeSet author="jason.shi (generated)" id="1451440776317-29">

        <addPrimaryKey columnNames="CONTEXT_TYPE" constraintName="PK_DD_BUSI_CONTEXT_TYPE"  tableName="T_DD_BUSI_CONTEXT_TYPE"/>
    </changeSet>
    <changeSet author="jason.shi (generated)" id="1451440776317-30">

        <addPrimaryKey columnNames="DATA_TABLE_ID" constraintName="PK_DD_BUSI_DATA_TABLE"  tableName="T_DD_BUSI_DATA_TABLE"/>
    </changeSet>
    <changeSet author="jason.shi (generated)" id="1451440776317-31">

        <addPrimaryKey columnNames="RECORD_ID" constraintName="PK_DD_BUSI_DATA_TB_RECORD"  tableName="T_DD_BUSI_DATA_TABLE_RECORD"/>
    </changeSet>
    <changeSet author="jason.shi (generated)" id="1451440776317-32">

        <addPrimaryKey columnNames="FIELD_ID" constraintName="PK_DD_BUSI_FIELD"  tableName="T_DD_BUSI_FIELD"/>
    </changeSet>
    <changeSet author="jason.shi (generated)" id="1451440776317-33">

        <addPrimaryKey columnNames="BINDING_ID" constraintName="PK_DD_BUSI_FIELD_BINDING"  tableName="T_DD_BUSI_FIELD_BINDING"/>
    </changeSet>
    <changeSet author="jason.shi (generated)" id="1451440776317-34">

        <addPrimaryKey columnNames="FIELD_TYPE" constraintName="PK_DD_BUSI_FIELD_TYPE"  tableName="T_DD_BUSI_FIELD_TYPE"/>
    </changeSet>
    <changeSet author="jason.shi (generated)" id="1451440776317-35">

        <addPrimaryKey columnNames="INDEX_ID" constraintName="PK_DD_BUSI_INDEX"  tableName="T_DD_BUSI_INDEX"/>
    </changeSet>
    <changeSet author="jason.shi (generated)" id="1451440776317-36">

        <addPrimaryKey columnNames="INDEX_FIELD_ID" constraintName="PK_DD_BUSI_INDEX_FIELD"  tableName="T_DD_BUSI_INDEX_FIELD"/>
    </changeSet>
    <changeSet author="jason.shi (generated)" id="1451440776317-37">

        <addPrimaryKey columnNames="CLASS_ID" constraintName="PK_DD_BUSI_JAVA_CLASS"  tableName="T_DD_BUSI_JAVA_CLASS"/>
    </changeSet>
    <changeSet author="jason.shi (generated)" id="1451440776317-38">

        <addPrimaryKey columnNames="PROPERTY_ID" constraintName="PK_DD_BUSI_JAVA_PROPERTY"  tableName="T_DD_BUSI_JAVA_PROPERTY"/>
    </changeSet>
    <changeSet author="jason.shi (generated)" id="1451440776317-39">

        <addPrimaryKey columnNames="JAVA_TYPE" constraintName="PK_DD_BUSI_JAVA_TYPE__ID"  tableName="T_DD_BUSI_JAVA_TYPE"/>
    </changeSet>
    <changeSet author="jason.shi (generated)" id="1451440776317-40">

        <addPrimaryKey columnNames="MODEL_ID" constraintName="PK_DD_BUSI_MODEL"  tableName="T_DD_BUSI_MODEL"/>
    </changeSet>
    <changeSet author="jason.shi (generated)" id="1451440776317-41">

        <addPrimaryKey columnNames="LINK_ID" constraintName="PK_DD_BUSI_OBJ_LINK"  tableName="T_DD_BUSI_OBJECT_LINK"/>
    </changeSet>
    <changeSet author="jason.shi (generated)" id="1451440776317-42">

        <addPrimaryKey columnNames="RELATION_ID" constraintName="PK_DD_BUSI_OBJ_RELATION"  tableName="T_DD_BUSI_OBJECT_RELATION"/>
    </changeSet>
    <changeSet author="jason.shi (generated)" id="1451440776317-43">

        <addPrimaryKey columnNames="RELATION_TYPE" constraintName="PK_DD_BUSI_OBJ_REL_TYPE"  tableName="T_DD_BUSI_OBJECT_RELATION_TYPE"/>
    </changeSet>
    <changeSet author="jason.shi (generated)" id="1451440776317-44">

        <addPrimaryKey columnNames="VALUE_CONFLICT_ACTION" constraintName="PK_DD_BUSI_VALUE_CONFLICT_ACT"  tableName="T_DD_BUSI_VALUE_CONFLICT_ACT"/>
    </changeSet>
    <changeSet author="jason.shi (generated)" id="1451440776317-45">
        <createIndex indexName="I_DD_BUSI_CODE_TABLE_C" tableName="T_DD_BUSI_CODE_TABLE">
            <column name="CODE_TABLE_TYPE"/>
        </createIndex>
    </changeSet>
    <changeSet author="jason.shi (generated)" id="1451440776317-46">
        <createIndex indexName="I_DD_BUSI_CODE_TABLE_C_D_T" tableName="T_DD_BUSI_CODE_TABLE">
            <column name="CODE_DATA_TYPE"/>
        </createIndex>
    </changeSet>
    <changeSet author="jason.shi (generated)" id="1451440776317-47">
        <createIndex indexName="I_DD_BUSI_CODE_TABLE_D_ID" tableName="T_DD_BUSI_CODE_TABLE">
            <column name="DATA_TABLE_ID"/>
        </createIndex>
    </changeSet>
    <changeSet author="jason.shi (generated)" id="1451440776317-48">
        <createIndex indexName="I_DD_BUSI_CODE_TABLE_I_D_T" tableName="T_DD_BUSI_CODE_TABLE">
            <column name="ID_DATA_TYPE"/>
        </createIndex>
    </changeSet>
    <changeSet author="jason.shi (generated)" id="1451440776317-49">
        <createIndex indexName="I_DD_BUSI_CODE_TABLE_T" tableName="T_DD_BUSI_CODE_TABLE">
            <column name="CONTEXT_ID"/>
        </createIndex>
    </changeSet>
    <changeSet author="jason.shi (generated)" id="1451440776317-50">
        <createIndex indexName="I_DD_BUSI_CONTEXT_DID" tableName="T_DD_BUSI_CONTEXT">
            <column name="CONTEXT_TYPE"/>
        </createIndex>
    </changeSet>
    <changeSet author="jason.shi (generated)" id="1451440776317-51">
        <createIndex indexName="I_DD_BUSI_DATA_TABLE__CID" tableName="T_DD_BUSI_DATA_TABLE">
            <column name="CONTEXT_ID"/>
        </createIndex>
    </changeSet>
    <changeSet author="jason.shi (generated)" id="1451440776317-52">
        <createIndex indexName="I_DD_BUSI_FIELD_FT" tableName="T_DD_BUSI_FIELD">
            <column name="FIELD_TYPE"/>
        </createIndex>
    </changeSet>
    <changeSet author="jason.shi (generated)" id="1451440776317-53">
        <createIndex indexName="I_DD_BUSI_FIELD_TYPE_DT" tableName="T_DD_BUSI_FIELD_TYPE">
            <column name="DATA_TYPE"/>
        </createIndex>
    </changeSet>
    <changeSet author="jason.shi (generated)" id="1451440776317-54">
        <createIndex indexName="I_DD_BUSI_FIELD_TYPE_JT" tableName="T_DD_BUSI_FIELD_TYPE">
            <column name="JAVA_TYPE"/>
        </createIndex>
    </changeSet>
    <changeSet author="jason.shi (generated)" id="1451440776317-55">
        <createIndex indexName="I_DD_BUSI_F_B__CID" tableName="T_DD_BUSI_FIELD_BINDING">
            <column name="CODE_TABLE_ID"/>
        </createIndex>
    </changeSet>
    <changeSet author="jason.shi (generated)" id="1451440776317-56">
        <createIndex indexName="I_DD_BUSI_F_B__FID" tableName="T_DD_BUSI_FIELD_BINDING">
            <column name="FIELD_ID"/>
        </createIndex>
    </changeSet>
    <changeSet author="jason.shi (generated)" id="1451440776317-57">
        <createIndex indexName="I_DD_BUSI_F_B__OID" tableName="T_DD_BUSI_FIELD_BINDING">
            <column name="OBJECT_ID"/>
        </createIndex>
    </changeSet>
    <changeSet author="jason.shi (generated)" id="1451440776317-58">
        <createIndex indexName="I_DD_BUSI_F_B__PID" tableName="T_DD_BUSI_FIELD_BINDING">
            <column name="PROPERTY_ID"/>
        </createIndex>
    </changeSet>
    <changeSet author="jason.shi (generated)" id="1451440776317-59">
        <createIndex indexName="I_DD_BUSI_F_B__V_C_A" tableName="T_DD_BUSI_FIELD_BINDING">
            <column name="VALUE_CONFLICT_ACTION"/>
        </createIndex>
    </changeSet>
    <changeSet author="jason.shi (generated)" id="1451440776317-60">
        <createIndex indexName="I_DD_BUSI_INDEX" tableName="T_DD_BUSI_INDEX">
            <column name="MODEL_ID"/>
        </createIndex>
    </changeSet>
    <changeSet author="jason.shi (generated)" id="1451440776317-61">
        <createIndex indexName="I_DD_BUSI_INDEX_FIELD_FID" tableName="T_DD_BUSI_INDEX_FIELD">
            <column name="FIELD_ID"/>
        </createIndex>
    </changeSet>
    <changeSet author="jason.shi (generated)" id="1451440776317-62">
        <createIndex indexName="I_DD_BUSI_INDEX_FIELD_IID" tableName="T_DD_BUSI_INDEX_FIELD">
            <column name="INDEX_ID"/>
        </createIndex>
    </changeSet>
    <changeSet author="jason.shi (generated)" id="1451440776317-63">
        <createIndex indexName="I_DD_BUSI_INDEX_FIELD_MID" tableName="T_DD_BUSI_INDEX_FIELD">
            <column name="MODEL_ID"/>
        </createIndex>
    </changeSet>
    <changeSet author="jason.shi (generated)" id="1451440776317-64">
        <createIndex indexName="I_DD_BUSI_JAVA_PROPERTY_CID" tableName="T_DD_BUSI_JAVA_PROPERTY">
            <column name="CLASS_ID"/>
        </createIndex>
    </changeSet>
    <changeSet author="jason.shi (generated)" id="1451440776317-65">
        <createIndex indexName="I_DD_BUSI_JAVA_PROPERTY_JT" tableName="T_DD_BUSI_JAVA_PROPERTY">
            <column name="JAVA_TYPE"/>
        </createIndex>
    </changeSet>
    <changeSet author="jason.shi (generated)" id="1451440776317-66">
        <createIndex indexName="I_DD_BUSI_OBJECT_AID" tableName="T_DD_BUSI_OBJECT">
            <column name="SUPER_OBJECT_ID"/>
        </createIndex>
    </changeSet>
    <changeSet author="jason.shi (generated)" id="1451440776317-67">
        <createIndex indexName="I_DD_BUSI_OBJECT_CID" tableName="T_DD_BUSI_OBJECT">
            <column name="CONTEXT_ID"/>
        </createIndex>
    </changeSet>
    <changeSet author="jason.shi (generated)" id="1451440776317-68">
        <createIndex indexName="I_DD_BUSI_OBJECT_CLASS" tableName="T_DD_BUSI_OBJECT">
            <column name="CLASS_ID"/>
        </createIndex>
    </changeSet>
    <changeSet author="jason.shi (generated)" id="1451440776317-69">
        <createIndex indexName="I_DD_BUSI_OBJECT_MID" tableName="T_DD_BUSI_OBJECT">
            <column name="MODEL_ID"/>
        </createIndex>
    </changeSet>
    <changeSet author="jason.shi (generated)" id="1451440776317-70">
        <createIndex indexName="I_DD_BUSI_OBJ_L_OID" tableName="T_DD_BUSI_OBJECT_LINK">
            <column name="OBJECT_ID"/>
        </createIndex>
    </changeSet>
    <changeSet author="jason.shi (generated)" id="1451440776317-71">
        <createIndex indexName="I_DD_BUSI_OBJ_L_POID" tableName="T_DD_BUSI_OBJECT_LINK">
            <column name="PARENT_OBJECT_ID"/>
        </createIndex>
    </changeSet>
    <changeSet author="jason.shi (generated)" id="1451440776317-72">
        <createIndex indexName="I_DD_BUSI_OBJ_REL_OID" tableName="T_DD_BUSI_OBJECT_RELATION">
            <column name="OBJECT_ID"/>
        </createIndex>
    </changeSet>
    <changeSet author="jason.shi (generated)" id="1451440776317-73">
        <createIndex indexName="I_DD_BUSI_OBJ_REL_POID" tableName="T_DD_BUSI_OBJECT_RELATION">
            <column name="PARENT_OBJECT_ID"/>
        </createIndex>
    </changeSet>
    <changeSet author="jason.shi (generated)" id="1451440776317-74">
        <createIndex indexName="I_DD_BUSI_OBJ_REL_RT" tableName="T_DD_BUSI_OBJECT_RELATION">
            <column name="RELATION_TYPE"/>
        </createIndex>
    </changeSet>
    <changeSet author="jason.shi (generated)" id="1451440776317-75">
        <createIndex indexName="I__DD_BUSI_CODE_TABLE_USAGE" tableName="T_DD_BUSI_CODE_TABLE">
            <column name="RECORD_USAGE"/>
        </createIndex>
    </changeSet>
    <changeSet author="jason.shi (generated)" id="1451440776317-76">
        <createIndex indexName="I__DD_BUSI_CONTEXT_TYPE_USAGE" tableName="T_DD_BUSI_CONTEXT_TYPE">
            <column name="RECORD_USAGE"/>
        </createIndex>
    </changeSet>
    <changeSet author="jason.shi (generated)" id="1451440776317-77">
        <createIndex indexName="I__DD_BUSI_CONTEXT_USAGE" tableName="T_DD_BUSI_CONTEXT">
            <column name="RECORD_USAGE"/>
        </createIndex>
    </changeSet>
    <changeSet author="jason.shi (generated)" id="1451440776317-78">
        <createIndex indexName="I__DD_BUSI_DATA_TABLE_USAGE" tableName="T_DD_BUSI_DATA_TABLE">
            <column name="RECORD_USAGE"/>
        </createIndex>
    </changeSet>
    <changeSet author="jason.shi (generated)" id="1451440776317-79">
        <createIndex indexName="I__DD_BUSI_DATA_TAB_REC_USAGE" tableName="T_DD_BUSI_DATA_TABLE_RECORD">
            <column name="RECORD_USAGE"/>
        </createIndex>
    </changeSet>
    <changeSet author="jason.shi (generated)" id="1451440776317-80">
        <createIndex indexName="I__DD_BUSI_DATA_TB_R__DID" tableName="T_DD_BUSI_DATA_TABLE_RECORD">
            <column name="DATA_TABLE_ID"/>
        </createIndex>
    </changeSet>
    <changeSet author="jason.shi (generated)" id="1451440776317-81">
        <createIndex indexName="I__DD_BUSI_FIELD_BINDING_USAGE" tableName="T_DD_BUSI_FIELD_BINDING">
            <column name="RECORD_USAGE"/>
        </createIndex>
    </changeSet>
    <changeSet author="jason.shi (generated)" id="1451440776317-82">
        <createIndex indexName="I__DD_BUSI_FIELD_TYPE_USAGE" tableName="T_DD_BUSI_FIELD_TYPE">
            <column name="RECORD_USAGE"/>
        </createIndex>
    </changeSet>
    <changeSet author="jason.shi (generated)" id="1451440776317-83">
        <createIndex indexName="I__DD_BUSI_FIELD_USAGE" tableName="T_DD_BUSI_FIELD">
            <column name="RECORD_USAGE"/>
        </createIndex>
    </changeSet>
    <changeSet author="jason.shi (generated)" id="1451440776317-84">
        <createIndex indexName="I__DD_BUSI_INDEX_FIELD_USAGE" tableName="T_DD_BUSI_INDEX_FIELD">
            <column name="RECORD_USAGE"/>
        </createIndex>
    </changeSet>
    <changeSet author="jason.shi (generated)" id="1451440776317-85">
        <createIndex indexName="I__DD_BUSI_INDEX_USAGE" tableName="T_DD_BUSI_INDEX">
            <column name="RECORD_USAGE"/>
        </createIndex>
    </changeSet>
    <changeSet author="jason.shi (generated)" id="1451440776317-86">
        <createIndex indexName="I__DD_BUSI_JAVA_CLASS_USAGE" tableName="T_DD_BUSI_JAVA_CLASS">
            <column name="RECORD_USAGE"/>
        </createIndex>
    </changeSet>
    <changeSet author="jason.shi (generated)" id="1451440776317-87">
        <createIndex indexName="I__DD_BUSI_JAVA_PROPERTY_USAGE" tableName="T_DD_BUSI_JAVA_PROPERTY">
            <column name="RECORD_USAGE"/>
        </createIndex>
    </changeSet>
    <changeSet author="jason.shi (generated)" id="1451440776317-88">
        <createIndex indexName="I__DD_BUSI_MODEL_USAGE" tableName="T_DD_BUSI_MODEL">
            <column name="RECORD_USAGE"/>
        </createIndex>
    </changeSet>
    <changeSet author="jason.shi (generated)" id="1451440776317-89">
        <createIndex indexName="I__DD_BUSI_OBJECT_LINK_USAGE" tableName="T_DD_BUSI_OBJECT_LINK">
            <column name="RECORD_USAGE"/>
        </createIndex>
    </changeSet>
    <changeSet author="jason.shi (generated)" id="1451440776317-90">
        <createIndex indexName="I__DD_BUSI_OBJECT_RELA_USAGE" tableName="T_DD_BUSI_OBJECT_RELATION">
            <column name="RECORD_USAGE"/>
        </createIndex>
    </changeSet>
    <changeSet author="jason.shi (generated)" id="1451440776317-91">
        <createIndex indexName="I__DD_BUSI_OBJECT_USAGE" tableName="T_DD_BUSI_OBJECT">
            <column name="RECORD_USAGE"/>
        </createIndex>
    </changeSet>
    <changeSet author="jason.shi (generated)" id="1451440776317-92">
        <createIndex indexName="I__DD_BUSI_SCOPE_USAGE" tableName="T_DD_BUSI_SCOPE">
            <column name="RECORD_USAGE"/>
        </createIndex>
    </changeSet>
    <changeSet author="jason.shi (generated)" id="1451440776317-93">
        <createIndex indexName="I__DD_BUSI_TAG_USAGE" tableName="T_DD_BUSI_TAG">
            <column name="RECORD_USAGE"/>
        </createIndex>
    </changeSet>
    <changeSet author="jason.shi (generated)" id="1451440776317-94">
        <createIndex indexName="U_DD_BUSI_CONTEXT" tableName="T_DD_BUSI_CONTEXT" unique="true">
            <column name="CONTEXT_TYPE"/>
            <column name="REFERENCE_ID"/>
        </createIndex>
    </changeSet>
    <changeSet author="jason.shi (generated)" id="1451440776317-95">
        <createIndex indexName="U_DD_BUSI_CONTEXT_DEFI_NAME" tableName="T_DD_BUSI_CONTEXT_TYPE" unique="true">
            <column name="NAME"/>
        </createIndex>
    </changeSet>
    <changeSet author="jason.shi (generated)" id="1451440776317-96">
        <createIndex indexName="U_DD_BUSI_DATA_TABLE" tableName="T_DD_BUSI_DATA_TABLE">
            <column name="NAME"/>
            <column name="CONTEXT_ID"/>
        </createIndex>
    </changeSet>
    <changeSet author="jason.shi (generated)" id="1451440776317-97">
        <createIndex indexName="U_DD_BUSI_FIELD" tableName="T_DD_BUSI_FIELD" unique="true">
            <column name="NAME"/>
        </createIndex>
    </changeSet>
    <changeSet author="jason.shi (generated)" id="1451440776317-98">
        <createIndex indexName="U_DD_BUSI_FIELD_BINDING" tableName="T_DD_BUSI_FIELD_BINDING" unique="true">
            <column name="OBJECT_ID"/>
            <column name="FIELD_ID"/>
        </createIndex>
    </changeSet>
    <changeSet author="jason.shi (generated)" id="1451440776317-99">
        <createIndex indexName="U_DD_BUSI_FIELD_TYPE" tableName="T_DD_BUSI_FIELD_TYPE" unique="true">
            <column name="NAME"/>
        </createIndex>
    </changeSet>
    <changeSet author="jason.shi (generated)" id="1451440776317-100">
        <createIndex indexName="U_DD_BUSI_INDEX" tableName="T_DD_BUSI_INDEX" unique="true">
            <column name="NAME"/>
        </createIndex>
    </changeSet>
    <changeSet author="jason.shi (generated)" id="1451440776317-101">
        <createIndex indexName="U_DD_BUSI_JAVA_CLASS" tableName="T_DD_BUSI_JAVA_CLASS">
            <column name="JAVA_CLASS"/>
        </createIndex>
    </changeSet>
    <changeSet author="jason.shi (generated)" id="1451440776317-102">
        <createIndex indexName="U_DD_BUSI_JAVA_PROPERTY" tableName="T_DD_BUSI_JAVA_PROPERTY">
            <column name="NAME"/>
            <column name="CLASS_ID"/>
        </createIndex>
    </changeSet>
    <changeSet author="jason.shi (generated)" id="1451440776317-103">
        <createIndex indexName="U_DD_BUSI_JAVA_TYPE" tableName="T_DD_BUSI_JAVA_TYPE" unique="true">
            <column name="CLASS_NAME"/>
        </createIndex>
    </changeSet>
    <changeSet author="jason.shi (generated)" id="1451440776317-104">
        <createIndex indexName="U_DD_BUSI_MODEL" tableName="T_DD_BUSI_MODEL" unique="true">
            <column name="NAME"/>
        </createIndex>
    </changeSet>
    <changeSet author="jason.shi (generated)" id="1451440776317-105">
        <createIndex indexName="U_DD_BUSI_OBJECT" tableName="T_DD_BUSI_OBJECT">
            <column name="MODEL_ID"/>
            <column name="CODE"/>
            <column name="CONTEXT_ID"/>
        </createIndex>
    </changeSet>
    <changeSet author="jason.shi (generated)" id="1451440776317-106">
        <createIndex indexName="U_DD_BUSI_OBJ_LINK" tableName="T_DD_BUSI_OBJECT_LINK" unique="true">
            <column name="OBJECT_ID"/>
            <column name="PARENT_OBJECT_ID"/>
        </createIndex>
    </changeSet>
    <changeSet author="jason.shi (generated)" id="1451440776317-107">
        <createIndex indexName="U_DD_BUSI_OBJ_RELATION_OP" tableName="T_DD_BUSI_OBJECT_RELATION" unique="true">
            <column name="OBJECT_ID"/>
            <column name="PARENT_OBJECT_ID"/>
        </createIndex>
    </changeSet>
    <changeSet author="jason.shi (generated)" id="1451440776317-108">
        <createIndex indexName="U_DD_BUSI_OBJ_REL_TYPE" tableName="T_DD_BUSI_OBJECT_RELATION_TYPE" unique="true">
            <column name="NAME"/>
        </createIndex>
    </changeSet>
    <changeSet author="jason.shi (generated)" id="1451440776317-109">
        <createIndex indexName="U_DD_BUSI_VALUE_CONFLICT_ACT" tableName="T_DD_BUSI_VALUE_CONFLICT_ACT" unique="true">
            <column name="NAME"/>
        </createIndex>
    </changeSet>
    <changeSet author="jason.shi (generated)" id="1451440776317-110">
        <addForeignKeyConstraint baseColumnNames="SUPER_OBJECT_ID" baseTableName="T_DD_BUSI_OBJECT" constraintName="FK_DD_BIZ_OBJECT_AID" deferrable="false" initiallyDeferred="false" onDelete="NO ACTION" onUpdate="NO ACTION" referencedColumnNames="OBJECT_ID" referencedTableName="T_DD_BUSI_OBJECT"/>
    </changeSet>
    <changeSet author="jason.shi (generated)" id="1451440776317-111">
        <addForeignKeyConstraint baseColumnNames="CONTEXT_ID" baseTableName="T_DD_BUSI_CODE_TABLE" constraintName="FK_DD_BUSI_CODE_TABLE_C" deferrable="false" initiallyDeferred="false" onDelete="NO ACTION" onUpdate="NO ACTION" referencedColumnNames="CONTEXT_ID" referencedTableName="T_DD_BUSI_CONTEXT"/>
    </changeSet>
    <changeSet author="jason.shi (generated)" id="1451440776317-112">
        <addForeignKeyConstraint baseColumnNames="CODE_DATA_TYPE" baseTableName="T_DD_BUSI_CODE_TABLE" constraintName="FK_DD_BUSI_CODE_TABLE_C_D_T" deferrable="false" initiallyDeferred="false" onDelete="NO ACTION" onUpdate="NO ACTION" referencedColumnNames="DATA_TYPE" referencedTableName="T_PUB_DATA_TYPE"/>
    </changeSet>
    <changeSet author="jason.shi (generated)" id="1451440776317-113">
        <addForeignKeyConstraint baseColumnNames="DATA_TABLE_ID" baseTableName="T_DD_BUSI_CODE_TABLE" constraintName="FK_DD_BUSI_CODE_TABLE_D_ID" deferrable="false" initiallyDeferred="false" onDelete="NO ACTION" onUpdate="NO ACTION" referencedColumnNames="DATA_TABLE_ID" referencedTableName="T_DD_BUSI_DATA_TABLE"/>
    </changeSet>
    <changeSet author="jason.shi (generated)" id="1451440776317-114">
        <addForeignKeyConstraint baseColumnNames="ID_DATA_TYPE" baseTableName="T_DD_BUSI_CODE_TABLE" constraintName="FK_DD_BUSI_CODE_TABLE_I_D_T" deferrable="false" initiallyDeferred="false" onDelete="NO ACTION" onUpdate="NO ACTION" referencedColumnNames="DATA_TYPE" referencedTableName="T_PUB_DATA_TYPE"/>
    </changeSet>
    <changeSet author="jason.shi (generated)" id="1451440776317-115">
        <addForeignKeyConstraint baseColumnNames="CODE_TABLE_TYPE" baseTableName="T_DD_BUSI_CODE_TABLE" constraintName="FK_DD_BUSI_CODE_TABLE_T" deferrable="false" initiallyDeferred="false" onDelete="NO ACTION" onUpdate="NO ACTION" referencedColumnNames="CODE_TABLE_TYPE" referencedTableName="T_DD_BUSI_CODE_TABLE_TYPE"/>
    </changeSet>
    <changeSet author="jason.shi (generated)" id="1451440776317-116">
        <addForeignKeyConstraint baseColumnNames="RECORD_USAGE" baseTableName="T_DD_BUSI_CODE_TABLE" constraintName="FK_DD_BUSI_CODE_TABLE_USAGE" deferrable="false" initiallyDeferred="false" onDelete="NO ACTION" onUpdate="NO ACTION" referencedColumnNames="RECORD_USAGE" referencedTableName="T_PUB_RECORD_USAGE"/>
    </changeSet>
    <changeSet author="jason.shi (generated)" id="1451440776317-117">
        <addForeignKeyConstraint baseColumnNames="RECORD_USAGE" baseTableName="T_DD_BUSI_CONTEXT_TYPE" constraintName="FK_DD_BUSI_CONTEXT_TYPE_USAGE" deferrable="false" initiallyDeferred="false" onDelete="NO ACTION" onUpdate="NO ACTION" referencedColumnNames="RECORD_USAGE" referencedTableName="T_PUB_RECORD_USAGE"/>
    </changeSet>
    <changeSet author="jason.shi (generated)" id="1451440776317-118">
        <addForeignKeyConstraint baseColumnNames="RECORD_USAGE" baseTableName="T_DD_BUSI_CONTEXT" constraintName="FK_DD_BUSI_CONTEXT_USAGE" deferrable="false" initiallyDeferred="false" onDelete="NO ACTION" onUpdate="NO ACTION" referencedColumnNames="RECORD_USAGE" referencedTableName="T_PUB_RECORD_USAGE"/>
    </changeSet>
    <changeSet author="jason.shi (generated)" id="1451440776317-119">
        <addForeignKeyConstraint baseColumnNames="CONTEXT_TYPE" baseTableName="T_DD_BUSI_CONTEXT" constraintName="FK_DD_BUSI_CONTEXT__T" deferrable="false" initiallyDeferred="false" onDelete="NO ACTION" onUpdate="NO ACTION" referencedColumnNames="CONTEXT_TYPE" referencedTableName="T_DD_BUSI_CONTEXT_TYPE"/>
    </changeSet>
    <changeSet author="jason.shi (generated)" id="1451440776317-120">
        <addForeignKeyConstraint baseColumnNames="RECORD_USAGE" baseTableName="T_DD_BUSI_DATA_TABLE" constraintName="FK_DD_BUSI_DATA_TABLE_USAGE" deferrable="false" initiallyDeferred="false" onDelete="NO ACTION" onUpdate="NO ACTION" referencedColumnNames="RECORD_USAGE" referencedTableName="T_PUB_RECORD_USAGE"/>
    </changeSet>
    <changeSet author="jason.shi (generated)" id="1451440776317-121">
        <addForeignKeyConstraint baseColumnNames="RECORD_USAGE" baseTableName="T_DD_BUSI_DATA_TABLE_RECORD" constraintName="FK_DD_BUSI_DATA_TAB_REC_USAGE" deferrable="false" initiallyDeferred="false" onDelete="NO ACTION" onUpdate="NO ACTION" referencedColumnNames="RECORD_USAGE" referencedTableName="T_PUB_RECORD_USAGE"/>
    </changeSet>
    <changeSet author="jason.shi (generated)" id="1451440776317-122">
        <addForeignKeyConstraint baseColumnNames="DATA_TABLE_ID" baseTableName="T_DD_BUSI_DATA_TABLE_RECORD" constraintName="FK_DD_BUSI_DATA_TB_RECORD__DID" deferrable="false" initiallyDeferred="false" onDelete="NO ACTION" onUpdate="NO ACTION" referencedColumnNames="DATA_TABLE_ID" referencedTableName="T_DD_BUSI_DATA_TABLE"/>
    </changeSet>
    <changeSet author="jason.shi (generated)" id="1451440776317-123">
        <addForeignKeyConstraint baseColumnNames="CONTEXT_ID" baseTableName="T_DD_BUSI_DATA_TABLE" constraintName="FK_DD_BUSI_DATA_TB__CID" deferrable="false" initiallyDeferred="false" onDelete="NO ACTION" onUpdate="NO ACTION" referencedColumnNames="CONTEXT_ID" referencedTableName="T_DD_BUSI_CONTEXT"/>
    </changeSet>
    <changeSet author="jason.shi (generated)" id="1451440776317-124">
        <addForeignKeyConstraint baseColumnNames="RECORD_USAGE" baseTableName="T_DD_BUSI_FIELD_BINDING" constraintName="FK_DD_BUSI_FIELD_BINDING_USAGE" deferrable="false" initiallyDeferred="false" onDelete="NO ACTION" onUpdate="NO ACTION" referencedColumnNames="RECORD_USAGE" referencedTableName="T_PUB_RECORD_USAGE"/>
    </changeSet>
    <changeSet author="jason.shi (generated)" id="1451440776317-125">
        <addForeignKeyConstraint baseColumnNames="FIELD_TYPE" baseTableName="T_DD_BUSI_FIELD" constraintName="FK_DD_BUSI_FIELD_FT" deferrable="false" initiallyDeferred="false" onDelete="NO ACTION" onUpdate="NO ACTION" referencedColumnNames="FIELD_TYPE" referencedTableName="T_DD_BUSI_FIELD_TYPE"/>
    </changeSet>
    <changeSet author="jason.shi (generated)" id="1451440776317-126">
        <addForeignKeyConstraint baseColumnNames="RECORD_USAGE" baseTableName="T_DD_BUSI_FIELD_TYPE" constraintName="FK_DD_BUSI_FIELD_TYPE_USAGE" deferrable="false" initiallyDeferred="false" onDelete="NO ACTION" onUpdate="NO ACTION" referencedColumnNames="RECORD_USAGE" referencedTableName="T_PUB_RECORD_USAGE"/>
    </changeSet>
    <changeSet author="jason.shi (generated)" id="1451440776317-127">
        <addForeignKeyConstraint baseColumnNames="DATA_TYPE" baseTableName="T_DD_BUSI_FIELD_TYPE" constraintName="FK_DD_BUSI_FIELD_TYPE__DT" deferrable="false" initiallyDeferred="false" onDelete="NO ACTION" onUpdate="NO ACTION" referencedColumnNames="DATA_TYPE" referencedTableName="T_PUB_DATA_TYPE"/>
    </changeSet>
    <changeSet author="jason.shi (generated)" id="1451440776317-128">
        <addForeignKeyConstraint baseColumnNames="JAVA_TYPE" baseTableName="T_DD_BUSI_FIELD_TYPE" constraintName="FK_DD_BUSI_FIELD_TYPE__JT" deferrable="false" initiallyDeferred="false" onDelete="NO ACTION" onUpdate="NO ACTION" referencedColumnNames="JAVA_TYPE" referencedTableName="T_DD_BUSI_JAVA_TYPE"/>
    </changeSet>
    <changeSet author="jason.shi (generated)" id="1451440776317-129">
        <addForeignKeyConstraint baseColumnNames="RECORD_USAGE" baseTableName="T_DD_BUSI_FIELD" constraintName="FK_DD_BUSI_FIELD_USAGE" deferrable="false" initiallyDeferred="false" onDelete="NO ACTION" onUpdate="NO ACTION" referencedColumnNames="RECORD_USAGE" referencedTableName="T_PUB_RECORD_USAGE"/>
    </changeSet>
    <changeSet author="jason.shi (generated)" id="1451440776317-130">
        <addForeignKeyConstraint baseColumnNames="CODE_TABLE_ID" baseTableName="T_DD_BUSI_FIELD_BINDING" constraintName="FK_DD_BUSI_F_B__CID" deferrable="false" initiallyDeferred="false" onDelete="NO ACTION" onUpdate="NO ACTION" referencedColumnNames="CODE_TABLE_ID" referencedTableName="T_DD_BUSI_CODE_TABLE"/>
    </changeSet>
    <changeSet author="jason.shi (generated)" id="1451440776317-131">
        <addForeignKeyConstraint baseColumnNames="FIELD_ID" baseTableName="T_DD_BUSI_FIELD_BINDING" constraintName="FK_DD_BUSI_F_B__FID" deferrable="false" initiallyDeferred="false" onDelete="NO ACTION" onUpdate="NO ACTION" referencedColumnNames="FIELD_ID" referencedTableName="T_DD_BUSI_FIELD"/>
    </changeSet>
    <changeSet author="jason.shi (generated)" id="1451440776317-132">
        <addForeignKeyConstraint baseColumnNames="OBJECT_ID" baseTableName="T_DD_BUSI_FIELD_BINDING" constraintName="FK_DD_BUSI_F_B__OID" deferrable="false" initiallyDeferred="false" onDelete="NO ACTION" onUpdate="NO ACTION" referencedColumnNames="OBJECT_ID" referencedTableName="T_DD_BUSI_OBJECT"/>
    </changeSet>
    <changeSet author="jason.shi (generated)" id="1451440776317-133">
        <addForeignKeyConstraint baseColumnNames="PROPERTY_ID" baseTableName="T_DD_BUSI_FIELD_BINDING" constraintName="FK_DD_BUSI_F_B__PID" deferrable="false" initiallyDeferred="false" onDelete="NO ACTION" onUpdate="NO ACTION" referencedColumnNames="PROPERTY_ID" referencedTableName="T_DD_BUSI_JAVA_PROPERTY"/>
    </changeSet>
    <changeSet author="jason.shi (generated)" id="1451440776317-134">
        <addForeignKeyConstraint baseColumnNames="VALUE_CONFLICT_ACTION" baseTableName="T_DD_BUSI_FIELD_BINDING" constraintName="FK_DD_BUSI_F_B__V_C_A" deferrable="false" initiallyDeferred="false" onDelete="NO ACTION" onUpdate="NO ACTION" referencedColumnNames="VALUE_CONFLICT_ACTION" referencedTableName="T_DD_BUSI_VALUE_CONFLICT_ACT"/>
    </changeSet>
    <changeSet author="jason.shi (generated)" id="1451440776317-135">
        <addForeignKeyConstraint baseColumnNames="FIELD_ID" baseTableName="T_DD_BUSI_INDEX_FIELD" constraintName="FK_DD_BUSI_INDEX_FIELD_FID" deferrable="false" initiallyDeferred="false" onDelete="NO ACTION" onUpdate="NO ACTION" referencedColumnNames="FIELD_ID" referencedTableName="T_DD_BUSI_FIELD"/>
    </changeSet>
    <changeSet author="jason.shi (generated)" id="1451440776317-136">
        <addForeignKeyConstraint baseColumnNames="INDEX_ID" baseTableName="T_DD_BUSI_INDEX_FIELD" constraintName="FK_DD_BUSI_INDEX_FIELD_IID" deferrable="false" initiallyDeferred="false" onDelete="NO ACTION" onUpdate="NO ACTION" referencedColumnNames="INDEX_ID" referencedTableName="T_DD_BUSI_INDEX"/>
    </changeSet>
    <changeSet author="jason.shi (generated)" id="1451440776317-137">
        <addForeignKeyConstraint baseColumnNames="MODEL_ID" baseTableName="T_DD_BUSI_INDEX_FIELD" constraintName="FK_DD_BUSI_INDEX_FIELD_MID" deferrable="false" initiallyDeferred="false" onDelete="NO ACTION" onUpdate="NO ACTION" referencedColumnNames="MODEL_ID" referencedTableName="T_DD_BUSI_MODEL"/>
    </changeSet>
    <changeSet author="jason.shi (generated)" id="1451440776317-138">
        <addForeignKeyConstraint baseColumnNames="RECORD_USAGE" baseTableName="T_DD_BUSI_INDEX_FIELD" constraintName="FK_DD_BUSI_INDEX_FIELD_USAGE" deferrable="false" initiallyDeferred="false" onDelete="NO ACTION" onUpdate="NO ACTION" referencedColumnNames="RECORD_USAGE" referencedTableName="T_PUB_RECORD_USAGE"/>
    </changeSet>
    <changeSet author="jason.shi (generated)" id="1451440776317-139">
        <addForeignKeyConstraint baseColumnNames="RECORD_USAGE" baseTableName="T_DD_BUSI_INDEX" constraintName="FK_DD_BUSI_INDEX_USAGE" deferrable="false" initiallyDeferred="false" onDelete="NO ACTION" onUpdate="NO ACTION" referencedColumnNames="RECORD_USAGE" referencedTableName="T_PUB_RECORD_USAGE"/>
    </changeSet>
    <changeSet author="jason.shi (generated)" id="1451440776317-140">
        <addForeignKeyConstraint baseColumnNames="MODEL_ID" baseTableName="T_DD_BUSI_INDEX" constraintName="FK_DD_BUSI_INDEX__M" deferrable="false" initiallyDeferred="false" onDelete="NO ACTION" onUpdate="NO ACTION" referencedColumnNames="MODEL_ID" referencedTableName="T_DD_BUSI_MODEL"/>
    </changeSet>
    <changeSet author="jason.shi (generated)" id="1451440776317-141">
        <addForeignKeyConstraint baseColumnNames="RECORD_USAGE" baseTableName="T_DD_BUSI_JAVA_CLASS" constraintName="FK_DD_BUSI_JAVA_CLASS_USAGE" deferrable="false" initiallyDeferred="false" onDelete="NO ACTION" onUpdate="NO ACTION" referencedColumnNames="RECORD_USAGE" referencedTableName="T_PUB_RECORD_USAGE"/>
    </changeSet>
    <changeSet author="jason.shi (generated)" id="1451440776317-142">
        <addForeignKeyConstraint baseColumnNames="RECORD_USAGE" baseTableName="T_DD_BUSI_JAVA_PROPERTY" constraintName="FK_DD_BUSI_JAVA_PROPERTY_USAGE" deferrable="false" initiallyDeferred="false" onDelete="NO ACTION" onUpdate="NO ACTION" referencedColumnNames="RECORD_USAGE" referencedTableName="T_PUB_RECORD_USAGE"/>
    </changeSet>
    <changeSet author="jason.shi (generated)" id="1451440776317-143">
        <addForeignKeyConstraint baseColumnNames="RECORD_USAGE" baseTableName="T_DD_BUSI_MODEL" constraintName="FK_DD_BUSI_MODEL_USAGE" deferrable="false" initiallyDeferred="false" onDelete="NO ACTION" onUpdate="NO ACTION" referencedColumnNames="RECORD_USAGE" referencedTableName="T_PUB_RECORD_USAGE"/>
    </changeSet>
    <changeSet author="jason.shi (generated)" id="1451440776317-144">
        <addForeignKeyConstraint baseColumnNames="CONTEXT_ID" baseTableName="T_DD_BUSI_OBJECT" constraintName="FK_DD_BUSI_OBJECT_CID" deferrable="false" initiallyDeferred="false" onDelete="NO ACTION" onUpdate="NO ACTION" referencedColumnNames="CONTEXT_ID" referencedTableName="T_DD_BUSI_CONTEXT"/>
    </changeSet>
    <changeSet author="jason.shi (generated)" id="1451440776317-145">
        <addForeignKeyConstraint baseColumnNames="CLASS_ID" baseTableName="T_DD_BUSI_OBJECT" constraintName="FK_DD_BUSI_OBJECT_CLASS" deferrable="false" initiallyDeferred="false" onDelete="NO ACTION" onUpdate="NO ACTION" referencedColumnNames="CLASS_ID" referencedTableName="T_DD_BUSI_JAVA_CLASS"/>
    </changeSet>
    <changeSet author="jason.shi (generated)" id="1451440776317-146">
        <addForeignKeyConstraint baseColumnNames="RECORD_USAGE" baseTableName="T_DD_BUSI_OBJECT_LINK" constraintName="FK_DD_BUSI_OBJECT_LINK_USAGE" deferrable="false" initiallyDeferred="false" onDelete="NO ACTION" onUpdate="NO ACTION" referencedColumnNames="RECORD_USAGE" referencedTableName="T_PUB_RECORD_USAGE"/>
    </changeSet>
    <changeSet author="jason.shi (generated)" id="1451440776317-147">
        <addForeignKeyConstraint baseColumnNames="MODEL_ID" baseTableName="T_DD_BUSI_OBJECT" constraintName="FK_DD_BUSI_OBJECT_MID" deferrable="false" initiallyDeferred="false" onDelete="NO ACTION" onUpdate="NO ACTION" referencedColumnNames="MODEL_ID" referencedTableName="T_DD_BUSI_MODEL"/>
    </changeSet>
    <changeSet author="jason.shi (generated)" id="1451440776317-148">
        <addForeignKeyConstraint baseColumnNames="RECORD_USAGE" baseTableName="T_DD_BUSI_OBJECT_RELATION" constraintName="FK_DD_BUSI_OBJECT_RELA_USAGE" deferrable="false" initiallyDeferred="false" onDelete="NO ACTION" onUpdate="NO ACTION" referencedColumnNames="RECORD_USAGE" referencedTableName="T_PUB_RECORD_USAGE"/>
    </changeSet>
    <changeSet author="jason.shi (generated)" id="1451440776317-149">
        <addForeignKeyConstraint baseColumnNames="RECORD_USAGE" baseTableName="T_DD_BUSI_OBJECT" constraintName="FK_DD_BUSI_OBJECT_USAGE" deferrable="false" initiallyDeferred="false" onDelete="NO ACTION" onUpdate="NO ACTION" referencedColumnNames="RECORD_USAGE" referencedTableName="T_PUB_RECORD_USAGE"/>
    </changeSet>
    <changeSet author="jason.shi (generated)" id="1451440776317-150">
        <addForeignKeyConstraint baseColumnNames="OBJECT_ID" baseTableName="T_DD_BUSI_OBJECT_LINK" constraintName="FK_DD_BUSI_OBJ_L_OID" deferrable="false" initiallyDeferred="false" onDelete="NO ACTION" onUpdate="NO ACTION" referencedColumnNames="OBJECT_ID" referencedTableName="T_DD_BUSI_OBJECT"/>
    </changeSet>
    <changeSet author="jason.shi (generated)" id="1451440776317-151">
        <addForeignKeyConstraint baseColumnNames="PARENT_OBJECT_ID" baseTableName="T_DD_BUSI_OBJECT_LINK" constraintName="FK_DD_BUSI_OBJ_L_POID" deferrable="false" initiallyDeferred="false" onDelete="NO ACTION" onUpdate="NO ACTION" referencedColumnNames="OBJECT_ID" referencedTableName="T_DD_BUSI_OBJECT"/>
    </changeSet>
    <changeSet author="jason.shi (generated)" id="1451440776317-152">
        <addForeignKeyConstraint baseColumnNames="OBJECT_ID" baseTableName="T_DD_BUSI_OBJECT_RELATION" constraintName="FK_DD_BUSI_OBJ_REL_OID" deferrable="false" initiallyDeferred="false" onDelete="NO ACTION" onUpdate="NO ACTION" referencedColumnNames="OBJECT_ID" referencedTableName="T_DD_BUSI_OBJECT"/>
    </changeSet>
    <changeSet author="jason.shi (generated)" id="1451440776317-153">
        <addForeignKeyConstraint baseColumnNames="PARENT_OBJECT_ID" baseTableName="T_DD_BUSI_OBJECT_RELATION" constraintName="FK_DD_BUSI_OBJ_REL_POID" deferrable="false" initiallyDeferred="false" onDelete="NO ACTION" onUpdate="NO ACTION" referencedColumnNames="OBJECT_ID" referencedTableName="T_DD_BUSI_OBJECT"/>
    </changeSet>
    <changeSet author="jason.shi (generated)" id="1451440776317-154">
        <addForeignKeyConstraint baseColumnNames="RELATION_TYPE" baseTableName="T_DD_BUSI_OBJECT_RELATION" constraintName="FK_DD_BUSI_OBJ_REL_RT" deferrable="false" initiallyDeferred="false" onDelete="NO ACTION" onUpdate="NO ACTION" referencedColumnNames="RELATION_TYPE" referencedTableName="T_DD_BUSI_OBJECT_RELATION_TYPE"/>
    </changeSet>
    <changeSet author="jason.shi (generated)" id="1451440776317-155">
        <addForeignKeyConstraint baseColumnNames="RECORD_USAGE" baseTableName="T_DD_BUSI_SCOPE" constraintName="FK_DD_BUSI_SCOPE_USAGE" deferrable="false" initiallyDeferred="false" onDelete="NO ACTION" onUpdate="NO ACTION" referencedColumnNames="RECORD_USAGE" referencedTableName="T_PUB_RECORD_USAGE"/>
    </changeSet>
    <changeSet author="jason.shi (generated)" id="1451440776317-156">
        <addForeignKeyConstraint baseColumnNames="RECORD_USAGE" baseTableName="T_DD_BUSI_TAG" constraintName="FK_DD_BUSI_TAG_USAGE" deferrable="false" initiallyDeferred="false" onDelete="NO ACTION" onUpdate="NO ACTION" referencedColumnNames="RECORD_USAGE" referencedTableName="T_PUB_RECORD_USAGE"/>
    </changeSet>
    <changeSet author="jason.shi (generated)" id="1451440776317-157">
        <addForeignKeyConstraint baseColumnNames="CLASS_ID" baseTableName="T_DD_BUSI_JAVA_PROPERTY" constraintName="F_DD_BUSI_JAVA_PROPERTY_CID" deferrable="false" initiallyDeferred="false" onDelete="NO ACTION" onUpdate="NO ACTION" referencedColumnNames="CLASS_ID" referencedTableName="T_DD_BUSI_JAVA_CLASS"/>
    </changeSet>
    <changeSet author="jason.shi (generated)" id="1451440776317-158">
        <addForeignKeyConstraint baseColumnNames="JAVA_TYPE" baseTableName="T_DD_BUSI_JAVA_PROPERTY" constraintName="F_DD_BUSI_JAVA_PROPERTY_JT" deferrable="false" initiallyDeferred="false" onDelete="NO ACTION" onUpdate="NO ACTION" referencedColumnNames="JAVA_TYPE" referencedTableName="T_DD_BUSI_JAVA_TYPE"/>
    </changeSet>
</databaseChangeLog>
