<?xml version="1.0" encoding="UTF-8" standalone="no"?>
<databaseChangeLog xmlns="http://www.liquibase.org/xml/ns/dbchangelog" xmlns:ext="http://www.liquibase.org/xml/ns/dbchangelog-ext" xmlns:xsi="http://www.w3.org/2001/XMLSchema-instance" xsi:schemaLocation="http://www.liquibase.org/xml/ns/dbchangelog-ext http://www.liquibase.org/xml/ns/dbchangelog/dbchangelog-ext.xsd http://www.liquibase.org/xml/ns/dbchangelog http://www.liquibase.org/xml/ns/dbchangelog/dbchangelog-3.3.xsd">

    <changeSet author="generated" id="2016052002_T_RI_CONT_PREMIUM">
        <modifyDataType columnName="RATE"
        	newDataType="NUMBER(10,9)"
        	tableName="T_RI_CONT_PREMIUM"/>
        <modifyDataType columnName="LOSSRATE_FROM"
        	newDataType="NUMBER(10,9)"
        	tableName="T_RI_CONT_PREMIUM"/>
        <modifyDataType columnName="LOSSRATE_TO"
        	newDataType="NUMBER(10,9)"
        	tableName="T_RI_CONT_PREMIUM"/>
        <modifyDataType columnName="PREMIUMRATE_FROM"
        	newDataType="NUMBER(10,9)"
        	tableName="T_RI_CONT_PREMIUM"/>
        <modifyDataType columnName="PREMIUMRATE_TO"
        	newDataType="NUMBER(10,9)"
        	tableName="T_RI_CONT_PREMIUM"/>
        <modifyDataType columnName="PROVISIONAL_RATE"
        	newDataType="NUMBER(10,9)"
        	tableName="T_RI_CONT_PREMIUM"/>
    </changeSet>
    <changeSet author="generated" id="2016052003_T_RI_CONT_PREMIUM_LOG">
        <modifyDataType columnName="RATE"
        	newDataType="NUMBER(10,9)"
        	tableName="T_RI_CONT_PREMIUM_LOG"/>
        <modifyDataType columnName="LOSSRATE_FROM"
        	newDataType="NUMBER(10,9)"
        	tableName="T_RI_CONT_PREMIUM_LOG"/>
        <modifyDataType columnName="LOSSRATE_TO"
        	newDataType="NUMBER(10,9)"
        	tableName="T_RI_CONT_PREMIUM_LOG"/>
        <modifyDataType columnName="PREMIUMRATE_FROM"
        	newDataType="NUMBER(10,9)"
        	tableName="T_RI_CONT_PREMIUM_LOG"/>
        <modifyDataType columnName="PREMIUMRATE_TO"
        	newDataType="NUMBER(10,9)"
        	tableName="T_RI_CONT_PREMIUM_LOG"/>
        <modifyDataType columnName="PROVISIONAL_RATE"
        	newDataType="NUMBER(10,9)"
        	tableName="T_RI_CONT_PREMIUM_LOG"/>
    </changeSet>
    
    <changeSet author="generated" id="2016052004_T_RI_CONT_DEDUCTIONS_COMM">
        <modifyDataType columnName="FIRST_CAL"
        	newDataType="NUMBER(4)"
        	tableName="T_RI_CONT_DEDUCTIONS_COMM"/>
        <modifyDataType columnName="SUBSEQUENT_CALC"
        	newDataType="NUMBER(4)"
        	tableName="T_RI_CONT_DEDUCTIONS_COMM"/>
    </changeSet>
    <changeSet author="generated" id="2016052005_T_RI_CONT_DEDUCTIONS_COMM_LOG">
        <modifyDataType columnName="FIRST_CAL"
        	newDataType="NUMBER(4)"
        	tableName="T_RI_CONT_DEDUCTIONS_COMM_LOG"/>
        <modifyDataType columnName="SUBSEQUENT_CALC"
        	newDataType="NUMBER(4)"
        	tableName="T_RI_CONT_DEDUCTIONS_COMM_LOG"/>
    </changeSet>
    
    <changeSet author="generated" id="2016052101_T_RI_CONT_PREMIUM_ITEM">
        <modifyDataType columnName="DEPOSIT_AMOUNT"
        	newDataType="NUMBER(10,9)"
        	tableName="T_RI_CONT_PREMIUM_ITEM"/>
        <modifyDataType columnName="MINIMUM_AMOUNT"
        	newDataType="NUMBER(10,9)"
        	tableName="T_RI_CONT_PREMIUM_ITEM"/>
        <modifyDataType columnName="PERCENTAGE"
        	newDataType="NUMBER(10,9)"
        	tableName="T_RI_CONT_PREMIUM_ITEM"/>
    </changeSet>
    <changeSet author="generated" id="2016052102_T_RI_CONT_PREMIUM_ITEM_LOG">
        <modifyDataType columnName="DEPOSIT_AMOUNT"
        	newDataType="NUMBER(10,9)"
        	tableName="T_RI_CONT_PREMIUM_ITEM_LOG"/>
        <modifyDataType columnName="MINIMUM_AMOUNT"
        	newDataType="NUMBER(10,9)"
        	tableName="T_RI_CONT_PREMIUM_ITEM_LOG"/>
        <modifyDataType columnName="PERCENTAGE"
        	newDataType="NUMBER(10,9)"
        	tableName="T_RI_CONT_PREMIUM_ITEM_LOG"/>
    </changeSet>
    
    <changeSet author="generated" id="2016052103_change_data_type">
        <sql>
        	ALTER TABLE T_RI_CONT_DEDUCTIONS_ATTACH MODIFY LR_FROM NUMBER(10,9);
			ALTER TABLE T_RI_CONT_DEDUCTIONS_ATTACH MODIFY LR_TO NUMBER(10,9);
			ALTER TABLE T_RI_CONT_DEDUCTIONS_ATTACH MODIFY COMMISSION NUMBER(10,9);
			ALTER TABLE T_RI_CONT_DEDUCTIONS_ATT_LOG MODIFY LR_FROM NUMBER(10,9);
			ALTER TABLE T_RI_CONT_DEDUCTIONS_ATT_LOG MODIFY LR_TO NUMBER(10,9);
			ALTER TABLE T_RI_CONT_DEDUCTIONS_ATT_LOG MODIFY COMMISSION NUMBER(10,9);
			ALTER TABLE T_RI_CONT_REINSTATE_ITEM MODIFY REIN_RATE NUMBER(10,9);
			ALTER TABLE T_RI_CONT_REINSTATE_ITEM_LOG MODIFY REIN_RATE NUMBER(10,9);
			ALTER TABLE T_RI_CONT_SHARE MODIFY COINSURANCE NUMBER(10,9);
			ALTER TABLE T_RI_CONT_SHARE_LOG MODIFY COINSURANCE NUMBER(10,9);
			
			ALTER TABLE T_RI_CONT_REINSTATE MODIFY REIN_NUM NUMBER(10);
			ALTER TABLE T_RI_CONT_REINSTATE_LOG MODIFY REIN_NUM NUMBER(10);
			ALTER TABLE T_RI_CONT_REINSTATE_ITEM MODIFY REINSTATE NUMBER(10);
			ALTER TABLE T_RI_CONT_REINSTATE_ITEM_LOG MODIFY REINSTATE NUMBER(10);
			ALTER TABLE T_RI_CONT_PREMIUM_ITEM MODIFY INSTAL_NO NUMBER(10);
			ALTER TABLE T_RI_CONT_PREMIUM_ITEM MODIFY INSTAL_PAY_NO NUMBER(10);
			ALTER TABLE T_RI_CONT_PREMIUM_ITEM_LOG MODIFY INSTAL_NO NUMBER(10);
			ALTER TABLE T_RI_CONT_PREMIUM_ITEM_LOG MODIFY INSTAL_PAY_NO NUMBER(10);
			ALTER TABLE T_RI_CONT_LIMIT_ITEM MODIFY NO_OF_LINES NUMBER(10);
			ALTER TABLE T_RI_CONT_LIMIT_ITEM_LOG MODIFY NO_OF_LINES NUMBER(10);
			ALTER TABLE T_RI_CONT_LOSS MODIFY FIRST_CALC_AFTER NUMBER(10);
			ALTER TABLE T_RI_CONT_LOSS MODIFY SUB_CALC_EVERY NUMBER(10);
			ALTER TABLE T_RI_CONT_LOSS_LOG MODIFY FIRST_CALC_AFTER NUMBER(10);
			ALTER TABLE T_RI_CONT_LOSS_LOG MODIFY SUB_CALC_EVERY NUMBER(10);
			ALTER TABLE T_RI_CONT_RESERVE_REBATE MODIFY EXPIRATION_YEAR NUMBER(10);
			ALTER TABLE T_RI_CONT_RESERVE_REBATE MODIFY EXPIRATION_MONTH NUMBER(10);
			ALTER TABLE T_RI_CONT_RESERVE_REBATE MODIFY EXPIRATION_DAYS NUMBER(10);
			ALTER TABLE T_RI_CONT_RESERVE_REBATE MODIFY LR_CALC_YEARS NUMBER(10);
			ALTER TABLE T_RI_CONT_RESERVE_REBATE_LOG MODIFY EXPIRATION_YEAR NUMBER(10);
			ALTER TABLE T_RI_CONT_RESERVE_REBATE_LOG MODIFY EXPIRATION_MONTH NUMBER(10);
			ALTER TABLE T_RI_CONT_RESERVE_REBATE_LOG MODIFY EXPIRATION_DAYS NUMBER(10);
			ALTER TABLE T_RI_CONT_RESERVE_REBATE_LOG MODIFY LR_CALC_YEARS NUMBER(10);
			ALTER TABLE T_RI_CONT_DEDUCTIONS_COMM MODIFY FIRST_CAL NUMBER(10);
			ALTER TABLE T_RI_CONT_DEDUCTIONS_COMM MODIFY SUBSEQUENT_CALC NUMBER(10);
			ALTER TABLE T_RI_CONT_DEDUCTIONS_COMM_LOG MODIFY FIRST_CAL NUMBER(10);
			ALTER TABLE T_RI_CONT_DEDUCTIONS_COMM_LOG MODIFY SUBSEQUENT_CALC NUMBER(10);
			ALTER TABLE T_RI_CONT_CLAIM MODIFY NO_OF_DAY NUMBER(10);
			ALTER TABLE T_RI_CONT_CLAIM_LOG MODIFY NO_OF_DAY NUMBER(10);
			ALTER TABLE T_RI_CONT_ACCOUNT MODIFY ACCOUNT_DAYS NUMBER(10);
			ALTER TABLE T_RI_CONT_ACCOUNT MODIFY SETTLEMENT_DAYS NUMBER(10);
			ALTER TABLE T_RI_CONT_ACCOUNT_LOG MODIFY ACCOUNT_DAYS NUMBER(10);
			ALTER TABLE T_RI_CONT_ACCOUNT_LOG MODIFY SETTLEMENT_DAYS NUMBER(10);
			ALTER TABLE T_RI_CONT_CANCEL MODIFY PNOC_CEDENT_MONTH NUMBER(10);
			ALTER TABLE T_RI_CONT_CANCEL MODIFY PNOC_CEDENT_DAY NUMBER(10);
			ALTER TABLE T_RI_CONT_CANCEL MODIFY PNOC_REINSURER_MONTH NUMBER(10);
			ALTER TABLE T_RI_CONT_CANCEL MODIFY PNOC_REINSURER_DAY NUMBER(10);
			ALTER TABLE T_RI_CONT_CANCEL MODIFY DNOC_WAR_MONTH NUMBER(10);
			ALTER TABLE T_RI_CONT_CANCEL MODIFY DNOC_WAR_DAY NUMBER(10);
			ALTER TABLE T_RI_CONT_CANCEL MODIFY DNOC_POLITICAL_MONTH NUMBER(10);
			ALTER TABLE T_RI_CONT_CANCEL MODIFY DNOC_POLITICAL_DAY NUMBER(10);
			ALTER TABLE T_RI_CONT_CANCEL MODIFY DNOC_SANCTION_MONTH NUMBER(10);
			ALTER TABLE T_RI_CONT_CANCEL MODIFY DNOC_SANCTION_DAY NUMBER(10);
			ALTER TABLE T_RI_CONT_CANCEL_LOG MODIFY PNOC_CEDENT_MONTH NUMBER(10);
			ALTER TABLE T_RI_CONT_CANCEL_LOG MODIFY PNOC_CEDENT_DAY NUMBER(10);
			ALTER TABLE T_RI_CONT_CANCEL_LOG MODIFY PNOC_REINSURER_MONTH NUMBER(10);
			ALTER TABLE T_RI_CONT_CANCEL_LOG MODIFY PNOC_REINSURER_DAY NUMBER(10);
			ALTER TABLE T_RI_CONT_CANCEL_LOG MODIFY DNOC_WAR_MONTH NUMBER(10);
			ALTER TABLE T_RI_CONT_CANCEL_LOG MODIFY DNOC_WAR_DAY NUMBER(10);
			ALTER TABLE T_RI_CONT_CANCEL_LOG MODIFY DNOC_POLITICAL_MONTH NUMBER(10);
			ALTER TABLE T_RI_CONT_CANCEL_LOG MODIFY DNOC_POLITICAL_DAY NUMBER(10);
			ALTER TABLE T_RI_CONT_CANCEL_LOG MODIFY DNOC_SANCTION_MONTH NUMBER(10);
			ALTER TABLE T_RI_CONT_CANCEL_LOG MODIFY DNOC_SANCTION_DAY NUMBER(10);
			ALTER TABLE T_RI_CONT_DEDUCTIONS_CARRIED MODIFY YEARS NUMBER(10);
			ALTER TABLE T_RI_CONT_DEDUCTIONS_CARR_LOG MODIFY YEARS NUMBER(10);
        </sql>
    </changeSet>
    
</databaseChangeLog>