<?xml version="1.0" encoding="UTF-8" standalone="no"?>
<databaseChangeLog xmlns="http://www.liquibase.org/xml/ns/dbchangelog" xmlns:ext="http://www.liquibase.org/xml/ns/dbchangelog-ext" xmlns:xsi="http://www.w3.org/2001/XMLSchema-instance" xsi:schemaLocation="http://www.liquibase.org/xml/ns/dbchangelog-ext http://www.liquibase.org/xml/ns/dbchangelog/dbchangelog-ext.xsd http://www.liquibase.org/xml/ns/dbchangelog http://www.liquibase.org/xml/ns/dbchangelog/dbchangelog-3.3.xsd">
  <changeSet author="generated" id="201604131602_T_PUB_TRIGGER_DEFINATION.data">
    <insert tableName="T_PUB_TRIGGER_DEFINATION">
      <column name="ID" valueNumeric="5"/>
      <column name="CATALOG" value="peakre"/>
      <column name="CORN"/>
      <column name="DESCRIPTION" value="ARAP general ledger daily batch trigger"/>
      <column name="EXECUTE_INTERVAL" valueNumeric="600"/>
      <column name="NAME" value="General ledger batch trigger"/>
    </insert>    
  </changeSet>
</databaseChangeLog>
