<?xml version="1.0" encoding="UTF-8" standalone="no"?>
<databaseChangeLog xmlns="http://www.liquibase.org/xml/ns/dbchangelog" xmlns:ext="http://www.liquibase.org/xml/ns/dbchangelog-ext" xmlns:xsi="http://www.w3.org/2001/XMLSchema-instance" xsi:schemaLocation="http://www.liquibase.org/xml/ns/dbchangelog-ext http://www.liquibase.org/xml/ns/dbchangelog/dbchangelog-ext.xsd http://www.liquibase.org/xml/ns/dbchangelog http://www.liquibase.org/xml/ns/dbchangelog/dbchangelog-3.3.xsd">
  <changeSet author="generated" id="201604131603_T_PUB_JOB_DEFINATION.data">
    <update tableName="T_PUB_JOB_DEFINATION">
        <column name="TRIGGER_DEFINATION_ID" type="NUMBER(19)">5</column>
        <where>id=2</where>
    </update>
  </changeSet>
</databaseChangeLog>
