<?xml version="1.0" encoding="UTF-8" standalone="no"?>
<databaseChangeLog xmlns="http://www.liquibase.org/xml/ns/dbchangelog"
	xmlns:ext="http://www.liquibase.org/xml/ns/dbchangelog-ext" xmlns:xsi="http://www.w3.org/2001/XMLSchema-instance"
	xsi:schemaLocation="http://www.liquibase.org/xml/ns/dbchangelog-ext http://www.liquibase.org/xml/ns/dbchangelog/dbchangelog-ext.xsd http://www.liquibase.org/xml/ns/dbchangelog http://www.liquibase.org/xml/ns/dbchangelog/dbchangelog-3.3.xsd">
	<changeSet author="loger.luo" id="T_PUB_DUMMY">
		<createTable tableName="T_PUB_DUMMY" remarks="dummy table">
			<column name="DUMMY" type="CHAR(1)" remarks="Dummy column">
			</column>
		</createTable>
	</changeSet>

	<changeSet author="loger.luo" id="T_PUB_DUMMY.data">
		<insert tableName="T_PUB_DUMMY">
			<column name="DUMMY" value="1" />
		</insert>
	</changeSet>
</databaseChangeLog>
