<?xml version="1.0" encoding="UTF-8" standalone="no"?>
<databaseChangeLog xmlns="http://www.liquibase.org/xml/ns/dbchangelog" xmlns:ext="http://www.liquibase.org/xml/ns/dbchangelog-ext" xmlns:xsi="http://www.w3.org/2001/XMLSchema-instance" xsi:schemaLocation="http://www.liquibase.org/xml/ns/dbchangelog-ext http://www.liquibase.org/xml/ns/dbchangelog/dbchangelog-ext.xsd http://www.liquibase.org/xml/ns/dbchangelog http://www.liquibase.org/xml/ns/dbchangelog/dbchangelog-3.4.xsd">
    <changeSet author="jason.shi (generated)" id="1456888467081-1">
        <createTable tableName="T_PUB_AUDIT">
            <column name="AUDIT_ID" remarks="PK,Sequence" type="NUMBER(10, 0)">
                <constraints nullable="false"/>
            </column>
            <column name="AUDIT_EVENT_TYPE" remarks="Audit Event type" type="NUMBER(10, 0)">
                <constraints nullable="false"/>
            </column>
            <column name="OBJECT_ID" remarks="Audit Object ID" type="NUMBER(10, 0)">
                <constraints nullable="false"/>
            </column>
            <column name="CLIENT_IP" remarks="Client IP" type="VARCHAR2(30)"/>
            <column name="OPERATOR_ID" remarks="Operator Id" type="NUMBER(10, 0)">
                <constraints nullable="false"/>
            </column>
            <column name="ORG_ID" remarks="User Org Id" type="VARCHAR2(15)">
                <constraints nullable="false"/>
            </column>
            <column name="CHANGE_DATA" remarks="Change Data in JSON format, including Object Name,Id,Changed fields" type="VARCHAR2(4000)"/>
            <column defaultValueComputed="CURRENT_TIMESTAMP" name="INSERT_TIME" remarks="Record insert time" type="TIMESTAMP(6)">
                <constraints nullable="false"/>
            </column>
            <column name="AUDIT_TIME" remarks="Audit time (user local time)" type="date">
                <constraints nullable="false"/>
            </column>
            <column defaultValueComputed="-11" name="INSERT_BY" remarks="Insert user id" type="NUMBER(10, 0)">
                <constraints nullable="false"/>
            </column>
            <column defaultValueComputed="-11" name="UPDATE_BY" remarks="Latest update user id" type="NUMBER(10, 0)">
                <constraints nullable="false"/>
            </column>
            <column defaultValueComputed="CURRENT_TIMESTAMP" name="UPDATE_TIME" remarks="Record update time" type="TIMESTAMP(6)">
                <constraints nullable="false"/>
            </column>
            <column name="TRANSACTION_ID" remarks="Global Transaction ID" type="NUMBER(19, 0)">
                <constraints nullable="false"/>
            </column>
        </createTable>
    </changeSet>
    <changeSet author="jason.shi (generated)" id="1456888467081-2">
        <createTable tableName="T_PUB_AUDIT_EVENT_TYPE">
            <column name="AUDIT_EVENT_TYPE" remarks="Audit Event Type" type="NUMBER(10, 0)">
                <constraints nullable="false"/>
            </column>
            <column name="WARNING_LEVEL" remarks="Warning Level" type="NUMBER(2, 0)">
                <constraints nullable="false"/>
            </column>
            <column name="TYPE_NAME" remarks="Audit Event type name" type="VARCHAR2(100)">
                <constraints nullable="false"/>
            </column>
            <column name="AUDIT_OBJECT_CODE_TABLE" remarks="Audit Object Code table" type="VARCHAR2(40)">
                <constraints nullable="false"/>
            </column>
            <column name="AUDIT_OBJECT_ID_FIELD_NAME" remarks="Audit Object  Id Field Name,refer field name in T_DD_BUSI_FIELD" type="VARCHAR2(40)">
                <constraints nullable="false"/>
            </column>
            <column name="AUDIT_OBJECT_CODE_FIELD_NAME" remarks="Audit Object  Code Field Name,refer field name in T_DD_BUSI_FIELD" type="VARCHAR2(100)">
                <constraints nullable="false"/>
            </column>
            <column name="RECORD_USAGE" remarks="Record usage for definition data,ref T_PUB_RECORD_USAGE" type="NUMBER(1, 0)">
                <constraints nullable="false"/>
            </column>
        </createTable>
    </changeSet>
    <changeSet author="jason.shi (generated)" id="1456888467081-3">
        <createTable remarks="Audit Warning Level code table" tableName="T_PUB_AUDIT_WARNING_LEVEL">
            <column name="WARNING_LEVEL" remarks="Warning level" type="NUMBER(2, 0)">
                <constraints nullable="false"/>
            </column>
            <column name="LEVEL_DESC" remarks="Level description" type="VARCHAR2(100)"/>
        </createTable>
    </changeSet>

    <changeSet author="jason.shi (generated)" id="1456888467081-7">
        <addPrimaryKey columnNames="AUDIT_ID" constraintName="PK_PUB_AUDIT" tableName="T_PUB_AUDIT"/>
    </changeSet>
    <changeSet author="jason.shi (generated)" id="1456888467081-8">

        <addPrimaryKey columnNames="AUDIT_EVENT_TYPE" constraintName="PK_T_PUB_AUDIT_EVENT_TYPE"  tableName="T_PUB_AUDIT_EVENT_TYPE"/>
    </changeSet>
    <changeSet author="jason.shi (generated)" id="1456888467081-9">

        <addPrimaryKey columnNames="WARNING_LEVEL" constraintName="PK_T_PUB_AUDIT_WARNING_LEVEL" tableName="T_PUB_AUDIT_WARNING_LEVEL"/>
    </changeSet>
    <changeSet author="jason.shi (generated)" id="1456888467081-10">
        <createIndex indexName="IDX_PUB_AUDIT_LOG_OBJ_ID" tableName="T_PUB_AUDIT">
            <column name="OBJECT_ID"/>
        </createIndex>
    </changeSet>
    <changeSet author="jason.shi (generated)" id="1456888467081-11">
        <addForeignKeyConstraint baseColumnNames="RECORD_USAGE" baseTableName="T_PUB_AUDIT_EVENT_TYPE" constraintName="FK_AUDIT_EVENT_TYPE_USAGE" deferrable="false" initiallyDeferred="false" onDelete="RESTRICT" onUpdate="RESTRICT" referencedColumnNames="RECORD_USAGE" referencedTableName="T_PUB_RECORD_USAGE"/>
    </changeSet>
    <changeSet author="jason.shi (generated)" id="1456888467081-12">
        <addForeignKeyConstraint baseColumnNames="WARNING_LEVEL" baseTableName="T_PUB_AUDIT_EVENT_TYPE" constraintName="FK_AUDIT_EVENT_TYPE_WARNING_LE" deferrable="false" initiallyDeferred="false" onDelete="RESTRICT" onUpdate="RESTRICT" referencedColumnNames="WARNING_LEVEL" referencedTableName="T_PUB_AUDIT_WARNING_LEVEL"/>
    </changeSet>
    <changeSet author="jason.shi (generated)" id="1456888467081-13">
        <addForeignKeyConstraint baseColumnNames="AUDIT_EVENT_TYPE" baseTableName="T_PUB_AUDIT" constraintName="FK_PUB_AUDIT_AUDIT_EVENT_TYPE" deferrable="false" initiallyDeferred="false" onDelete="RESTRICT" onUpdate="RESTRICT" referencedColumnNames="AUDIT_EVENT_TYPE" referencedTableName="T_PUB_AUDIT_EVENT_TYPE"/>
    </changeSet>
    

</databaseChangeLog>
