<?xml version="1.0" encoding="UTF-8" standalone="no"?>
<databaseChangeLog xmlns="http://www.liquibase.org/xml/ns/dbchangelog" xmlns:ext="http://www.liquibase.org/xml/ns/dbchangelog-ext" xmlns:xsi="http://www.w3.org/2001/XMLSchema-instance" xsi:schemaLocation="http://www.liquibase.org/xml/ns/dbchangelog-ext http://www.liquibase.org/xml/ns/dbchangelog/dbchangelog-ext.xsd http://www.liquibase.org/xml/ns/dbchangelog http://www.liquibase.org/xml/ns/dbchangelog/dbchangelog-3.4.xsd">


    <changeSet author="jason.shi (generated)" id="1453811978785-3">
        <createTable remarks="Region under country" tableName="T_PUB_REGION">
            <column name="REGION_ID" remarks="region id" type="NUMBER(10, 0)">
                <constraints nullable="false"/>
            </column>
            <column name="COUNTRY_CODE" remarks="country code" type="VARCHAR2(2)">
                <constraints nullable="false"/>
            </column>
            <column name="REGION_LEVEL" remarks="regin level" type="NUMBER(5, 0)">
                <constraints nullable="false"/>
            </column>
            <column name="PARENT_REGION_ID" remarks="parent region" type="NUMBER(10, 0)"/>
            <column name="REGION_NAME" remarks="region name" type="VARCHAR2(200)">
                <constraints nullable="false"/>
            </column>
            <column name="POST_CODE" remarks="post code" type="VARCHAR2(10)"/>
        </createTable>
    </changeSet>
    <changeSet author="jason.shi (generated)" id="1453811978785-4">
        <createTable remarks="Level of region, can be province,state,city,county,..." tableName="T_PUB_REGION_LEVEL">
            <column name="REGION_LEVEL" remarks="Region level" type="NUMBER(5, 0)">
                <constraints nullable="false"/>
            </column>
            <column name="COUNTRY_CODE" remarks="country code,filter condition" type="VARCHAR2(2)">
                <constraints nullable="false"/>
            </column>
            <column name="LEVEL_NAME" remarks="level name" type="VARCHAR2(40)">
                <constraints nullable="false"/>
            </column>
        </createTable>
    </changeSet>
    <changeSet author="jason.shi (generated)" id="1453811978785-5">
        <createTable remarks="Integration in tx message,only recent message stored here" tableName="T_PUB_TX_IN_MESSAGE">
            <column name="TX_IN_RECORD_ID" remarks="PK" type="NUMBER(19, 0)">
                <constraints nullable="false"/>
            </column>
            <column name="GLOBAL_TRANSACTION_ID" remarks="global transaction id,info only. Not unique, one global transaction may send multiple message" type="NUMBER(19, 0)">
                <constraints nullable="false"/>
            </column>
            <column name="SOURCE_SUB_SYSTEM_ID" remarks="source sub system" type="NUMBER(2, 0)">
                <constraints nullable="false"/>
            </column>
            <column name="SOURCE_TRANSACTION_TIME" remarks="transaction generate time" type="datetime">
                <constraints nullable="false"/>
            </column>
            <column name="MESSAGE_DATA" remarks="message queue data,including message head/body &amp; other information" type="CLOB">
                <constraints nullable="false"/>
            </column>
            <column defaultValueComputed="-11" name="INSERT_BY" remarks="Insert user id" type="NUMBER(10, 0)">
                <constraints nullable="false"/>
            </column>
            <column defaultValueComputed="-11" name="UPDATE_BY" remarks="Latest update user id" type="NUMBER(10, 0)">
                <constraints nullable="false"/>
            </column>
            <column defaultValueComputed="CURRENT_TIMESTAMP" name="INSERT_TIME" remarks="Record insert time" type="datetime">
                <constraints nullable="false"/>
            </column>
            <column defaultValueComputed="CURRENT_TIMESTAMP" name="UPDATE_TIME" remarks="Record update time" type="datetime">
                <constraints nullable="false"/>
            </column>
            <column name="DYNAMIC_FIELDS" remarks="Dynamic fields in json format" type="VARCHAR2(4000)"/>
            <column name="SOURCE_TX_RECORD_ID" remarks="txt_record_id from source system" type="NUMBER(19, 0)">
                <constraints nullable="false"/>
            </column>
            <column name="PROCESS_TIME" remarks="current system process time" type="datetime">
                <constraints nullable="false"/>
            </column>
            <column name="TRANSACTION_TYPE" remarks="transaction type" type="NUMBER(10, 0)">
                <constraints nullable="false"/>
            </column>
            <column defaultValue="Y" name="IS_SUCCESSFUL" remarks="Is process successful" type="CHAR(1)">
                <constraints nullable="false"/>
            </column>
            <column name="ERROR_MESSAGE" remarks="If process error,save error messge here" type="VARCHAR2(4000)"/>
            <column defaultValue="Y" name="NEED_RESPONSE" remarks="for external system may doesnot require response" type="CHAR(1)">
                <constraints nullable="false"/>
            </column>
        </createTable>
    </changeSet>
    <changeSet author="jason.shi (generated)" id="1453811978785-6">
        <createTable remarks="Integration out txt message,only active(not complete) message stored here" tableName="T_PUB_TX_OUT_MESSAGE">
            <column name="TX_OUT_RECORD_ID" remarks="PK" type="NUMBER(19, 0)">
                <constraints nullable="false"/>
            </column>
            <column name="GLOBAL_TRANSACTION_ID" remarks="global transaction id,info only. Not unique, one global transaction may send multiple message" type="NUMBER(19, 0)">
                <constraints nullable="false"/>
            </column>
            <column name="TARGET_SUB_SYSTEM_ID" remarks="target sub system" type="NUMBER(2, 0)">
                <constraints nullable="false"/>
            </column>
            <column name="TRANSACTION_TIME" remarks="transaction generate time" type="datetime">
                <constraints nullable="false"/>
            </column>
            <column name="MESSAGE_DATA" remarks="message queue data,including message head/body &amp; other information" type="CLOB">
                <constraints nullable="false"/>
            </column>
            <column defaultValueComputed="-11" name="INSERT_BY" remarks="Insert user id" type="NUMBER(10, 0)">
                <constraints nullable="false"/>
            </column>
            <column defaultValueComputed="-11" name="UPDATE_BY" remarks="Latest update user id" type="NUMBER(10, 0)">
                <constraints nullable="false"/>
            </column>
            <column defaultValueComputed="CURRENT_TIMESTAMP" name="INSERT_TIME" remarks="Record insert time" type="datetime">
                <constraints nullable="false"/>
            </column>
            <column defaultValueComputed="CURRENT_TIMESTAMP" name="UPDATE_TIME" remarks="Record update time" type="datetime">
                <constraints nullable="false"/>
            </column>
            <column name="DYNAMIC_FIELDS" remarks="Dynamic fields in json format" type="VARCHAR2(4000)"/>
            <column defaultValue="N" name="IS_RESPONSED" remarks="Y/N/-, for external system which doesnot require response ,set to - directly" type="CHAR(1)">
                <constraints nullable="false"/>
            </column>
            <column name="TRANSACTION_TYPE" remarks="transaction type" type="NUMBER(10, 0)">
                <constraints nullable="false"/>
            </column>
            <column name="LAST_RESEND_TIME" remarks="last resend time" type="datetime"/>
            <column defaultValueNumeric="0" name="RESEND_TIMES" remarks="resend times" type="NUMBER(3, 0)">
                <constraints nullable="false"/>
            </column>
            <column name="RESPONSE_TIME" remarks="target system response time" type="datetime"/>
            <column defaultValue="Y" name="NEED_RESPONSE" remarks="for external system may doesnot require response" type="CHAR(1)">
                <constraints nullable="false"/>
            </column>
        </createTable>
    </changeSet>



    <changeSet author="jason.shi (generated)" id="1453811978785-12">

        <addPrimaryKey columnNames="REGION_ID" constraintName="PK_PUB_REGION" tableName="T_PUB_REGION"/>
    </changeSet>
    <changeSet author="jason.shi (generated)" id="1453811978785-13">

        <addPrimaryKey columnNames="REGION_LEVEL" constraintName="PK_PUB_REGION_LEVEL" tableName="T_PUB_REGION_LEVEL"/>
    </changeSet>
    <changeSet author="jason.shi (generated)" id="1453811978785-14">

        <addPrimaryKey columnNames="TX_IN_RECORD_ID" constraintName="PK_PUB_TX_IN_MESSAGE"  tableName="T_PUB_TX_IN_MESSAGE"/>
    </changeSet>
    <changeSet author="jason.shi (generated)" id="1453811978785-15">

        <addPrimaryKey columnNames="TX_OUT_RECORD_ID" constraintName="PK_PUB_TX_OUT_MESSAGE"  tableName="T_PUB_TX_OUT_MESSAGE"/>
    </changeSet>
    <changeSet author="jason.shi (generated)" id="1453811978785-17">
        <createIndex indexName="IDX_PUB_TX_IN_MESSAGE_TX_ID" tableName="T_PUB_TX_IN_MESSAGE">
            <column name="GLOBAL_TRANSACTION_ID"/>
        </createIndex>
    </changeSet>
    <changeSet author="jason.shi (generated)" id="1453811978785-18">
        <createIndex indexName="IDX_PUB_TX_OUT_MESSAGE_TX_ID" tableName="T_PUB_TX_OUT_MESSAGE">
            <column name="GLOBAL_TRANSACTION_ID"/>
        </createIndex>
    </changeSet>
    <changeSet author="jason.shi (generated)" id="1453811978785-19">
        <createIndex indexName="UNI_PUB_TX_IN_MESSAGE" tableName="T_PUB_TX_IN_MESSAGE" unique="true">
            <column name="SOURCE_TX_RECORD_ID"/>
            <column name="SOURCE_SUB_SYSTEM_ID"/>
        </createIndex>
    </changeSet>
    <changeSet author="jason.shi (generated)" id="1453811978785-20">
        <addForeignKeyConstraint baseColumnNames="COUNTRY_CODE" baseTableName="T_PUB_REGION_LEVEL" constraintName="FK_PUB_REGION_LEVEL__COUNTRY" deferrable="false" initiallyDeferred="false" referencedColumnNames="COUNTRY_CODE" referencedTableName="T_PUB_COUNTRY"/>
    </changeSet>
    <changeSet author="jason.shi (generated)" id="1453811978785-21">
        <addForeignKeyConstraint baseColumnNames="TRANSACTION_TYPE" baseTableName="T_PUB_TX_OUT_MESSAGE" constraintName="FK_PUB_TX_OUT_MESSAGE_TC_TYPE" deferrable="false" initiallyDeferred="false" referencedColumnNames="TRANSACTION_TYPE" referencedTableName="T_PUB_TRANSACTION_TYPE"/>
    </changeSet>
    <changeSet author="jason.shi (generated)" id="1453811978785-22">
        <addForeignKeyConstraint baseColumnNames="COUNTRY_CODE" baseTableName="T_PUB_REGION" constraintName="FK_REGION__COUNTRY" deferrable="false" initiallyDeferred="false" referencedColumnNames="COUNTRY_CODE" referencedTableName="T_PUB_COUNTRY"/>
    </changeSet>
    <changeSet author="jason.shi (generated)" id="1453811978785-23">
        <addForeignKeyConstraint baseColumnNames="PARENT_REGION_ID" baseTableName="T_PUB_REGION" constraintName="FK_REGION__PARENT" deferrable="false" initiallyDeferred="false" referencedColumnNames="REGION_ID" referencedTableName="T_PUB_REGION"/>
    </changeSet>
    <changeSet author="jason.shi (generated)" id="1453811978785-24">
        <dropForeignKeyConstraint baseTableName="T_PUB_TX_IN_MESSAGE_ACTIVE" constraintName="FK_PUB_TX_IN_MESSAGE_ACT_TRT"/>
    </changeSet>
    <changeSet author="jason.shi (generated)" id="1453811978785-25">
        <dropTable tableName="T_PUB_TX_IN_MESSAGE_ACTIVE"/>
    </changeSet>
    <changeSet author="jason.shi (generated)" id="1453811978785-26">
        <dropTable tableName="T_PUB_TX_OUT_MESSAGE_ACTIVE"/>
    </changeSet>
    <changeSet author="jason.shi (generated)" id="1453811978785-27">
  	    <renameColumn 
            columnDataType="VARCHAR2(100)"
            newColumnName="PLATFORM_NAME"
            oldColumnName="TYPE_NAME"
            tableName="T_PUB_3RD_PAYMENT_PLATFORM"/>
    </changeSet>
    <changeSet author="jason.shi (generated)" id="1453811978785-28">
 	    <renameColumn 
            columnDataType="VARCHAR2(100)"
            newColumnName="PURPOSE_NAME"
            oldColumnName="TYPE_NAME"
            tableName="T_PUB_ACCOUNT_PURPOSE"/>
    </changeSet>
    <changeSet author="jason.shi (generated)" id="1453811978785-29">
 	    <renameColumn 
            columnDataType="VARCHAR2(100)"
            newColumnName="STATUS_NAME"
            oldColumnName="TYPE_NAME"
            tableName="T_PUB_ACCOUNT_STATUS"/>
    </changeSet>
    <changeSet author="jason.shi (generated)" id="1453811978785-30">
        <addForeignKeyConstraint baseColumnNames="SOURCE_SUB_SYSTEM_ID" baseTableName="T_PUB_TX_IN_MESSAGE" constraintName="FK_PUB_TX_IN_MESSAGE_SRC" referencedColumnNames="SUB_SYSTEM_ID" referencedTableName="T_PUB_SUB_SYSTEM"/>
    </changeSet>
    <changeSet author="jason.shi (generated)" id="1453811978785-31">
        <addForeignKeyConstraint baseColumnNames="TARGET_SUB_SYSTEM_ID" baseTableName="T_PUB_TX_OUT_MESSAGE" constraintName="FK_PUB_TX_OUT_MESSAGE_TARGET" referencedColumnNames="SUB_SYSTEM_ID" referencedTableName="T_PUB_SUB_SYSTEM"/>
    </changeSet>
</databaseChangeLog>
