<?xml version="1.0" encoding="UTF-8" standalone="no"?>
<databaseChangeLog xmlns="http://www.liquibase.org/xml/ns/dbchangelog"
	xmlns:ext="http://www.liquibase.org/xml/ns/dbchangelog-ext" xmlns:xsi="http://www.w3.org/2001/XMLSchema-instance"
	xsi:schemaLocation="http://www.liquibase.org/xml/ns/dbchangelog-ext http://www.liquibase.org/xml/ns/dbchangelog/dbchangelog-ext.xsd http://www.liquibase.org/xml/ns/dbchangelog http://www.liquibase.org/xml/ns/dbchangelog/dbchangelog-3.3.xsd">
	<changeSet author="generated" id="20160325_190000_History_ddl_init">
		<addColumn tableName="T_RI_BP_CHANGE_HISTORY">
			<column name="FIRST_NAME" remarks="first name" type="VARCHAR2(50)"/>
		</addColumn>
		<addColumn tableName="T_RI_BP_CHANGE_HISTORY">
			<column name="LAST_NAME" remarks="last name" type="VARCHAR2(50)"/>
		</addColumn>
	</changeSet>
</databaseChangeLog>