<?xml version="1.0" encoding="UTF-8" standalone="no"?>
<databaseChangeLog xmlns="http://www.liquibase.org/xml/ns/dbchangelog" xmlns:ext="http://www.liquibase.org/xml/ns/dbchangelog-ext" xmlns:xsi="http://www.w3.org/2001/XMLSchema-instance" xsi:schemaLocation="http://www.liquibase.org/xml/ns/dbchangelog-ext http://www.liquibase.org/xml/ns/dbchangelog/dbchangelog-ext.xsd http://www.liquibase.org/xml/ns/dbchangelog http://www.liquibase.org/xml/ns/dbchangelog/dbchangelog-3.3.xsd">

    <changeSet author="generated" id="201605061710_T_RI_CONT_SHARE_TYPE">
        <addColumn tableName="T_RI_CONT_SHARE_TYPE">
            <column name="CONTRACT_NATURE" remarks="Contract Nature" type="VARCHAR2(2)"/>
        </addColumn>
    </changeSet>
    
    <changeSet author="generated" id="2016050601720_T_RI_CONT_RESERVE_REBATE">
        <addColumn tableName="T_RI_CONT_RESERVE_REBATE">
            <column name="ADJUSTED_QUARTER" remarks="Adjusted Quarter" type="VARCHAR2(2)"/>
        </addColumn>
    </changeSet>
    <changeSet author="generated" id="2016050601730_T_RI_CONT_RESERVE_REBATE_LOG">
        <addColumn tableName="T_RI_CONT_RESERVE_REBATE_LOG">
            <column name="ADJUSTED_QUARTER" type="VARCHAR2(2)"/>
        </addColumn>
    </changeSet>
    
    
    
</databaseChangeLog>