BINDING_ID,FIELD_ID,OBJECT_ID,IS_FIXED,IS_MASKED,IS_ENCRYPTED,PROPERTY_ID,CODE_TABLE_ID,IS_INPUT,RECORD_USAGE,IS_FORMULA,FORMULA_TEXT,SCOPE_IDS,IS_TECHNICAL,PRECISION,IS_UNIQUE,IS_MANDATORY
1645296,120899,1000000201,Y,N,N,1608578,NULL,Y,2,N,NULL,NULL,N,NULL,N,N
1645297,120463,1000000201,Y,N,N,1608565,NULL,Y,2,N,NULL,NULL,N,NULL,N,N
1645298,120440,1000000201,Y,N,N,1608581,NULL,Y,2,N,NULL,NULL,N,NULL,N,N
1645299,227169,1000000201,Y,N,N,1608582,NULL,Y,2,N,NULL,NULL,N,NULL,N,N
1645300,126142,1000000201,Y,N,N,1608576,NULL,Y,2,N,NULL,NULL,N,NULL,N,N
1645301,126144,1000000201,Y,N,N,1608572,NULL,Y,2,N,NULL,NULL,N,NULL,N,N
1645302,227171,1000000201,Y,N,N,1608571,NULL,Y,2,N,NULL,NULL,N,NULL,N,N
1645303,125807,1000000201,Y,N,N,1608575,NULL,Y,2,N,NULL,NULL,N,NULL,N,N
1645304,751887,1000000201,Y,N,N,1608584,NULL,Y,2,N,NULL,NULL,N,NULL,N,N
1645305,125796,1000000201,Y,N,N,1608574,NULL,Y,2,N,NULL,NULL,N,NULL,N,N
1645306,125801,1000000201,Y,N,N,1608577,NULL,Y,2,N,NULL,NULL,N,NULL,N,N
1645307,751884,1000000201,Y,N,N,1608570,NULL,Y,2,N,NULL,NULL,N,NULL,N,N
1645308,125805,1000000201,Y,N,N,1608567,NULL,Y,2,N,NULL,NULL,N,NULL,N,N
1645309,290748,1000000201,Y,N,N,1608583,NULL,Y,2,N,NULL,NULL,N,NULL,N,N
1645310,290750,1000000201,Y,N,N,1645295,NULL,Y,2,N,NULL,NULL,N,NULL,N,N
1645312,1645311,1000000201,Y,N,N,1608579,NULL,Y,2,N,NULL,NULL,N,NULL,N,N
1645313,126147,1000000201,Y,N,N,1608569,NULL,Y,2,N,NULL,NULL,N,NULL,N,N
1645314,122842,1000000201,Y,N,N,1608580,NULL,Y,2,N,NULL,NULL,N,NULL,N,N
1645315,120453,1000000201,Y,N,N,1608585,NULL,Y,2,N,NULL,NULL,N,NULL,N,N
