<?xml version="1.0" encoding="UTF-8" standalone="no"?>
<databaseChangeLog xmlns="http://www.liquibase.org/xml/ns/dbchangelog" xmlns:ext="http://www.liquibase.org/xml/ns/dbchangelog-ext" xmlns:xsi="http://www.w3.org/2001/XMLSchema-instance" xsi:schemaLocation="http://www.liquibase.org/xml/ns/dbchangelog-ext http://www.liquibase.org/xml/ns/dbchangelog/dbchangelog-ext.xsd http://www.liquibase.org/xml/ns/dbchangelog http://www.liquibase.org/xml/ns/dbchangelog/dbchangelog-3.4.xsd">
    <changeSet author="jason.shi (generated)"  id="14537148055781-011" dbms="oracle,mysql">
    	<sql   splitStatements="false" stripComments="true">create table TMP_DD_BUSI_JAVA_PROPERTY0 as  SELECT PROPERTY_ID FROM T_DD_BUSI_JAVA_PROPERTY a WHERE NOT EXISTS ( SELECT 1 FROM T_DD_BUSI_FIELD_BINDING b WHERE b.PROPERTY_ID IS NOT NULL AND b.PROPERTY_ID=a.PROPERTY_ID) AND EXISTS ( SELECT 1 FROM T_DD_BUSI_JAVA_PROPERTY c WHERE c.CLASS_ID=a.CLASS_ID AND c.NAME=a.NAME GROUP BY c.CLASS_ID,c.NAME HAVING COUNT(*)>1)
    	</sql>
    </changeSet>
    
     <changeSet author="jason.shi (generated)"  id="14537148055781-011" dbms="mssql">
    	<sql splitStatements="false" stripComments="true">
            select  * into TMP_DD_BUSI_JAVA_PROPERTY0 from (
						SELECT PROPERTY_ID FROM T_DD_BUSI_JAVA_PROPERTY a WHERE NOT EXISTS ( 
								SELECT 1 FROM T_DD_BUSI_FIELD_BINDING b WHERE b.PROPERTY_ID IS NOT NULL AND b.PROPERTY_ID=a.PROPERTY_ID) 
							AND EXISTS ( 
								SELECT 1 FROM T_DD_BUSI_JAVA_PROPERTY c WHERE c.CLASS_ID=a.CLASS_ID AND c.NAME=a.NAME GROUP BY c.CLASS_ID,c.NAME HAVING COUNT(*)>1)
						) _t
    	</sql>
    </changeSet>
    
    <changeSet author="jason.shi (generated)" id="14537148055781-02">
    	<sql    splitStatements="false"
            stripComments="true">DELETE from T_DD_BUSI_JAVA_PROPERTY WHERE PROPERTY_ID IN ( select PROPERTY_ID from TMP_DD_BUSI_JAVA_PROPERTY0)
    	</sql>
    	<sql  splitStatements="false" stripComments="true">drop table TMP_DD_BUSI_JAVA_PROPERTY0</sql>
</changeSet>
</databaseChangeLog>
