PROPERTY_ID,NAME,DESCRIPTION,CLASS_ID,JAVA_TYPE,ALIAS,RECORD_USAGE,TABLE_NAME,COLUMN_NAME
1645295,elementTypeId,ElementTypeId,-417,-1,"[""ElementTypeId""]",2,,
1608565,productName,ProductName,-417,-4,"[""ProductName""]",2,,
1608567,constraints,Constraints,-417,-4,"[""Constraints""]",2,,
1608569,productElementCode,ProductElementCode,-417,-4,"[""ProductElementCode""]",2,,
1608570,businessUUID,BusinessUUID,-417,-4,"[""BusinessUUID""]",2,,
1608571,isExpanded,IsExpanded,-417,-4,"[""IsExpanded""]",2,,
1608572,isRequired,IsRequired,-417,-4,"[""IsRequired""]",2,,
1608574,isTemplate,IsTemplate,-417,-4,"[""IsTemplate""]",2,,
1608575,isGroup,IsGroup,-417,-4,"[""IsGroup""]",2,,
1608576,productElementName,ProductElementName,-417,-4,"[""ProductElementName""]",2,,
1608577,extendedData,ExtendedData,-417,-4,"[""ExtendedData""]",2,,
1608578,description,Description,-417,-4,"[""Description""]",2,,
1608579,definitionSuperObjectName,DefinitionSuperObjectName,-417,-4,"[""DefinitionSuperObjectName""]",2,,
1608580,productElementId,ProductElementId,-417,-2,"[""ProductElementId""]",2,,
1608581,expireDate,ExpireDate,-417,-5,"[""ExpireDate""]",2,,
1608582,avalabilityRule,AvalabilityRule,-417,-4,"[""AvalabilityRule""]",2,,
1608583,definitionObjectId,DefinitionObjectId,-417,-2,"[""DefinitionObjectId""]",2,,
1608584,discriminatorValue,DiscriminatorValue,-417,-1,"[""DiscriminatorValue""]",2,,
1608585,effectiveDate,EffectiveDate,-417,-5,"[""EffectiveDate""]",2,,
