<?xml version="1.0" encoding="UTF-8" standalone="no"?>
<databaseChangeLog xmlns="http://www.liquibase.org/xml/ns/dbchangelog" xmlns:ext="http://www.liquibase.org/xml/ns/dbchangelog-ext" xmlns:xsi="http://www.w3.org/2001/XMLSchema-instance" xsi:schemaLocation="http://www.liquibase.org/xml/ns/dbchangelog-ext http://www.liquibase.org/xml/ns/dbchangelog/dbchangelog-ext.xsd http://www.liquibase.org/xml/ns/dbchangelog http://www.liquibase.org/xml/ns/dbchangelog/dbchangelog-3.3.xsd">
					
     <changeSet author="jason.shi (generated)" id="1452156454418-9">
        <loadData encoding="UTF-8" relativeToChangelogFile="true" file="20160224_160000_DataDict_dml_T_DD_BUSI_JAVA_PROPERTY.csv"  quotchar="&quot;" separator="," tableName="T_DD_BUSI_JAVA_PROPERTY">
            <column header="PROPERTY_ID" name="PROPERTY_ID" type="NUMERIC"/>
            <column header="NAME" name="NAME" type="STRING"/>
            <column header="DESCRIPTION" name="DESCRIPTION" type="STRING"/>
            <column header="CLASS_ID" name="CLASS_ID" type="NUMERIC"/>
            <column header="JAVA_TYPE" name="JAVA_TYPE" type="NUMERIC"/>
            <column header="ALIAS" name="ALIAS" type="STRING"/>
            <column header="RECORD_USAGE" name="RECORD_USAGE" type="NUMERIC"/>
            <column header="TABLE_NAME" name="TABLE_NAME" type="STRING"/>
            <column header="COLUMN_NAME" name="COLUMN_NAME" type="STRING"/>
        </loadData>
    </changeSet>

    <changeSet author="jason.shi (generated)" id="1452156534418-11">
        <loadData encoding="UTF-8" relativeToChangelogFile="true" file="20160224_160000_DataDict_dml_T_DD_BUSI_FIELD.csv"  quotchar="&quot;" separator="," tableName="T_DD_BUSI_FIELD">
            <column header="FIELD_ID" name="FIELD_ID" type="NUMERIC"/>
            <column header="NAME" name="NAME" type="STRING"/>
            <column header="LABEL_" name="LABEL_" type="STRING"/>
            <column header="DESCRIPTION" name="DESCRIPTION" type="STRING"/>
            <column header="ALIAS" name="ALIAS" type="STRING"/>
            <column header="FIELD_TYPE" name="FIELD_TYPE" type="NUMERIC"/>
            <column header="RECORD_USAGE" name="RECORD_USAGE" type="NUMERIC"/>
        </loadData>
    </changeSet>
    
     <changeSet author="jason.shi (generated)" id="1452156534418-12">
        <loadData encoding="UTF-8" relativeToChangelogFile="true" file="20160224_160000_DataDict_dml_T_DD_BUSI_FIELD_BINDING.csv"  quotchar="&quot;" separator="," tableName="T_DD_BUSI_FIELD_BINDING">
            <column header="BINDING_ID" name="BINDING_ID" type="NUMERIC"/>
            <column header="FIELD_ID" name="FIELD_ID" type="NUMERIC"/>
            <column header="OBJECT_ID" name="OBJECT_ID" type="NUMERIC"/>
            <column header="IS_FIXED" name="IS_FIXED" type="STRING"/>
            <column header="IS_MASKED" name="IS_MASKED" type="STRING"/>
            <column header="IS_ENCRYPTED" name="IS_ENCRYPTED" type="STRING"/>
            <column header="PROPERTY_ID" name="PROPERTY_ID" type="NUMERIC"/>
            <column header="CODE_TABLE_ID" name="CODE_TABLE_ID" type="NUMERIC"/>
            <column header="IS_INPUT" name="IS_INPUT" type="STRING"/>
            <column header="RECORD_USAGE" name="RECORD_USAGE" type="NUMERIC"/>
            <column header="IS_FORMULA" name="IS_FORMULA" type="STRING"/>
            <column header="FORMULA_TEXT" name="FORMULA_TEXT" type="STRING"/>
            <column header="SCOPE_IDS" name="SCOPE_IDS" type="STRING"/>
            <column header="IS_TECHNICAL" name="IS_TECHNICAL" type="STRING"/>
            <column header="PRECISION" name="PRECISION" type="NUMERIC"/>
            <column header="IS_UNIQUE" name="IS_UNIQUE" type="STRING"/>
            <column header="IS_MANDATORY" name="IS_MANDATORY" type="STRING"/>
        </loadData>    
    </changeSet>


</databaseChangeLog>
