<?xml version="1.0" encoding="UTF-8" standalone="no"?>
<databaseChangeLog xmlns="http://www.liquibase.org/xml/ns/dbchangelog" xmlns:ext="http://www.liquibase.org/xml/ns/dbchangelog-ext" xmlns:xsi="http://www.w3.org/2001/XMLSchema-instance" xsi:schemaLocation="http://www.liquibase.org/xml/ns/dbchangelog-ext http://www.liquibase.org/xml/ns/dbchangelog/dbchangelog-ext.xsd http://www.liquibase.org/xml/ns/dbchangelog http://www.liquibase.org/xml/ns/dbchangelog/dbchangelog-3.4.xsd">

    <changeSet author="jason.shi (generated)" id="1453715209675-5" dbms="oracle">
        <setColumnRemarks columnName="ACCUMULATION_" remarks="Is a accumulation calculation node (0: No, 1: Yes)" tableName="T_RT_TERM_CALCULATION"/>
    </changeSet>
    <changeSet author="jason.shi (generated)" id="1453715209675-6" dbms="oracle">
        <setColumnRemarks columnName="BE_DEPENDENT_CALC_ID_" remarks="What calculation node dependent current calculation node" tableName="T_RT_TERM_CALCULATION"/>
    </changeSet>
    <changeSet author="jason.shi (generated)" id="1453715209675-7" dbms="oracle">
        <setColumnRemarks columnName="BINDING_DATA_CODE_" remarks="Binding data code" tableName="T_RT_WORKSHEET"/>
    </changeSet>
    <changeSet author="jason.shi (generated)" id="1453715209675-8" dbms="oracle">
        <setColumnRemarks columnName="BINDING_DATA_ID_" remarks="Binding data ID" tableName="T_RT_WORKSHEET"/>
    </changeSet>
    <changeSet author="jason.shi (generated)" id="1453715209675-9" dbms="oracle">
        <setColumnRemarks columnName="BINDING_KEY_" remarks="Rating worksheet binding key" tableName="T_RT_WORKSHEET_DETAIL_BD"/>
    </changeSet>
    <changeSet author="jason.shi (generated)" id="1453715209675-10" dbms="oracle">
        <setColumnRemarks columnName="BINDING_VALUE_" remarks="Binding value" tableName="T_RT_TERM_CALC_STEP_PARAM"/>
    </changeSet>
    <changeSet author="jason.shi (generated)" id="1453715209675-11" dbms="oracle">
        <setColumnRemarks columnName="BINDING_VALUE_" remarks="Rating worksheet binding value" tableName="T_RT_WORKSHEET_DETAIL_BD"/>
    </changeSet>
    <changeSet author="jason.shi (generated)" id="1453715209675-12" dbms="oracle">
        <setColumnRemarks columnName="BINDING_VARIABLE_" remarks="Binding varaible" tableName="T_RT_TERM_CALC_STEP_PARAM"/>
    </changeSet>
    <changeSet author="jason.shi (generated)" id="1453715209675-13" dbms="oracle">
        <setColumnRemarks columnName="CALCULATION_LEVEL" remarks="Calculation level" tableName="T_RT_TRACKING"/>
    </changeSet>
    <changeSet author="jason.shi (generated)" id="1453715209675-14" dbms="oracle">
        <setColumnRemarks columnName="CALC_ID_" remarks="Calculation ID" tableName="T_RT_TERM_CALCULATION_LINK"/>
    </changeSet>
    <changeSet author="jason.shi (generated)" id="1453715209675-15" dbms="oracle">
        <setColumnRemarks columnName="CALC_ID_" remarks="Calculation ID" tableName="T_RT_TERM_CALC_PARAM"/>
    </changeSet>
    <changeSet author="jason.shi (generated)" id="1453715209675-16" dbms="oracle">
        <setColumnRemarks columnName="CALC_ID_" remarks="Calculation ID" tableName="T_RT_TERM_CALC_STEP"/>
    </changeSet>
    <changeSet author="jason.shi (generated)" id="1453715209675-17" dbms="oracle">
        <setColumnRemarks columnName="CODE_" remarks="Context definition code" tableName="T_RT_CONTEXT_DEFINITION"/>
    </changeSet>
    <changeSet author="jason.shi (generated)" id="1453715209675-18" dbms="oracle">
        <setColumnRemarks columnName="CODE_" remarks="Model code" tableName="T_RT_TERM_CALCULATION"/>
    </changeSet>
    <changeSet author="jason.shi (generated)" id="1453715209675-19" dbms="oracle">
        <setColumnRemarks columnName="CODE_" remarks="Model code" tableName="T_RT_TERM_CALC_PARAM"/>
    </changeSet>
    <changeSet author="jason.shi (generated)" id="1453715209675-20" dbms="oracle">
        <setColumnRemarks columnName="CODE_" remarks="Term definition code" tableName="T_RT_TERM_DEFINITION"/>
    </changeSet>
    <changeSet author="jason.shi (generated)" id="1453715209675-21" dbms="oracle">
        <setColumnRemarks columnName="COMMISSION_FEE" remarks="Is a commission fee (0: No, 1:Yes)" tableName="T_FEE_CONFIG"/>
    </changeSet>
    <changeSet author="jason.shi (generated)" id="1453715209675-22" dbms="oracle">
        <setColumnRemarks columnName="CONDITION_XML0" remarks="Ratetable data condition data" tableName="T_RT_RATETABLE_DATA"/>
    </changeSet>
    <changeSet author="jason.shi (generated)" id="1453715209675-23" dbms="oracle">
        <setColumnRemarks columnName="CONDITION_XML1" remarks="Ratetable data condition data" tableName="T_RT_RATETABLE_DATA"/>
    </changeSet>
    <changeSet author="jason.shi (generated)" id="1453715209675-24" dbms="oracle">
        <setColumnRemarks columnName="CONDITION_XML2" remarks="Ratetable data condition data" tableName="T_RT_RATETABLE_DATA"/>
    </changeSet>
    <changeSet author="jason.shi (generated)" id="1453715209675-25" dbms="oracle">
        <setColumnRemarks columnName="CONDITION_XML3" remarks="Ratetable data condition data" tableName="T_RT_RATETABLE_DATA"/>
    </changeSet>
    <changeSet author="jason.shi (generated)" id="1453715209675-26" dbms="oracle">
        <setColumnRemarks columnName="CONDITION_XML4" remarks="Ratetable data condition data" tableName="T_RT_RATETABLE_DATA"/>
    </changeSet>
    <changeSet author="jason.shi (generated)" id="1453715209675-27" dbms="oracle">
        <setColumnRemarks columnName="CONDITION_XML5" remarks="Ratetable data condition data" tableName="T_RT_RATETABLE_DATA"/>
    </changeSet>
    <changeSet author="jason.shi (generated)" id="1453715209675-28" dbms="oracle">
        <setColumnRemarks columnName="CONTENT_" remarks="Context content" tableName="T_RT_CONTEXT"/>
    </changeSet>
    <changeSet author="jason.shi (generated)" id="1453715209675-29" dbms="oracle">
        <setColumnRemarks columnName="CONTENT_" remarks="Formula content" tableName="T_RT_FORMULA"/>
    </changeSet>
    <changeSet author="jason.shi (generated)" id="1453715209675-30" dbms="oracle">
        <setColumnRemarks columnName="CONTENT_" remarks="Rating worksheet content" tableName="T_RT_WORKSHEET_DETAIL"/>
    </changeSet>
    <changeSet author="jason.shi (generated)" id="1453715209675-31" dbms="oracle">
        <setColumnRemarks columnName="CONTEXT_DEFINITION_ID" remarks="Context definition ID" tableName="T_RT_TRACKING"/>
    </changeSet>
    <changeSet author="jason.shi (generated)" id="1453715209675-32" dbms="oracle">
        <setColumnRemarks columnName="CONTEXT_DEFINITION_ID_" remarks="Context definition ID" tableName="T_RT_CONTEXT"/>
    </changeSet>
    <changeSet author="jason.shi (generated)" id="1453715209675-33" dbms="oracle">
        <setColumnRemarks columnName="CONTEXT_ID_" remarks="Context ID" tableName="T_RT_TERM_CALCULATION"/>
    </changeSet>
    <changeSet author="jason.shi (generated)" id="1453715209675-34" dbms="oracle">
        <setColumnRemarks columnName="CONTEXT_PARAMS" remarks="Context parameters" tableName="T_RT_CONTEXT"/>
    </changeSet>
    <changeSet author="jason.shi (generated)" id="1453715209675-35" dbms="oracle">
        <setColumnRemarks columnName="CONTEXT_VALUES" remarks="Context values" tableName="T_RT_TRACKING"/>
    </changeSet>
    <changeSet author="jason.shi (generated)" id="1453715209675-36" dbms="oracle">
        <setColumnRemarks columnName="DEF_ID" remarks="Ratetable ID" tableName="T_RT_RATETABLE_DEF"/>
    </changeSet>
    <changeSet author="jason.shi (generated)" id="1453715209675-37" dbms="oracle">
        <setColumnRemarks columnName="DEPENDENT_FIELDS_" remarks="Dependent fields" tableName="T_RT_TERM_CALCULATION"/>
    </changeSet>
    <changeSet author="jason.shi (generated)" id="1453715209675-38" dbms="oracle">
        <setColumnRemarks columnName="DESCRIPTION_" remarks="Context description" tableName="T_RT_CONTEXT"/>
    </changeSet>
    <changeSet author="jason.shi (generated)" id="1453715209675-39" dbms="oracle">
        <setColumnRemarks columnName="DESCRIPTION_" remarks="Context definition description" tableName="T_RT_CONTEXT_DEFINITION"/>
    </changeSet>
    <changeSet author="jason.shi (generated)" id="1453715209675-40" dbms="oracle">
        <setColumnRemarks columnName="DESCRIPTION_" remarks="Formula description" tableName="T_RT_FORMULA"/>
    </changeSet>
    <changeSet author="jason.shi (generated)" id="1453715209675-41" dbms="oracle">
        <setColumnRemarks columnName="DESCRIPTION_" remarks="Calculation description" tableName="T_RT_TERM_CALCULATION"/>
    </changeSet>
    <changeSet author="jason.shi (generated)" id="1453715209675-42" dbms="oracle">
        <setColumnRemarks columnName="DESCRIPTION_" remarks="Parameter description" tableName="T_RT_TERM_CALC_PARAM"/>
    </changeSet>
    <changeSet author="jason.shi (generated)" id="1453715209675-43" dbms="oracle">
        <setColumnRemarks columnName="DESCRIPTION_" remarks="Step description" tableName="T_RT_TERM_CALC_STEP"/>
    </changeSet>
    <changeSet author="jason.shi (generated)" id="1453715209675-44" dbms="oracle">
        <setColumnRemarks columnName="DESCRIPTION_" remarks="Term definition description" tableName="T_RT_TERM_DEFINITION"/>
    </changeSet>
    <changeSet author="jason.shi (generated)" id="1453715209675-45" dbms="oracle">
        <setColumnRemarks columnName="DETAIL_ID_" remarks="Rating worksheet detail ID" tableName="T_RT_WORKSHEET_DETAIL_BD"/>
    </changeSet>
    <changeSet author="jason.shi (generated)" id="1453715209675-46" dbms="oracle">
        <setColumnRemarks columnName="FEE_CATE" remarks="Fee type category" tableName="T_FEE_CONFIG"/>
    </changeSet>
    <changeSet author="jason.shi (generated)" id="1453715209675-47" dbms="oracle">
        <setColumnRemarks columnName="FEE_DESC" remarks="Fee type description" tableName="T_FEE_CONFIG"/>
    </changeSet>
    <changeSet author="jason.shi (generated)" id="1453715209675-48" dbms="oracle">
        <setColumnRemarks columnName="FEE_NAME" remarks="Fee type name" tableName="T_FEE_CONFIG"/>
    </changeSet>
    <changeSet author="jason.shi (generated)" id="1453715209675-49" dbms="oracle">
        <setColumnRemarks columnName="FILTER_EXPRESSION_" remarks="Fitler expression" tableName="T_RT_TERM_CALCULATION"/>
    </changeSet>
    <changeSet author="jason.shi (generated)" id="1453715209675-50" dbms="oracle">
        <setColumnRemarks columnName="FORK_" remarks="Is a fork calculation node (0: No, 1: Yes)" tableName="T_RT_TERM_CALCULATION"/>
    </changeSet>
    <changeSet author="jason.shi (generated)" id="1453715209675-51" dbms="oracle">
        <setColumnRemarks columnName="FORMULA_ID_" remarks="Formula ID" tableName="T_RT_WORKSHEET"/>
    </changeSet>
    <changeSet author="jason.shi (generated)" id="1453715209675-52" dbms="oracle">
        <setColumnRemarks columnName="FORMULA_NAME_" remarks="Formula name" tableName="T_RT_WORKSHEET"/>
    </changeSet>
    <changeSet author="jason.shi (generated)" id="1453715209675-53" dbms="oracle">
        <setColumnRemarks columnName="INJECTED_CONTEXT_" remarks="Injected context" tableName="T_RT_TERM_CALCULATION"/>
    </changeSet>
    <changeSet author="jason.shi (generated)" id="1453715209675-54" dbms="oracle">
        <setColumnRemarks columnName="INJECTED_CONTEXT_" remarks="Injected context" tableName="T_RT_TERM_CALC_PARAM"/>
    </changeSet>
    <changeSet author="jason.shi (generated)" id="1453715209675-55" dbms="oracle">
        <setColumnRemarks columnName="INSERT_BY" remarks="User Id who insert this record,Refer T_PUB_USER" tableName="T_RT_WORKSHEET_DETAIL_BD"/>
    </changeSet>
    <changeSet author="jason.shi (generated)" id="1453715209675-56" dbms="oracle">
        <setColumnRemarks columnName="IN_OUT_" remarks="In or out" tableName="T_RT_TERM_CALC_STEP_PARAM"/>
    </changeSet>
    <changeSet author="jason.shi (generated)" id="1453715209675-57" dbms="oracle">
        <setColumnRemarks columnName="IN_RATING_WORKSHEET_" remarks="Is in rating worksheet (0: No, 1: Yes)" tableName="T_RT_TERM_CALC_STEP"/>
    </changeSet>
    <changeSet author="jason.shi (generated)" id="1453715209675-58" dbms="oracle">
        <setColumnRemarks columnName="LINKED_CALC_ID_" remarks="Linked calculation ID" tableName="T_RT_TERM_CALCULATION_LINK"/>
    </changeSet>
    <changeSet author="jason.shi (generated)" id="1453715209675-59" dbms="oracle">
        <setColumnRemarks columnName="MATCH_FIELDS" remarks="Context definition configuration matching fields" tableName="T_RT_CONTEXT_DEFINITION"/>
    </changeSet>
    <changeSet author="jason.shi (generated)" id="1453715209675-60" dbms="oracle">
        <setColumnRemarks columnName="MODEL_CALCULATION_STATUSES" remarks="Models should be calculated in rating engine" tableName="T_RT_CONTEXT_DEFINITION"/>
    </changeSet>
    <changeSet author="jason.shi (generated)" id="1453715209675-61" dbms="oracle">
        <setColumnRemarks columnName="MODEL_INSTANCE_ID_" remarks="Model instance ID" tableName="T_RT_WORKSHEET"/>
    </changeSet>
    <changeSet author="jason.shi (generated)" id="1453715209675-62" dbms="oracle">
        <setColumnRemarks columnName="MODEL_NAME_" remarks="Model name" tableName="T_RT_TERM_CALCULATION"/>
    </changeSet>
    <changeSet author="jason.shi (generated)" id="1453715209675-63" dbms="oracle">
        <setColumnRemarks columnName="MODEL_NAME_" remarks="Model name" tableName="T_RT_TERM_CALC_PARAM"/>
    </changeSet>
    <changeSet author="jason.shi (generated)" id="1453715209675-64" dbms="oracle">
        <setColumnRemarks columnName="MODEL_NAME_" remarks="Model name" tableName="T_RT_TERM_CALC_STEP_PARAM"/>
    </changeSet>
    <changeSet author="jason.shi (generated)" id="1453715209675-65" dbms="oracle">
        <setColumnRemarks columnName="MODEL_NAME_" remarks="Model name" tableName="T_RT_WORKSHEET"/>
    </changeSet>
    <changeSet author="jason.shi (generated)" id="1453715209675-66" dbms="oracle">
        <setColumnRemarks columnName="NAME_" remarks="Context name" tableName="T_RT_CONTEXT"/>
    </changeSet>
    <changeSet author="jason.shi (generated)" id="1453715209675-67" dbms="oracle">
        <setColumnRemarks columnName="NAME_" remarks="Context definition name" tableName="T_RT_CONTEXT_DEFINITION"/>
    </changeSet>
    <changeSet author="jason.shi (generated)" id="1453715209675-68" dbms="oracle">
        <setColumnRemarks columnName="NAME_" remarks="Formula name" tableName="T_RT_FORMULA"/>
    </changeSet>
    <changeSet author="jason.shi (generated)" id="1453715209675-69" dbms="oracle">
        <setColumnRemarks columnName="NAME_" remarks="Calculation name" tableName="T_RT_TERM_CALCULATION"/>
    </changeSet>
    <changeSet author="jason.shi (generated)" id="1453715209675-70" dbms="oracle">
        <setColumnRemarks columnName="NAME_" remarks="Step name" tableName="T_RT_TERM_CALC_STEP"/>
    </changeSet>
    <changeSet author="jason.shi (generated)" id="1453715209675-71" dbms="oracle">
        <setColumnRemarks columnName="NAME_" remarks="Term definition name" tableName="T_RT_TERM_DEFINITION"/>
    </changeSet>
    <changeSet author="jason.shi (generated)" id="1453715209675-72" dbms="oracle">
        <setColumnRemarks columnName="NEED_POST" remarks="Need post to finance system (0: No, 1:Yes)" tableName="T_FEE_CONFIG"/>
    </changeSet>
    <changeSet author="jason.shi (generated)" id="1453715209675-73" dbms="oracle">
        <setColumnRemarks columnName="OBJECT_CODE_" remarks="Object code" tableName="T_RT_WORKSHEET"/>
    </changeSet>
    <changeSet author="jason.shi (generated)" id="1453715209675-74" dbms="oracle">
        <setColumnRemarks columnName="OPERATOR_ID" remarks="Operation ID" tableName="T_RT_TRACKING"/>
    </changeSet>
    <changeSet author="jason.shi (generated)" id="1453715209675-75" dbms="oracle">
        <setColumnRemarks columnName="PARAM_NAME_" remarks="Parameter name" tableName="T_RT_TERM_CALC_PARAM"/>
    </changeSet>
    <changeSet author="jason.shi (generated)" id="1453715209675-76" dbms="oracle">
        <setColumnRemarks columnName="PARAM_NAME_" remarks="Parameter name" tableName="T_RT_TERM_CALC_STEP_PARAM"/>
    </changeSet>
    <changeSet author="jason.shi (generated)" id="1453715209675-77" dbms="oracle">
        <setColumnRemarks columnName="POLICY_ID" remarks="Policy ID" tableName="T_RT_WORKSHEET"/>
    </changeSet>
    <changeSet author="jason.shi (generated)" id="1453715209675-78" dbms="oracle">
        <setColumnRemarks columnName="POLICY_ID" remarks="Policy ID" tableName="T_RT_WORKSHEET_DETAIL"/>
    </changeSet>
    <changeSet author="jason.shi (generated)" id="1453715209675-79" dbms="oracle">
        <setColumnRemarks columnName="POLICY_VERSION_" remarks="Policy version" tableName="T_RT_TERM_CALC_PARAM"/>
    </changeSet>
    <changeSet author="jason.shi (generated)" id="1453715209675-80" dbms="oracle">
        <setColumnRemarks columnName="PRODUCT_ID" remarks="Product ID" tableName="T_RT_RATETABLE_DEF"/>
    </changeSet>
    <changeSet author="jason.shi (generated)" id="1453715209675-81" dbms="oracle">
        <setColumnRemarks columnName="RATETABLE_CATEGORY" remarks="Ratetable category" tableName="T_RT_RATETABLE_DEF"/>
    </changeSet>
    <changeSet author="jason.shi (generated)" id="1453715209675-82" dbms="oracle">
        <setColumnRemarks columnName="RATETABLE_CODE" remarks="Ratetable code" tableName="T_RT_RATETABLE_DEF"/>
    </changeSet>
    <changeSet author="jason.shi (generated)" id="1453715209675-83" dbms="oracle">
        <setColumnRemarks columnName="RATETABLE_DEF_ID" remarks="Ratetable data definition ID" tableName="T_RT_RATETABLE_DATA"/>
    </changeSet>
    <changeSet author="jason.shi (generated)" id="1453715209675-84" dbms="oracle">
        <setColumnRemarks columnName="RATETABLE_NAME" remarks="Ratetable name" tableName="T_RT_RATETABLE_DEF"/>
    </changeSet>
    <changeSet author="jason.shi (generated)" id="1453715209675-85" dbms="oracle">
        <setColumnRemarks columnName="REFERENCE_ACCUMULATION_" remarks="Reference accumulation" tableName="T_RT_TERM_CALCULATION"/>
    </changeSet>
    <changeSet author="jason.shi (generated)" id="1453715209675-86" dbms="oracle">
        <setColumnRemarks columnName="REFERENCE_ID" remarks="Reference ID" tableName="T_RT_WORKSHEET"/>
    </changeSet>
    <changeSet author="jason.shi (generated)" id="1453715209675-87" dbms="oracle">
        <setColumnRemarks columnName="REFERENCE_MODEL" remarks="Reference model" tableName="T_RT_WORKSHEET"/>
    </changeSet>
    <changeSet author="jason.shi (generated)" id="1453715209675-88" dbms="oracle">
        <setColumnRemarks columnName="RESULT_XML0" remarks="Ratetable data result data" tableName="T_RT_RATETABLE_DATA"/>
    </changeSet>
    <changeSet author="jason.shi (generated)" id="1453715209675-89" dbms="oracle">
        <setColumnRemarks columnName="RESULT_XML1" remarks="Ratetable data result data" tableName="T_RT_RATETABLE_DATA"/>
    </changeSet>
    <changeSet author="jason.shi (generated)" id="1453715209675-90" dbms="oracle">
        <setColumnRemarks columnName="RESULT_XML2" remarks="Ratetable data result data" tableName="T_RT_RATETABLE_DATA"/>
    </changeSet>
    <changeSet author="jason.shi (generated)" id="1453715209675-91" dbms="oracle">
        <setColumnRemarks columnName="RESULT_XML3" remarks="Ratetable data result data" tableName="T_RT_RATETABLE_DATA"/>
    </changeSet>
    <changeSet author="jason.shi (generated)" id="1453715209675-92" dbms="oracle">
        <setColumnRemarks columnName="RESULT_XML4" remarks="Ratetable data result data" tableName="T_RT_RATETABLE_DATA"/>
    </changeSet>
    <changeSet author="jason.shi (generated)" id="1453715209675-93" dbms="oracle">
        <setColumnRemarks columnName="RESULT_XML5" remarks="Ratetable data result data" tableName="T_RT_RATETABLE_DATA"/>
    </changeSet>
    <changeSet author="jason.shi (generated)" id="1453715209675-94" dbms="oracle">
        <setColumnRemarks columnName="SEQUENCE_" remarks="Step sequence" tableName="T_RT_TERM_CALC_STEP"/>
    </changeSet>
    <changeSet author="jason.shi (generated)" id="1453715209675-95" dbms="oracle">
        <setColumnRemarks columnName="SHEET_ID_" remarks="Rating worksheet ID" tableName="T_RT_WORKSHEET_DETAIL"/>
    </changeSet>
    <changeSet author="jason.shi (generated)" id="1453715209675-96" dbms="oracle">
        <setColumnRemarks columnName="STATUS" remarks="Status (P: passed, E: failed)" tableName="T_RT_TRACKING"/>
    </changeSet>
    <changeSet author="jason.shi (generated)" id="1453715209675-97" dbms="oracle">
        <setColumnRemarks columnName="STEP_ID_" remarks="Calculation step ID" tableName="T_RT_FORMULA"/>
    </changeSet>
    <changeSet author="jason.shi (generated)" id="1453715209675-98" dbms="oracle">
        <setColumnRemarks columnName="STEP_ID_" remarks="Step ID" tableName="T_RT_TERM_CALC_STEP_PARAM"/>
    </changeSet>
    <changeSet author="jason.shi (generated)" id="1453715209675-99" dbms="oracle">
        <setColumnRemarks columnName="STEP_ID_" remarks="Step ID" tableName="T_RT_WORKSHEET"/>
    </changeSet>
    <changeSet author="jason.shi (generated)" id="1453715209675-100" dbms="oracle">
        <setColumnRemarks columnName="STEP_NAME_" remarks="Step name" tableName="T_RT_WORKSHEET"/>
    </changeSet>
    <changeSet author="jason.shi (generated)" id="1453715209675-101" dbms="oracle">
        <setColumnRemarks columnName="STRUCT_XML" remarks="Ratetable definition structure xml" tableName="T_RT_RATETABLE_DEF"/>
    </changeSet>
    <changeSet author="jason.shi (generated)" id="1453715209675-102" dbms="oracle">
        <setColumnRemarks columnName="TERM_ID_" remarks="Term ID" tableName="T_RT_TERM_CALCULATION"/>
    </changeSet>
    <changeSet author="jason.shi (generated)" id="1453715209675-103" dbms="oracle">
        <setColumnRemarks columnName="TERM_ID_" remarks="Term ID" tableName="T_RT_TERM_CALC_STEP"/>
    </changeSet>
    <changeSet author="jason.shi (generated)" id="1453715209675-104" dbms="oracle">
        <setColumnRemarks columnName="TRACKING_CONTENT" remarks="Tracking content" tableName="T_RT_TRACKING"/>
    </changeSet>
    <changeSet author="jason.shi (generated)" id="1453715209675-105" dbms="oracle">
        <setColumnRemarks columnName="TRACKING_FIELDS" remarks="Fields should be saved in rating tracking" tableName="T_RT_CONTEXT_DEFINITION"/>
    </changeSet>
    <changeSet author="jason.shi (generated)" id="1453715209675-106" dbms="oracle">
        <setColumnRemarks columnName="TRACKING_TIME" remarks="Tracking time" tableName="T_RT_TRACKING"/>
    </changeSet>
    <changeSet author="jason.shi (generated)" id="1453715209675-107" dbms="oracle">
        <setColumnRemarks columnName="UPDATE_BY" remarks="User Id who update this record,Refer T_PUB_USER" tableName="T_RT_WORKSHEET_DETAIL_BD"/>
    </changeSet>
    <changeSet author="jason.shi (generated)" id="1453715209675-108" dbms="oracle">
        <setColumnRemarks columnName="X_PATH_" remarks="Calculation node XPath" tableName="T_RT_TERM_CALCULATION"/>
    </changeSet>
    <changeSet author="jason.shi (generated)" id="1453715209675-109" dbms="oracle">
        <setColumnRemarks columnName="X_PATH_" remarks="Step XPath" tableName="T_RT_TERM_CALC_STEP"/>
    </changeSet>
</databaseChangeLog>
