<?xml version="1.0" encoding="UTF-8" standalone="no"?>
<databaseChangeLog xmlns="http://www.liquibase.org/xml/ns/dbchangelog" xmlns:ext="http://www.liquibase.org/xml/ns/dbchangelog-ext" xmlns:xsi="http://www.w3.org/2001/XMLSchema-instance" xsi:schemaLocation="http://www.liquibase.org/xml/ns/dbchangelog-ext http://www.liquibase.org/xml/ns/dbchangelog/dbchangelog-ext.xsd http://www.liquibase.org/xml/ns/dbchangelog http://www.liquibase.org/xml/ns/dbchangelog/dbchangelog-3.3.xsd">
    <changeSet author="jason.shi (generated)" id="1451396381831-1">
        <createTable tableName="ACTIVEMQ_ACKS">
            <column name="CONTAINER" type="VARCHAR2(250)">
                <constraints nullable="false"/>
            </column>
            <column name="SUB_DEST" type="VARCHAR2(250)"/>
            <column name="CLIENT_ID" type="VARCHAR2(250)">
                <constraints nullable="false"/>
            </column>
            <column name="SUB_NAME" type="VARCHAR2(250)">
                <constraints nullable="false"/>
            </column>
            <column name="SELECTOR" type="VARCHAR2(250)"/>
            <column name="LAST_ACKED_ID" type="NUMBER"/>
            <column defaultValueNumeric="5" name="PRIORITY" type="NUMBER">
                <constraints nullable="false"/>
            </column>
            <column name="XID" type="VARCHAR2(250)"/>
        </createTable>
    </changeSet>
    <changeSet author="jason.shi (generated)" id="1451396381831-2">
        <createTable tableName="ACTIVEMQ_LOCK">
            <column name="ID" type="NUMBER">
                <constraints nullable="false"/>
            </column>
            <column name="TIME" type="NUMBER"/>
            <column name="BROKER_NAME" type="VARCHAR2(250)"/>
        </createTable>
    </changeSet>
    <changeSet author="jason.shi (generated)" id="1451396381831-3">
        <createTable tableName="ACTIVEMQ_MSGS">
            <column name="ID" type="NUMBER">
                <constraints nullable="false"/>
            </column>
            <column name="CONTAINER" type="VARCHAR2(250)"/>
            <column name="MSGID_PROD" type="VARCHAR2(250)"/>
            <column name="MSGID_SEQ" type="NUMBER"/>
            <column name="EXPIRATION" type="NUMBER"/>
            <column name="MSG" type="BLOB"/>
            <column name="PRIORITY" type="NUMBER"/>
            <column name="XID" type="VARCHAR2(250)"/>
        </createTable>
    </changeSet>
    <changeSet author="jason.shi (generated)" id="1451396381831-4">
        <createTable tableName="ACT_EVT_LOG">
            <column name="LOG_NR_" type="NUMBER(19, 0)">
                <constraints nullable="false"/>
            </column>
            <column name="TYPE_" type="NVARCHAR2(64)"/>
            <column name="PROC_DEF_ID_" type="NVARCHAR2(64)"/>
            <column name="PROC_INST_ID_" type="NVARCHAR2(64)"/>
            <column name="EXECUTION_ID_" type="NVARCHAR2(64)"/>
            <column name="TASK_ID_" type="NVARCHAR2(64)"/>
            <column name="TIME_STAMP_" type="TIMESTAMP(6)">
                <constraints nullable="false"/>
            </column>
            <column name="USER_ID_" type="NVARCHAR2(255)"/>
            <column name="DATA_" type="BLOB"/>
            <column name="LOCK_OWNER_" type="NVARCHAR2(255)"/>
            <column name="LOCK_TIME_" type="TIMESTAMP(6)"/>
            <column defaultValueNumeric="0" name="IS_PROCESSED_" type="NUMBER(3, 0)"/>
        </createTable>
    </changeSet>
    <changeSet author="jason.shi (generated)" id="1451396381831-5">
        <createTable tableName="ACT_GE_BYTEARRAY">
            <column name="ID_" type="NVARCHAR2(64)">
                <constraints nullable="false"/>
            </column>
            <column name="REV_" type="NUMBER(10, 0)"/>
            <column name="NAME_" type="NVARCHAR2(255)"/>
            <column name="DEPLOYMENT_ID_" type="NVARCHAR2(64)"/>
            <column name="BYTES_" type="BLOB"/>
            <column name="GENERATED_" type="NUMBER(1, 0)"/>
        </createTable>
    </changeSet>
    <changeSet author="jason.shi (generated)" id="1451396381831-6">
        <createTable tableName="ACT_GE_PROPERTY">
            <column name="NAME_" type="NVARCHAR2(64)">
                <constraints nullable="false"/>
            </column>
            <column name="VALUE_" type="NVARCHAR2(300)"/>
            <column name="REV_" type="NUMBER(10, 0)"/>
        </createTable>
    </changeSet>
    <changeSet author="jason.shi (generated)" id="1451396381831-7">
        <createTable tableName="ACT_HI_ACTINST">
            <column name="ID_" type="NVARCHAR2(64)">
                <constraints nullable="false"/>
            </column>
            <column name="PROC_DEF_ID_" type="NVARCHAR2(64)">
                <constraints nullable="false"/>
            </column>
            <column name="PROC_INST_ID_" type="NVARCHAR2(64)">
                <constraints nullable="false"/>
            </column>
            <column name="EXECUTION_ID_" type="NVARCHAR2(64)">
                <constraints nullable="false"/>
            </column>
            <column name="ACT_ID_" type="NVARCHAR2(255)">
                <constraints nullable="false"/>
            </column>
            <column name="TASK_ID_" type="NVARCHAR2(64)"/>
            <column name="CALL_PROC_INST_ID_" type="NVARCHAR2(64)"/>
            <column name="ACT_NAME_" type="NVARCHAR2(255)"/>
            <column name="ACT_TYPE_" type="NVARCHAR2(255)">
                <constraints nullable="false"/>
            </column>
            <column name="ASSIGNEE_" type="NVARCHAR2(255)"/>
            <column name="START_TIME_" type="TIMESTAMP(6)">
                <constraints nullable="false"/>
            </column>
            <column name="END_TIME_" type="TIMESTAMP(6)"/>
            <column name="DURATION_" type="NUMBER(19, 0)"/>
            <column defaultValue="" name="TENANT_ID_" type="NVARCHAR2(255)"/>
        </createTable>
    </changeSet>
    <changeSet author="jason.shi (generated)" id="1451396381831-8">
        <createTable tableName="ACT_HI_ATTACHMENT">
            <column name="ID_" type="NVARCHAR2(64)">
                <constraints nullable="false"/>
            </column>
            <column name="REV_" type="NUMBER(10, 0)"/>
            <column name="USER_ID_" type="NVARCHAR2(255)"/>
            <column name="NAME_" type="NVARCHAR2(255)"/>
            <column name="DESCRIPTION_" type="NVARCHAR2(2000)"/>
            <column name="TYPE_" type="NVARCHAR2(255)"/>
            <column name="TASK_ID_" type="NVARCHAR2(64)"/>
            <column name="PROC_INST_ID_" type="NVARCHAR2(64)"/>
            <column name="URL_" type="NVARCHAR2(2000)"/>
            <column name="CONTENT_ID_" type="NVARCHAR2(64)"/>
            <column name="TIME_" type="TIMESTAMP(6)"/>
        </createTable>
    </changeSet>
    <changeSet author="jason.shi (generated)" id="1451396381831-9">
        <createTable tableName="ACT_HI_COMMENT">
            <column name="ID_" type="NVARCHAR2(64)">
                <constraints nullable="false"/>
            </column>
            <column name="TYPE_" type="NVARCHAR2(255)"/>
            <column name="TIME_" type="TIMESTAMP(6)">
                <constraints nullable="false"/>
            </column>
            <column name="USER_ID_" type="NVARCHAR2(255)"/>
            <column name="TASK_ID_" type="NVARCHAR2(64)"/>
            <column name="PROC_INST_ID_" type="NVARCHAR2(64)"/>
            <column name="ACTION_" type="NVARCHAR2(255)"/>
            <column name="MESSAGE_" type="NVARCHAR2(2000)"/>
            <column name="FULL_MSG_" type="BLOB"/>
        </createTable>
    </changeSet>
    <changeSet author="jason.shi (generated)" id="1451396381831-10">
        <createTable tableName="ACT_HI_DETAIL">
            <column name="ID_" type="NVARCHAR2(64)">
                <constraints nullable="false"/>
            </column>
            <column name="TYPE_" type="NVARCHAR2(255)">
                <constraints nullable="false"/>
            </column>
            <column name="PROC_INST_ID_" type="NVARCHAR2(64)"/>
            <column name="EXECUTION_ID_" type="NVARCHAR2(64)"/>
            <column name="TASK_ID_" type="NVARCHAR2(64)"/>
            <column name="ACT_INST_ID_" type="NVARCHAR2(64)"/>
            <column name="NAME_" type="NVARCHAR2(255)">
                <constraints nullable="false"/>
            </column>
            <column name="VAR_TYPE_" type="NVARCHAR2(64)"/>
            <column name="REV_" type="NUMBER(10, 0)"/>
            <column name="TIME_" type="TIMESTAMP(6)">
                <constraints nullable="false"/>
            </column>
            <column name="BYTEARRAY_ID_" type="NVARCHAR2(64)"/>
            <column name="DOUBLE_" type="NUMBER(20, 10)"/>
            <column name="LONG_" type="NUMBER(19, 0)"/>
            <column name="TEXT_" type="NVARCHAR2(2000)"/>
            <column name="TEXT2_" type="NVARCHAR2(2000)"/>
        </createTable>
    </changeSet>
    <changeSet author="jason.shi (generated)" id="1451396381831-11">
        <createTable tableName="ACT_HI_IDENTITYLINK">
            <column name="ID_" type="NVARCHAR2(64)">
                <constraints nullable="false"/>
            </column>
            <column name="GROUP_ID_" type="NVARCHAR2(255)"/>
            <column name="TYPE_" type="NVARCHAR2(255)"/>
            <column name="USER_ID_" type="NVARCHAR2(255)"/>
            <column name="TASK_ID_" type="NVARCHAR2(64)"/>
            <column name="PROC_INST_ID_" type="NVARCHAR2(64)"/>
        </createTable>
    </changeSet>
    <changeSet author="jason.shi (generated)" id="1451396381831-12">
        <createTable tableName="ACT_HI_PROCINST">
            <column name="ID_" type="NVARCHAR2(64)">
                <constraints nullable="false"/>
            </column>
            <column name="PROC_INST_ID_" type="NVARCHAR2(64)">
                <constraints nullable="false"/>
            </column>
            <column name="BUSINESS_KEY_" type="NVARCHAR2(255)"/>
            <column name="PROC_DEF_ID_" type="NVARCHAR2(64)">
                <constraints nullable="false"/>
            </column>
            <column name="START_TIME_" type="TIMESTAMP(6)">
                <constraints nullable="false"/>
            </column>
            <column name="END_TIME_" type="TIMESTAMP(6)"/>
            <column name="DURATION_" type="NUMBER(19, 0)"/>
            <column name="START_USER_ID_" type="NVARCHAR2(255)"/>
            <column name="START_ACT_ID_" type="NVARCHAR2(255)"/>
            <column name="END_ACT_ID_" type="NVARCHAR2(255)"/>
            <column name="SUPER_PROCESS_INSTANCE_ID_" type="NVARCHAR2(64)"/>
            <column name="DELETE_REASON_" type="NVARCHAR2(2000)"/>
            <column defaultValue="" name="TENANT_ID_" type="NVARCHAR2(255)"/>
            <column name="NAME_" type="NVARCHAR2(255)"/>
        </createTable>
    </changeSet>
    <changeSet author="jason.shi (generated)" id="1451396381831-13">
        <createTable tableName="ACT_HI_TASKINST">
            <column name="ID_" type="NVARCHAR2(64)">
                <constraints nullable="false"/>
            </column>
            <column name="PROC_DEF_ID_" type="NVARCHAR2(64)"/>
            <column name="TASK_DEF_KEY_" type="NVARCHAR2(255)"/>
            <column name="PROC_INST_ID_" type="NVARCHAR2(64)"/>
            <column name="EXECUTION_ID_" type="NVARCHAR2(64)"/>
            <column name="PARENT_TASK_ID_" type="NVARCHAR2(64)"/>
            <column name="NAME_" type="NVARCHAR2(255)"/>
            <column name="DESCRIPTION_" type="NVARCHAR2(2000)"/>
            <column name="OWNER_" type="NVARCHAR2(255)"/>
            <column name="ASSIGNEE_" type="NVARCHAR2(255)"/>
            <column name="START_TIME_" type="TIMESTAMP(6)">
                <constraints nullable="false"/>
            </column>
            <column name="CLAIM_TIME_" type="TIMESTAMP(6)"/>
            <column name="END_TIME_" type="TIMESTAMP(6)"/>
            <column name="DURATION_" type="NUMBER(19, 0)"/>
            <column name="DELETE_REASON_" type="NVARCHAR2(2000)"/>
            <column name="PRIORITY_" type="NUMBER(10, 0)"/>
            <column name="DUE_DATE_" type="TIMESTAMP(6)"/>
            <column name="FORM_KEY_" type="NVARCHAR2(255)"/>
            <column name="CATEGORY_" type="NVARCHAR2(255)"/>
            <column defaultValue="" name="TENANT_ID_" type="NVARCHAR2(255)"/>
        </createTable>
    </changeSet>
    <changeSet author="jason.shi (generated)" id="1451396381831-14">
        <createTable tableName="ACT_HI_VARINST">
            <column name="ID_" type="NVARCHAR2(64)">
                <constraints nullable="false"/>
            </column>
            <column name="PROC_INST_ID_" type="NVARCHAR2(64)"/>
            <column name="EXECUTION_ID_" type="NVARCHAR2(64)"/>
            <column name="TASK_ID_" type="NVARCHAR2(64)"/>
            <column name="NAME_" type="NVARCHAR2(255)">
                <constraints nullable="false"/>
            </column>
            <column name="VAR_TYPE_" type="NVARCHAR2(100)"/>
            <column name="REV_" type="NUMBER(10, 0)"/>
            <column name="BYTEARRAY_ID_" type="NVARCHAR2(64)"/>
            <column name="DOUBLE_" type="NUMBER(20, 10)"/>
            <column name="LONG_" type="NUMBER(19, 0)"/>
            <column name="TEXT_" type="NVARCHAR2(2000)"/>
            <column name="TEXT2_" type="NVARCHAR2(2000)"/>
            <column name="CREATE_TIME_" type="TIMESTAMP(6)"/>
            <column name="LAST_UPDATED_TIME_" type="TIMESTAMP(6)"/>
        </createTable>
    </changeSet>
    <changeSet author="jason.shi (generated)" id="1451396381831-15">
        <createTable tableName="ACT_ID_GROUP">
            <column name="ID_" type="NVARCHAR2(64)">
                <constraints nullable="false"/>
            </column>
            <column name="REV_" type="NUMBER(10, 0)"/>
            <column name="NAME_" type="NVARCHAR2(255)"/>
            <column name="TYPE_" type="NVARCHAR2(255)"/>
        </createTable>
    </changeSet>
    <changeSet author="jason.shi (generated)" id="1451396381831-16">
        <createTable tableName="ACT_ID_INFO">
            <column name="ID_" type="NVARCHAR2(64)">
                <constraints nullable="false"/>
            </column>
            <column name="REV_" type="NUMBER(10, 0)"/>
            <column name="USER_ID_" type="NVARCHAR2(64)"/>
            <column name="TYPE_" type="NVARCHAR2(64)"/>
            <column name="KEY_" type="NVARCHAR2(255)"/>
            <column name="VALUE_" type="NVARCHAR2(255)"/>
            <column name="PASSWORD_" type="BLOB"/>
            <column name="PARENT_ID_" type="NVARCHAR2(255)"/>
        </createTable>
    </changeSet>
    <changeSet author="jason.shi (generated)" id="1451396381831-17">
        <createTable tableName="ACT_ID_MEMBERSHIP">
            <column name="USER_ID_" type="NVARCHAR2(64)">
                <constraints nullable="false"/>
            </column>
            <column name="GROUP_ID_" type="NVARCHAR2(64)">
                <constraints nullable="false"/>
            </column>
        </createTable>
    </changeSet>
    <changeSet author="jason.shi (generated)" id="1451396381831-18">
        <createTable tableName="ACT_ID_USER">
            <column name="ID_" type="NVARCHAR2(64)">
                <constraints nullable="false"/>
            </column>
            <column name="REV_" type="NUMBER(10, 0)"/>
            <column name="FIRST_" type="NVARCHAR2(255)"/>
            <column name="LAST_" type="NVARCHAR2(255)"/>
            <column name="EMAIL_" type="NVARCHAR2(255)"/>
            <column name="PWD_" type="NVARCHAR2(255)"/>
            <column name="PICTURE_ID_" type="NVARCHAR2(64)"/>
        </createTable>
    </changeSet>
    <changeSet author="jason.shi (generated)" id="1451396381831-19">
        <createTable tableName="ACT_RE_DEPLOYMENT">
            <column name="ID_" type="NVARCHAR2(64)">
                <constraints nullable="false"/>
            </column>
            <column name="NAME_" type="NVARCHAR2(255)"/>
            <column name="CATEGORY_" type="NVARCHAR2(255)"/>
            <column defaultValue="" name="TENANT_ID_" type="NVARCHAR2(255)"/>
            <column name="DEPLOY_TIME_" type="TIMESTAMP(6)"/>
        </createTable>
    </changeSet>
    <changeSet author="jason.shi (generated)" id="1451396381831-20">
        <createTable tableName="ACT_RE_MODEL">
            <column name="ID_" type="NVARCHAR2(64)">
                <constraints nullable="false"/>
            </column>
            <column name="REV_" type="NUMBER(10, 0)"/>
            <column name="NAME_" type="NVARCHAR2(255)"/>
            <column name="KEY_" type="NVARCHAR2(255)"/>
            <column name="CATEGORY_" type="NVARCHAR2(255)"/>
            <column name="CREATE_TIME_" type="TIMESTAMP(6)"/>
            <column name="LAST_UPDATE_TIME_" type="TIMESTAMP(6)"/>
            <column name="VERSION_" type="NUMBER(10, 0)"/>
            <column name="META_INFO_" type="NVARCHAR2(2000)"/>
            <column name="DEPLOYMENT_ID_" type="NVARCHAR2(64)"/>
            <column name="EDITOR_SOURCE_VALUE_ID_" type="NVARCHAR2(64)"/>
            <column name="EDITOR_SOURCE_EXTRA_VALUE_ID_" type="NVARCHAR2(64)"/>
            <column defaultValue="" name="TENANT_ID_" type="NVARCHAR2(255)"/>
        </createTable>
    </changeSet>
    <changeSet author="jason.shi (generated)" id="1451396381831-21">
        <createTable tableName="ACT_RE_PROCDEF">
            <column name="ID_" type="NVARCHAR2(64)">
                <constraints nullable="false"/>
            </column>
            <column name="REV_" type="NUMBER(10, 0)"/>
            <column name="CATEGORY_" type="NVARCHAR2(255)"/>
            <column name="NAME_" type="NVARCHAR2(255)"/>
            <column name="KEY_" type="NVARCHAR2(255)">
                <constraints nullable="false"/>
            </column>
            <column name="VERSION_" type="NUMBER(10, 0)">
                <constraints nullable="false"/>
            </column>
            <column name="DEPLOYMENT_ID_" type="NVARCHAR2(64)"/>
            <column name="RESOURCE_NAME_" type="NVARCHAR2(2000)"/>
            <column name="DGRM_RESOURCE_NAME_" type="VARCHAR2(4000)"/>
            <column name="DESCRIPTION_" type="NVARCHAR2(2000)"/>
            <column name="HAS_START_FORM_KEY_" type="NUMBER(1, 0)"/>
            <column name="HAS_GRAPHICAL_NOTATION_" type="NUMBER(1, 0)"/>
            <column name="SUSPENSION_STATE_" type="NUMBER(10, 0)"/>
            <column defaultValue="" name="TENANT_ID_" type="NVARCHAR2(255)"/>
        </createTable>
    </changeSet>
    <changeSet author="jason.shi (generated)" id="1451396381831-22">
        <createTable tableName="ACT_RU_EVENT_SUBSCR">
            <column name="ID_" type="NVARCHAR2(64)">
                <constraints nullable="false"/>
            </column>
            <column name="REV_" type="NUMBER(10, 0)"/>
            <column name="EVENT_TYPE_" type="NVARCHAR2(255)">
                <constraints nullable="false"/>
            </column>
            <column name="EVENT_NAME_" type="NVARCHAR2(255)"/>
            <column name="EXECUTION_ID_" type="NVARCHAR2(64)"/>
            <column name="PROC_INST_ID_" type="NVARCHAR2(64)"/>
            <column name="ACTIVITY_ID_" type="NVARCHAR2(64)"/>
            <column name="CONFIGURATION_" type="NVARCHAR2(255)"/>
            <column name="CREATED_" type="TIMESTAMP(6)">
                <constraints nullable="false"/>
            </column>
            <column name="PROC_DEF_ID_" type="NVARCHAR2(64)"/>
            <column defaultValue="" name="TENANT_ID_" type="NVARCHAR2(255)"/>
        </createTable>
    </changeSet>
    <changeSet author="jason.shi (generated)" id="1451396381831-23">
        <createTable tableName="ACT_RU_EXECUTION">
            <column name="ID_" type="NVARCHAR2(64)">
                <constraints nullable="false"/>
            </column>
            <column name="REV_" type="NUMBER(10, 0)"/>
            <column name="PROC_INST_ID_" type="NVARCHAR2(64)"/>
            <column name="BUSINESS_KEY_" type="NVARCHAR2(255)"/>
            <column name="PARENT_ID_" type="NVARCHAR2(64)"/>
            <column name="PROC_DEF_ID_" type="NVARCHAR2(64)"/>
            <column name="SUPER_EXEC_" type="NVARCHAR2(64)"/>
            <column name="ACT_ID_" type="NVARCHAR2(255)"/>
            <column name="IS_ACTIVE_" type="NUMBER(1, 0)"/>
            <column name="IS_CONCURRENT_" type="NUMBER(1, 0)"/>
            <column name="IS_SCOPE_" type="NUMBER(1, 0)"/>
            <column name="IS_EVENT_SCOPE_" type="NUMBER(1, 0)"/>
            <column name="SUSPENSION_STATE_" type="NUMBER(10, 0)"/>
            <column name="CACHED_ENT_STATE_" type="NUMBER(10, 0)"/>
            <column defaultValue="" name="TENANT_ID_" type="NVARCHAR2(255)"/>
            <column name="NAME_" type="NVARCHAR2(255)"/>
            <column name="LOCK_TIME_" type="TIMESTAMP(6)"/>
        </createTable>
    </changeSet>
    <changeSet author="jason.shi (generated)" id="1451396381831-24">
        <createTable tableName="ACT_RU_IDENTITYLINK">
            <column name="ID_" type="NVARCHAR2(64)">
                <constraints nullable="false"/>
            </column>
            <column name="REV_" type="NUMBER(10, 0)"/>
            <column name="GROUP_ID_" type="NVARCHAR2(255)"/>
            <column name="TYPE_" type="NVARCHAR2(255)"/>
            <column name="USER_ID_" type="NVARCHAR2(255)"/>
            <column name="TASK_ID_" type="NVARCHAR2(64)"/>
            <column name="PROC_INST_ID_" type="NVARCHAR2(64)"/>
            <column name="PROC_DEF_ID_" type="NVARCHAR2(64)"/>
        </createTable>
    </changeSet>
    <changeSet author="jason.shi (generated)" id="1451396381831-25">
        <createTable tableName="ACT_RU_JOB">
            <column name="ID_" type="NVARCHAR2(64)">
                <constraints nullable="false"/>
            </column>
            <column name="REV_" type="NUMBER(10, 0)"/>
            <column name="TYPE_" type="NVARCHAR2(255)">
                <constraints nullable="false"/>
            </column>
            <column name="LOCK_EXP_TIME_" type="TIMESTAMP(6)"/>
            <column name="LOCK_OWNER_" type="NVARCHAR2(255)"/>
            <column name="EXCLUSIVE_" type="NUMBER(1, 0)"/>
            <column name="EXECUTION_ID_" type="NVARCHAR2(64)"/>
            <column name="PROCESS_INSTANCE_ID_" type="NVARCHAR2(64)"/>
            <column name="PROC_DEF_ID_" type="NVARCHAR2(64)"/>
            <column name="RETRIES_" type="NUMBER(10, 0)"/>
            <column name="EXCEPTION_STACK_ID_" type="NVARCHAR2(64)"/>
            <column name="EXCEPTION_MSG_" type="NVARCHAR2(2000)"/>
            <column name="DUEDATE_" type="TIMESTAMP(6)"/>
            <column name="REPEAT_" type="NVARCHAR2(255)"/>
            <column name="HANDLER_TYPE_" type="NVARCHAR2(255)"/>
            <column name="HANDLER_CFG_" type="NVARCHAR2(2000)"/>
            <column defaultValue="" name="TENANT_ID_" type="NVARCHAR2(255)"/>
        </createTable>
    </changeSet>
    <changeSet author="jason.shi (generated)" id="1451396381831-26">
        <createTable tableName="ACT_RU_TASK">
            <column name="ID_" type="NVARCHAR2(64)">
                <constraints nullable="false"/>
            </column>
            <column name="REV_" type="NUMBER(10, 0)"/>
            <column name="EXECUTION_ID_" type="NVARCHAR2(64)"/>
            <column name="PROC_INST_ID_" type="NVARCHAR2(64)"/>
            <column name="PROC_DEF_ID_" type="NVARCHAR2(64)"/>
            <column name="NAME_" type="NVARCHAR2(255)"/>
            <column name="PARENT_TASK_ID_" type="NVARCHAR2(64)"/>
            <column name="DESCRIPTION_" type="NVARCHAR2(2000)"/>
            <column name="TASK_DEF_KEY_" type="NVARCHAR2(255)"/>
            <column name="OWNER_" type="NVARCHAR2(255)"/>
            <column name="ASSIGNEE_" type="NVARCHAR2(255)"/>
            <column name="DELEGATION_" type="NVARCHAR2(64)"/>
            <column name="PRIORITY_" type="NUMBER(10, 0)"/>
            <column name="CREATE_TIME_" type="TIMESTAMP(6)"/>
            <column name="DUE_DATE_" type="TIMESTAMP(6)"/>
            <column name="CATEGORY_" type="NVARCHAR2(255)"/>
            <column name="SUSPENSION_STATE_" type="NUMBER(10, 0)"/>
            <column defaultValue="" name="TENANT_ID_" type="NVARCHAR2(255)"/>
            <column name="FORM_KEY_" type="NVARCHAR2(255)"/>
        </createTable>
    </changeSet>
    <changeSet author="jason.shi (generated)" id="1451396381831-27">
        <createTable tableName="ACT_RU_VARIABLE">
            <column name="ID_" type="NVARCHAR2(64)">
                <constraints nullable="false"/>
            </column>
            <column name="REV_" type="NUMBER(10, 0)"/>
            <column name="TYPE_" type="NVARCHAR2(255)">
                <constraints nullable="false"/>
            </column>
            <column name="NAME_" type="NVARCHAR2(255)">
                <constraints nullable="false"/>
            </column>
            <column name="EXECUTION_ID_" type="NVARCHAR2(64)"/>
            <column name="PROC_INST_ID_" type="NVARCHAR2(64)"/>
            <column name="TASK_ID_" type="NVARCHAR2(64)"/>
            <column name="BYTEARRAY_ID_" type="NVARCHAR2(64)"/>
            <column name="DOUBLE_" type="NUMBER(20, 10)"/>
            <column name="LONG_" type="NUMBER(19, 0)"/>
            <column name="TEXT_" type="NVARCHAR2(2000)"/>
            <column name="TEXT2_" type="NVARCHAR2(2000)"/>
        </createTable>
    </changeSet>
    <changeSet author="jason.shi (generated)" id="1451396381831-28">

        <addPrimaryKey columnNames="ID_" constraintName="SYS_C001380115"  tableName="ACT_ID_INFO"/>
    </changeSet>
    <changeSet author="jason.shi (generated)" id="1451396381831-29">

        <addPrimaryKey columnNames="ID_" constraintName="SYS_C001380116"  tableName="ACT_ID_USER"/>
    </changeSet>
    <changeSet author="jason.shi (generated)" id="1451396381831-30">

        <addPrimaryKey columnNames="USER_ID_, GROUP_ID_" constraintName="SYS_C001380117"  tableName="ACT_ID_MEMBERSHIP"/>
    </changeSet>
    <changeSet author="jason.shi (generated)" id="1451396381831-31">

        <addPrimaryKey columnNames="ID_" constraintName="SYS_C001380118"  tableName="ACT_ID_GROUP"/>
    </changeSet>
    <changeSet author="jason.shi (generated)" id="1451396381831-32">

        <addPrimaryKey columnNames="ID_" constraintName="SYS_C001380119"  tableName="ACT_HI_IDENTITYLINK"/>
    </changeSet>
    <changeSet author="jason.shi (generated)" id="1451396381831-33">

        <addPrimaryKey columnNames="ID_" constraintName="SYS_C001380120"  tableName="ACT_HI_ATTACHMENT"/>
    </changeSet>
    <changeSet author="jason.shi (generated)" id="1451396381831-34">

        <addPrimaryKey columnNames="ID_" constraintName="SYS_C001380121"  tableName="ACT_HI_COMMENT"/>
    </changeSet>
    <changeSet author="jason.shi (generated)" id="1451396381831-35">

        <addPrimaryKey columnNames="ID_" constraintName="SYS_C001380122"  tableName="ACT_HI_DETAIL"/>
    </changeSet>
    <changeSet author="jason.shi (generated)" id="1451396381831-36">
  
        <addPrimaryKey columnNames="ID_" constraintName="SYS_C001380123"  tableName="ACT_HI_VARINST"/>
    </changeSet>
    <changeSet author="jason.shi (generated)" id="1451396381831-37">

        <addPrimaryKey columnNames="ID_" constraintName="SYS_C001380124"  tableName="ACT_HI_TASKINST"/>
    </changeSet>
    <changeSet author="jason.shi (generated)" id="1451396381831-38">

        <addPrimaryKey columnNames="ID_" constraintName="SYS_C001380125"  tableName="ACT_HI_ACTINST"/>
    </changeSet>
    <changeSet author="jason.shi (generated)" id="1451396381831-39">
  
        <addPrimaryKey columnNames="ID_" constraintName="SYS_C001380126"  tableName="ACT_RU_EVENT_SUBSCR"/>
    </changeSet>
    <changeSet author="jason.shi (generated)" id="1451396381831-40">

        <addPrimaryKey columnNames="ID_" constraintName="SYS_C001380127"  tableName="ACT_RU_VARIABLE"/>
    </changeSet>
    <changeSet author="jason.shi (generated)" id="1451396381831-41">

        <addPrimaryKey columnNames="ID_" constraintName="SYS_C001380128"  tableName="ACT_RU_IDENTITYLINK"/>
    </changeSet>
    <changeSet author="jason.shi (generated)" id="1451396381831-42">

        <addPrimaryKey columnNames="ID_" constraintName="SYS_C001380129"  tableName="ACT_RU_TASK"/>
    </changeSet>
    <changeSet author="jason.shi (generated)" id="1451396381831-43">

        <addPrimaryKey columnNames="ID_" constraintName="SYS_C001380131"  tableName="ACT_RE_PROCDEF"/>
    </changeSet>
    <changeSet author="jason.shi (generated)" id="1451396381831-44">

        <addPrimaryKey columnNames="ID_" constraintName="SYS_C001380134"  tableName="ACT_RU_JOB"/>
    </changeSet>
    <changeSet author="jason.shi (generated)" id="1451396381831-45">

        <addPrimaryKey columnNames="ID_" constraintName="SYS_C001380136"  tableName="ACT_RU_EXECUTION"/>
    </changeSet>
    <changeSet author="jason.shi (generated)" id="1451396381831-46">

        <addPrimaryKey columnNames="ID_" constraintName="SYS_C001380141"  tableName="ACT_RE_MODEL"/>
    </changeSet>
    <changeSet author="jason.shi (generated)" id="1451396381831-47">

        <addPrimaryKey columnNames="ID_" constraintName="SYS_C001380142"  tableName="ACT_RE_DEPLOYMENT"/>
    </changeSet>
    <changeSet author="jason.shi (generated)" id="1451396381831-48">
 
        <addPrimaryKey columnNames="ID_" constraintName="SYS_C001380143"  tableName="ACT_GE_BYTEARRAY"/>
    </changeSet>
    <changeSet author="jason.shi (generated)" id="1451396381831-49">
 
        <addPrimaryKey columnNames="NAME_" constraintName="SYS_C001380145"  tableName="ACT_GE_PROPERTY"/>
    </changeSet>
    <changeSet author="jason.shi (generated)" id="1451396381831-50">
  
        <addPrimaryKey columnNames="ID" constraintName="SYS_C001380245"  tableName="ACTIVEMQ_LOCK"/>
    </changeSet>
    <changeSet author="jason.shi (generated)" id="1451396381831-51">
  
        <addPrimaryKey columnNames="ID" constraintName="SYS_C001380247"  tableName="ACTIVEMQ_MSGS"/>
    </changeSet>
    <changeSet author="jason.shi (generated)" id="1451396381831-52">

        <addPrimaryKey columnNames="ID_" constraintName="SYS_C001380524"  tableName="ACT_HI_PROCINST"/>
    </changeSet>
    <changeSet author="jason.shi (generated)" id="1451396381831-53">
   
        <addPrimaryKey columnNames="LOG_NR_" constraintName="SYS_C001380525"  tableName="ACT_EVT_LOG"/>
    </changeSet>
    <changeSet author="jason.shi (generated)" id="1451396381831-54">

        <addPrimaryKey columnNames="CONTAINER, CLIENT_ID, SUB_NAME, PRIORITY" constraintName="SYS_C001503375"  tableName="ACTIVEMQ_ACKS"/>
    </changeSet>
    <changeSet author="jason.shi (generated)" id="1451396381831-55">
        <createIndex indexName="ACTIVEMQ_ACKS_XIDX" tableName="ACTIVEMQ_ACKS">
            <column name="XID"/>
        </createIndex>
    </changeSet>
    <changeSet author="jason.shi (generated)" id="1451396381831-56">
        <createIndex indexName="ACTIVEMQ_MSGS_CIDX" tableName="ACTIVEMQ_MSGS">
            <column name="CONTAINER"/>
        </createIndex>
    </changeSet>
    <changeSet author="jason.shi (generated)" id="1451396381831-57">
        <createIndex indexName="ACTIVEMQ_MSGS_EIDX" tableName="ACTIVEMQ_MSGS">
            <column name="EXPIRATION"/>
        </createIndex>
    </changeSet>
    <changeSet author="jason.shi (generated)" id="1451396381831-58">
        <createIndex indexName="ACTIVEMQ_MSGS_MIDX" tableName="ACTIVEMQ_MSGS">
            <column name="MSGID_PROD"/>
            <column name="MSGID_SEQ"/>
        </createIndex>
    </changeSet>
    <changeSet author="jason.shi (generated)" id="1451396381831-59">
        <createIndex indexName="ACTIVEMQ_MSGS_PIDX" tableName="ACTIVEMQ_MSGS">
            <column name="PRIORITY"/>
        </createIndex>
    </changeSet>
    <changeSet author="jason.shi (generated)" id="1451396381831-60">
        <createIndex indexName="ACTIVEMQ_MSGS_XIDX" tableName="ACTIVEMQ_MSGS">
            <column name="XID"/>
        </createIndex>
    </changeSet>
    <changeSet author="jason.shi (generated)" id="1451396381831-61">
        <createIndex indexName="ACT_IDX_ATHRZ_PROCEDEF" tableName="ACT_RU_IDENTITYLINK">
            <column name="PROC_DEF_ID_"/>
        </createIndex>
    </changeSet>
    <changeSet author="jason.shi (generated)" id="1451396381831-62">
        <createIndex indexName="ACT_IDX_BYTEAR_DEPL" tableName="ACT_GE_BYTEARRAY">
            <column name="DEPLOYMENT_ID_"/>
        </createIndex>
    </changeSet>
    <changeSet author="jason.shi (generated)" id="1451396381831-63">
        <createIndex indexName="ACT_IDX_EVENT_SUBSCR" tableName="ACT_RU_EVENT_SUBSCR">
            <column name="EXECUTION_ID_"/>
        </createIndex>
    </changeSet>
    <changeSet author="jason.shi (generated)" id="1451396381831-64">
        <createIndex indexName="ACT_IDX_EVENT_SUBSCR_CONFIG_" tableName="ACT_RU_EVENT_SUBSCR">
            <column name="CONFIGURATION_"/>
        </createIndex>
    </changeSet>
    <changeSet author="jason.shi (generated)" id="1451396381831-65">
        <createIndex indexName="ACT_IDX_EXEC_BUSKEY" tableName="ACT_RU_EXECUTION">
            <column name="BUSINESS_KEY_"/>
        </createIndex>
    </changeSet>
    <changeSet author="jason.shi (generated)" id="1451396381831-66">
        <createIndex indexName="ACT_IDX_EXE_PARENT" tableName="ACT_RU_EXECUTION">
            <column name="PARENT_ID_"/>
        </createIndex>
    </changeSet>
    <changeSet author="jason.shi (generated)" id="1451396381831-67">
        <createIndex indexName="ACT_IDX_EXE_PROCDEF" tableName="ACT_RU_EXECUTION">
            <column name="PROC_DEF_ID_"/>
        </createIndex>
    </changeSet>
    <changeSet author="jason.shi (generated)" id="1451396381831-68">
        <createIndex indexName="ACT_IDX_EXE_PROCINST" tableName="ACT_RU_EXECUTION">
            <column name="PROC_INST_ID_"/>
        </createIndex>
    </changeSet>
    <changeSet author="jason.shi (generated)" id="1451396381831-69">
        <createIndex indexName="ACT_IDX_EXE_SUPER" tableName="ACT_RU_EXECUTION">
            <column name="SUPER_EXEC_"/>
        </createIndex>
    </changeSet>
    <changeSet author="jason.shi (generated)" id="1451396381831-70">
        <createIndex indexName="ACT_IDX_HI_ACT_INST_END" tableName="ACT_HI_ACTINST">
            <column name="END_TIME_"/>
        </createIndex>
    </changeSet>
    <changeSet author="jason.shi (generated)" id="1451396381831-71">
        <createIndex indexName="ACT_IDX_HI_ACT_INST_EXEC" tableName="ACT_HI_ACTINST">
            <column name="EXECUTION_ID_"/>
            <column name="ACT_ID_"/>
        </createIndex>
    </changeSet>
    <changeSet author="jason.shi (generated)" id="1451396381831-72">
        <createIndex indexName="ACT_IDX_HI_ACT_INST_PROCINST" tableName="ACT_HI_ACTINST">
            <column name="PROC_INST_ID_"/>
            <column name="ACT_ID_"/>
        </createIndex>
    </changeSet>
    <changeSet author="jason.shi (generated)" id="1451396381831-73">
        <createIndex indexName="ACT_IDX_HI_ACT_INST_START" tableName="ACT_HI_ACTINST">
            <column name="START_TIME_"/>
        </createIndex>
    </changeSet>
    <changeSet author="jason.shi (generated)" id="1451396381831-74">
        <createIndex indexName="ACT_IDX_HI_DETAIL_ACT_INST" tableName="ACT_HI_DETAIL">
            <column name="ACT_INST_ID_"/>
        </createIndex>
    </changeSet>
    <changeSet author="jason.shi (generated)" id="1451396381831-75">
        <createIndex indexName="ACT_IDX_HI_DETAIL_NAME" tableName="ACT_HI_DETAIL">
            <column name="NAME_"/>
        </createIndex>
    </changeSet>
    <changeSet author="jason.shi (generated)" id="1451396381831-76">
        <createIndex indexName="ACT_IDX_HI_DETAIL_PROC_INST" tableName="ACT_HI_DETAIL">
            <column name="PROC_INST_ID_"/>
        </createIndex>
    </changeSet>
    <changeSet author="jason.shi (generated)" id="1451396381831-77">
        <createIndex indexName="ACT_IDX_HI_DETAIL_TASK_ID" tableName="ACT_HI_DETAIL">
            <column name="TASK_ID_"/>
        </createIndex>
    </changeSet>
    <changeSet author="jason.shi (generated)" id="1451396381831-78">
        <createIndex indexName="ACT_IDX_HI_DETAIL_TIME" tableName="ACT_HI_DETAIL">
            <column name="TIME_"/>
        </createIndex>
    </changeSet>
    <changeSet author="jason.shi (generated)" id="1451396381831-79">
        <createIndex indexName="ACT_IDX_HI_IDENT_LNK_PROCINST" tableName="ACT_HI_IDENTITYLINK">
            <column name="PROC_INST_ID_"/>
        </createIndex>
    </changeSet>
    <changeSet author="jason.shi (generated)" id="1451396381831-80">
        <createIndex indexName="ACT_IDX_HI_IDENT_LNK_TASK" tableName="ACT_HI_IDENTITYLINK">
            <column name="TASK_ID_"/>
        </createIndex>
    </changeSet>
    <changeSet author="jason.shi (generated)" id="1451396381831-81">
        <createIndex indexName="ACT_IDX_HI_IDENT_LNK_USER" tableName="ACT_HI_IDENTITYLINK">
            <column name="USER_ID_"/>
        </createIndex>
    </changeSet>
    <changeSet author="jason.shi (generated)" id="1451396381831-82">
        <createIndex indexName="ACT_IDX_HI_PROCVAR_NAME_TYPE" tableName="ACT_HI_VARINST">
            <column name="NAME_"/>
            <column name="VAR_TYPE_"/>
        </createIndex>
    </changeSet>
    <changeSet author="jason.shi (generated)" id="1451396381831-83">
        <createIndex indexName="ACT_IDX_HI_PROCVAR_PROC_INST" tableName="ACT_HI_VARINST">
            <column name="PROC_INST_ID_"/>
        </createIndex>
    </changeSet>
    <changeSet author="jason.shi (generated)" id="1451396381831-84">
        <createIndex indexName="ACT_IDX_HI_PROCVAR_TASK_ID" tableName="ACT_HI_VARINST">
            <column name="TASK_ID_"/>
        </createIndex>
    </changeSet>
    <changeSet author="jason.shi (generated)" id="1451396381831-85">
        <createIndex indexName="ACT_IDX_HI_PRO_INST_END" tableName="ACT_HI_PROCINST">
            <column name="END_TIME_"/>
        </createIndex>
    </changeSet>
    <changeSet author="jason.shi (generated)" id="1451396381831-86">
        <createIndex indexName="ACT_IDX_HI_PRO_I_BUSKEY" tableName="ACT_HI_PROCINST">
            <column name="BUSINESS_KEY_"/>
        </createIndex>
    </changeSet>
    <changeSet author="jason.shi (generated)" id="1451396381831-87">
        <createIndex indexName="ACT_IDX_HI_TASK_INST_PROCINST" tableName="ACT_HI_TASKINST">
            <column name="PROC_INST_ID_"/>
        </createIndex>
    </changeSet>
    <changeSet author="jason.shi (generated)" id="1451396381831-88">
        <createIndex indexName="ACT_IDX_IDENT_LNK_GROUP" tableName="ACT_RU_IDENTITYLINK">
            <column name="GROUP_ID_"/>
        </createIndex>
    </changeSet>
    <changeSet author="jason.shi (generated)" id="1451396381831-89">
        <createIndex indexName="ACT_IDX_IDENT_LNK_USER" tableName="ACT_RU_IDENTITYLINK">
            <column name="USER_ID_"/>
        </createIndex>
    </changeSet>
    <changeSet author="jason.shi (generated)" id="1451396381831-90">
        <createIndex indexName="ACT_IDX_IDL_PROCINST" tableName="ACT_RU_IDENTITYLINK">
            <column name="PROC_INST_ID_"/>
        </createIndex>
    </changeSet>
    <changeSet author="jason.shi (generated)" id="1451396381831-91">
        <createIndex indexName="ACT_IDX_JOB_EXCEPTION" tableName="ACT_RU_JOB">
            <column name="EXCEPTION_STACK_ID_"/>
        </createIndex>
    </changeSet>
    <changeSet author="jason.shi (generated)" id="1451396381831-92">
        <createIndex indexName="ACT_IDX_MEMB_GROUP" tableName="ACT_ID_MEMBERSHIP">
            <column name="GROUP_ID_"/>
        </createIndex>
    </changeSet>
    <changeSet author="jason.shi (generated)" id="1451396381831-93">
        <createIndex indexName="ACT_IDX_MEMB_USER" tableName="ACT_ID_MEMBERSHIP">
            <column name="USER_ID_"/>
        </createIndex>
    </changeSet>
    <changeSet author="jason.shi (generated)" id="1451396381831-94">
        <createIndex indexName="ACT_IDX_MODEL_DEPLOYMENT" tableName="ACT_RE_MODEL">
            <column name="DEPLOYMENT_ID_"/>
        </createIndex>
    </changeSet>
    <changeSet author="jason.shi (generated)" id="1451396381831-95">
        <createIndex indexName="ACT_IDX_MODEL_SOURCE" tableName="ACT_RE_MODEL">
            <column name="EDITOR_SOURCE_VALUE_ID_"/>
        </createIndex>
    </changeSet>
    <changeSet author="jason.shi (generated)" id="1451396381831-96">
        <createIndex indexName="ACT_IDX_MODEL_SOURCE_EXTRA" tableName="ACT_RE_MODEL">
            <column name="EDITOR_SOURCE_EXTRA_VALUE_ID_"/>
        </createIndex>
    </changeSet>
    <changeSet author="jason.shi (generated)" id="1451396381831-97">
        <createIndex indexName="ACT_IDX_TASK_CREATE" tableName="ACT_RU_TASK">
            <column name="CREATE_TIME_"/>
        </createIndex>
    </changeSet>
    <changeSet author="jason.shi (generated)" id="1451396381831-98">
        <createIndex indexName="ACT_IDX_TASK_EXEC" tableName="ACT_RU_TASK">
            <column name="EXECUTION_ID_"/>
        </createIndex>
    </changeSet>
    <changeSet author="jason.shi (generated)" id="1451396381831-99">
        <createIndex indexName="ACT_IDX_TASK_PROCDEF" tableName="ACT_RU_TASK">
            <column name="PROC_DEF_ID_"/>
        </createIndex>
    </changeSet>
    <changeSet author="jason.shi (generated)" id="1451396381831-100">
        <createIndex indexName="ACT_IDX_TASK_PROCINST" tableName="ACT_RU_TASK">
            <column name="PROC_INST_ID_"/>
        </createIndex>
    </changeSet>
    <changeSet author="jason.shi (generated)" id="1451396381831-101">
        <createIndex indexName="ACT_IDX_TSKASS_TASK" tableName="ACT_RU_IDENTITYLINK">
            <column name="TASK_ID_"/>
        </createIndex>
    </changeSet>
    <changeSet author="jason.shi (generated)" id="1451396381831-102">
        <createIndex indexName="ACT_IDX_VARIABLE_TASK_ID" tableName="ACT_RU_VARIABLE">
            <column name="TASK_ID_"/>
        </createIndex>
    </changeSet>
    <changeSet author="jason.shi (generated)" id="1451396381831-103">
        <createIndex indexName="ACT_IDX_VAR_BYTEARRAY" tableName="ACT_RU_VARIABLE">
            <column name="BYTEARRAY_ID_"/>
        </createIndex>
    </changeSet>
    <changeSet author="jason.shi (generated)" id="1451396381831-104">
        <createIndex indexName="ACT_IDX_VAR_EXE" tableName="ACT_RU_VARIABLE">
            <column name="EXECUTION_ID_"/>
        </createIndex>
    </changeSet>
    <changeSet author="jason.shi (generated)" id="1451396381831-105">
        <createIndex indexName="ACT_IDX_VAR_PROCINST" tableName="ACT_RU_VARIABLE">
            <column name="PROC_INST_ID_"/>
        </createIndex>
    </changeSet>
    <changeSet author="jason.shi (generated)" id="1451396381831-106">
        <createIndex indexName="ACT_UNIQ_PROCDEF" tableName="ACT_RE_PROCDEF" unique="true">
            <column name="KEY_"/>
            <column name="VERSION_"/>
            <column name="TENANT_ID_"/>
        </createIndex>
    </changeSet>
    <changeSet author="jason.shi (generated)" id="1451396381831-107">
        <createIndex indexName="SYS_C001380523" tableName="ACT_HI_PROCINST" unique="true">
            <column name="PROC_INST_ID_"/>
        </createIndex>
    </changeSet>
    <changeSet author="jason.shi (generated)" id="1451396381831-108">
        <addForeignKeyConstraint baseColumnNames="PROC_DEF_ID_" baseTableName="ACT_RU_IDENTITYLINK" constraintName="ACT_FK_ATHRZ_PROCEDEF" deferrable="false" initiallyDeferred="false" onDelete="NO ACTION" onUpdate="NO ACTION" referencedColumnNames="ID_" referencedTableName="ACT_RE_PROCDEF"/>
    </changeSet>
    <changeSet author="jason.shi (generated)" id="1451396381831-109">
        <addForeignKeyConstraint baseColumnNames="DEPLOYMENT_ID_" baseTableName="ACT_GE_BYTEARRAY" constraintName="ACT_FK_BYTEARR_DEPL" deferrable="false" initiallyDeferred="false" onDelete="NO ACTION" onUpdate="NO ACTION" referencedColumnNames="ID_" referencedTableName="ACT_RE_DEPLOYMENT"/>
    </changeSet>
    <changeSet author="jason.shi (generated)" id="1451396381831-110">
        <addForeignKeyConstraint baseColumnNames="EXECUTION_ID_" baseTableName="ACT_RU_EVENT_SUBSCR" constraintName="ACT_FK_EVENT_EXEC" deferrable="false" initiallyDeferred="false" onDelete="NO ACTION" onUpdate="NO ACTION" referencedColumnNames="ID_" referencedTableName="ACT_RU_EXECUTION"/>
    </changeSet>
    <changeSet author="jason.shi (generated)" id="1451396381831-111">
        <addForeignKeyConstraint baseColumnNames="PARENT_ID_" baseTableName="ACT_RU_EXECUTION" constraintName="ACT_FK_EXE_PARENT" deferrable="false" initiallyDeferred="false" onDelete="NO ACTION" onUpdate="NO ACTION" referencedColumnNames="ID_" referencedTableName="ACT_RU_EXECUTION"/>
    </changeSet>
    <changeSet author="jason.shi (generated)" id="1451396381831-112">
        <addForeignKeyConstraint baseColumnNames="PROC_DEF_ID_" baseTableName="ACT_RU_EXECUTION" constraintName="ACT_FK_EXE_PROCDEF" deferrable="false" initiallyDeferred="false" onDelete="NO ACTION" onUpdate="NO ACTION" referencedColumnNames="ID_" referencedTableName="ACT_RE_PROCDEF"/>
    </changeSet>
    <changeSet author="jason.shi (generated)" id="1451396381831-113">
        <addForeignKeyConstraint baseColumnNames="PROC_INST_ID_" baseTableName="ACT_RU_EXECUTION" constraintName="ACT_FK_EXE_PROCINST" deferrable="false" initiallyDeferred="false" onDelete="NO ACTION" onUpdate="NO ACTION" referencedColumnNames="ID_" referencedTableName="ACT_RU_EXECUTION"/>
    </changeSet>
    <changeSet author="jason.shi (generated)" id="1451396381831-114">
        <addForeignKeyConstraint baseColumnNames="SUPER_EXEC_" baseTableName="ACT_RU_EXECUTION" constraintName="ACT_FK_EXE_SUPER" deferrable="false" initiallyDeferred="false" onDelete="NO ACTION" onUpdate="NO ACTION" referencedColumnNames="ID_" referencedTableName="ACT_RU_EXECUTION"/>
    </changeSet>
    <changeSet author="jason.shi (generated)" id="1451396381831-115">
        <addForeignKeyConstraint baseColumnNames="PROC_INST_ID_" baseTableName="ACT_RU_IDENTITYLINK" constraintName="ACT_FK_IDL_PROCINST" deferrable="false" initiallyDeferred="false" onDelete="NO ACTION" onUpdate="NO ACTION" referencedColumnNames="ID_" referencedTableName="ACT_RU_EXECUTION"/>
    </changeSet>
    <changeSet author="jason.shi (generated)" id="1451396381831-116">
        <addForeignKeyConstraint baseColumnNames="EXCEPTION_STACK_ID_" baseTableName="ACT_RU_JOB" constraintName="ACT_FK_JOB_EXCEPTION" deferrable="false" initiallyDeferred="false" onDelete="NO ACTION" onUpdate="NO ACTION" referencedColumnNames="ID_" referencedTableName="ACT_GE_BYTEARRAY"/>
    </changeSet>
    <changeSet author="jason.shi (generated)" id="1451396381831-117">
        <addForeignKeyConstraint baseColumnNames="GROUP_ID_" baseTableName="ACT_ID_MEMBERSHIP" constraintName="ACT_FK_MEMB_GROUP" deferrable="false" initiallyDeferred="false" onDelete="NO ACTION" onUpdate="NO ACTION" referencedColumnNames="ID_" referencedTableName="ACT_ID_GROUP"/>
    </changeSet>
    <changeSet author="jason.shi (generated)" id="1451396381831-118">
        <addForeignKeyConstraint baseColumnNames="USER_ID_" baseTableName="ACT_ID_MEMBERSHIP" constraintName="ACT_FK_MEMB_USER" deferrable="false" initiallyDeferred="false" onDelete="NO ACTION" onUpdate="NO ACTION" referencedColumnNames="ID_" referencedTableName="ACT_ID_USER"/>
    </changeSet>
    <changeSet author="jason.shi (generated)" id="1451396381831-119">
        <addForeignKeyConstraint baseColumnNames="DEPLOYMENT_ID_" baseTableName="ACT_RE_MODEL" constraintName="ACT_FK_MODEL_DEPLOYMENT" deferrable="false" initiallyDeferred="false" onDelete="NO ACTION" onUpdate="NO ACTION" referencedColumnNames="ID_" referencedTableName="ACT_RE_DEPLOYMENT"/>
    </changeSet>
    <changeSet author="jason.shi (generated)" id="1451396381831-120">
        <addForeignKeyConstraint baseColumnNames="EDITOR_SOURCE_VALUE_ID_" baseTableName="ACT_RE_MODEL" constraintName="ACT_FK_MODEL_SOURCE" deferrable="false" initiallyDeferred="false" onDelete="NO ACTION" onUpdate="NO ACTION" referencedColumnNames="ID_" referencedTableName="ACT_GE_BYTEARRAY"/>
    </changeSet>
    <changeSet author="jason.shi (generated)" id="1451396381831-121">
        <addForeignKeyConstraint baseColumnNames="EDITOR_SOURCE_EXTRA_VALUE_ID_" baseTableName="ACT_RE_MODEL" constraintName="ACT_FK_MODEL_SOURCE_EXTRA" deferrable="false" initiallyDeferred="false" onDelete="NO ACTION" onUpdate="NO ACTION" referencedColumnNames="ID_" referencedTableName="ACT_GE_BYTEARRAY"/>
    </changeSet>
    <changeSet author="jason.shi (generated)" id="1451396381831-122">
        <addForeignKeyConstraint baseColumnNames="EXECUTION_ID_" baseTableName="ACT_RU_TASK" constraintName="ACT_FK_TASK_EXE" deferrable="false" initiallyDeferred="false" onDelete="NO ACTION" onUpdate="NO ACTION" referencedColumnNames="ID_" referencedTableName="ACT_RU_EXECUTION"/>
    </changeSet>
    <changeSet author="jason.shi (generated)" id="1451396381831-123">
        <addForeignKeyConstraint baseColumnNames="PROC_DEF_ID_" baseTableName="ACT_RU_TASK" constraintName="ACT_FK_TASK_PROCDEF" deferrable="false" initiallyDeferred="false" onDelete="NO ACTION" onUpdate="NO ACTION" referencedColumnNames="ID_" referencedTableName="ACT_RE_PROCDEF"/>
    </changeSet>
    <changeSet author="jason.shi (generated)" id="1451396381831-124">
        <addForeignKeyConstraint baseColumnNames="PROC_INST_ID_" baseTableName="ACT_RU_TASK" constraintName="ACT_FK_TASK_PROCINST" deferrable="false" initiallyDeferred="false" onDelete="NO ACTION" onUpdate="NO ACTION" referencedColumnNames="ID_" referencedTableName="ACT_RU_EXECUTION"/>
    </changeSet>
    <changeSet author="jason.shi (generated)" id="1451396381831-125">
        <addForeignKeyConstraint baseColumnNames="TASK_ID_" baseTableName="ACT_RU_IDENTITYLINK" constraintName="ACT_FK_TSKASS_TASK" deferrable="false" initiallyDeferred="false" onDelete="NO ACTION" onUpdate="NO ACTION" referencedColumnNames="ID_" referencedTableName="ACT_RU_TASK"/>
    </changeSet>
    <changeSet author="jason.shi (generated)" id="1451396381831-126">
        <addForeignKeyConstraint baseColumnNames="BYTEARRAY_ID_" baseTableName="ACT_RU_VARIABLE" constraintName="ACT_FK_VAR_BYTEARRAY" deferrable="false" initiallyDeferred="false" onDelete="NO ACTION" onUpdate="NO ACTION" referencedColumnNames="ID_" referencedTableName="ACT_GE_BYTEARRAY"/>
    </changeSet>
    <changeSet author="jason.shi (generated)" id="1451396381831-127">
        <addForeignKeyConstraint baseColumnNames="EXECUTION_ID_" baseTableName="ACT_RU_VARIABLE" constraintName="ACT_FK_VAR_EXE" deferrable="false" initiallyDeferred="false" onDelete="NO ACTION" onUpdate="NO ACTION" referencedColumnNames="ID_" referencedTableName="ACT_RU_EXECUTION"/>
    </changeSet>
    <changeSet author="jason.shi (generated)" id="1451396381831-128">
        <addForeignKeyConstraint baseColumnNames="PROC_INST_ID_" baseTableName="ACT_RU_VARIABLE" constraintName="ACT_FK_VAR_PROCINST" deferrable="false" initiallyDeferred="false" onDelete="NO ACTION" onUpdate="NO ACTION" referencedColumnNames="ID_" referencedTableName="ACT_RU_EXECUTION"/>
    </changeSet>
</databaseChangeLog>
