<?xml version="1.0" encoding="UTF-8" standalone="no"?>
<databaseChangeLog xmlns="http://www.liquibase.org/xml/ns/dbchangelog"
	xmlns:ext="http://www.liquibase.org/xml/ns/dbchangelog-ext" xmlns:xsi="http://www.w3.org/2001/XMLSchema-instance"
	xsi:schemaLocation="http://www.liquibase.org/xml/ns/dbchangelog-ext http://www.liquibase.org/xml/ns/dbchangelog/dbchangelog-ext.xsd http://www.liquibase.org/xml/ns/dbchangelog http://www.liquibase.org/xml/ns/dbchangelog/dbchangelog-3.3.xsd">
 
    <changeSet author="generated" id="20160341533_T_RI_SOA">
    	 <renameColumn 
            columnDataType="VARCHAR2(10)"
            newColumnName="CONTRACT_CODE"
            oldColumnName="CONTRACT_ID"                 
            tableName="T_RI_SOA"/> 
    </changeSet>
    <changeSet author="generated" id="20160341534_T_RI_SOA">    	
       <addColumn tableName="T_RI_SOA">
            <column name="CONTRACT_ID" type="NUMBER(10)"/>       
            <column name="CONTRACT_NAME" type="VARCHAR2(100)"/>           
       </addColumn>
       
    </changeSet>
    
    
    <changeSet author="generated" id="20160341533_T_RI_ACCT_EXCEP_CONT_DETAIL">
    <createSequence             
            incrementBy="1"
            maxValue="999999999999999999999999999"
            minValue="1"
            ordered="true"      
            sequenceName="S_RI_EXCEP_CON_DETAIL_ID"
            startValue="1"/>
     </changeSet>
     
     <changeSet author="generated" id="20160341533_T_RI_ACCT_REVALUATE_DETAIL">
    <createSequence             
            incrementBy="1"
            maxValue="999999999999999999999999999"
            minValue="1"
            ordered="true"      
            sequenceName="S_RI_ACCT_REVALUATE_ID"
            startValue="1"/>
     </changeSet>
      
	
</databaseChangeLog>