<?xml version="1.0" encoding="UTF-8" standalone="no"?>
<databaseChangeLog xmlns="http://www.liquibase.org/xml/ns/dbchangelog" xmlns:ext="http://www.liquibase.org/xml/ns/dbchangelog-ext" xmlns:xsi="http://www.w3.org/2001/XMLSchema-instance" xsi:schemaLocation="http://www.liquibase.org/xml/ns/dbchangelog-ext http://www.liquibase.org/xml/ns/dbchangelog/dbchangelog-ext.xsd http://www.liquibase.org/xml/ns/dbchangelog http://www.liquibase.org/xml/ns/dbchangelog/dbchangelog-3.3.xsd">
  <changeSet author="generated" id="201605241536_T_RI_ENTRY_CODE.data">
    <insert tableName="T_RI_ENTRY_CODE">
      <column name="ENTRY_CODE" value="0105"/>
      <column name="ENTRY_CODE_NAME" value="Exchange Gain/Loss Difference"/>
      <column name="DESCRIPTION" value="GL posting for settlement reversal"/>
      <column name="NEED_POST"/>
      <column name="SIGN"/>
      <column name="CASH_BALANCE"/>
      <column name="ESTIMATE_GROUP"/>
      <column name="STATEMENT_TYPE"/>
    </insert>
  </changeSet>
</databaseChangeLog>
