<?xml version="1.0" encoding="UTF-8" standalone="no"?>
<databaseChangeLog xmlns="http://www.liquibase.org/xml/ns/dbchangelog" xmlns:ext="http://www.liquibase.org/xml/ns/dbchangelog-ext" xmlns:xsi="http://www.w3.org/2001/XMLSchema-instance" xsi:schemaLocation="http://www.liquibase.org/xml/ns/dbchangelog-ext http://www.liquibase.org/xml/ns/dbchangelog/dbchangelog-ext.xsd http://www.liquibase.org/xml/ns/dbchangelog http://www.liquibase.org/xml/ns/dbchangelog/dbchangelog-3.3.xsd">
    <changeSet author="generated" id="201603231728_T_DD_BUSI_CODE_TABLE.data">
        <update tableName="T_DD_BUSI_CODE_TABLE">
            <column name="PREDICATE" value="entry_code not in ('4011','4015','4021','4023','4025','4041','4051','4053','4055','4061','4111','4115','4121','4123','4125','4141','4161')" type="VARCHAR2(4000)"/>
        	<where>CODE_TABLE_ID =	800004</where>
        </update>
        <update tableName="T_DD_BUSI_CODE_TABLE">
            <column name="PREDICATE" value="LATEST_STATUS in ('4','5')" type="VARCHAR2(4000)"/>
        	<where>CODE_TABLE_ID =	800014</where>
        </update>
    </changeSet>
</databaseChangeLog>
