<?xml version="1.0" encoding="UTF-8" standalone="no"?>
<databaseChangeLog xmlns="http://www.liquibase.org/xml/ns/dbchangelog" xmlns:ext="http://www.liquibase.org/xml/ns/dbchangelog-ext" xmlns:xsi="http://www.w3.org/2001/XMLSchema-instance" xsi:schemaLocation="http://www.liquibase.org/xml/ns/dbchangelog-ext http://www.liquibase.org/xml/ns/dbchangelog/dbchangelog-ext.xsd http://www.liquibase.org/xml/ns/dbchangelog http://www.liquibase.org/xml/ns/dbchangelog/dbchangelog-3.4.xsd">
    <changeSet author="jason.shi (generated)" id="1453715108645-9" dbms="oracle">
        <setTableRemarks remarks="3rd party payment platform" tableName="T_PUB_3RD_PAYMENT_PLATFORM"/>
    </changeSet>
    <changeSet author="jason.shi (generated)" id="1453715108645-10">
        <setTableRemarks remarks="account holder type definition" tableName="T_PUB_ACCOUNT_HOLDER_TYPE"/>
    </changeSet>
    <changeSet author="jason.shi (generated)" id="1453715108645-11">
        <setTableRemarks remarks="account purpose definition" tableName="T_PUB_ACCOUNT_PURPOSE"/>
    </changeSet>
    <changeSet author="jason.shi (generated)" id="1453715108645-12">
        <setTableRemarks remarks="account status definition" tableName="T_PUB_ACCOUNT_STATUS"/>
    </changeSet>
    <changeSet author="jason.shi (generated)" id="1453715108645-13">
        <setTableRemarks remarks="account type definition" tableName="T_PUB_ACCOUNT_TYPE"/>
    </changeSet>
    <changeSet author="jason.shi (generated)" id="1453715108645-14">
        <setTableRemarks remarks="bank definition" tableName="T_PUB_BANK"/>
    </changeSet>
    <changeSet author="jason.shi (generated)" id="1453715108645-15">
        <setTableRemarks remarks="commission category definition" tableName="T_PUB_COMMISSION_CATEGORY"/>
    </changeSet>
    <changeSet author="jason.shi (generated)" id="1453715108645-16">
        <setTableRemarks remarks="credit card type definition" tableName="T_PUB_CREDIT_CARD_TYPE"/>
    </changeSet>
    <changeSet author="jason.shi (generated)" id="1453715108645-17">
        <setTableRemarks remarks="currency definition" tableName="T_PUB_CURRENCY"/>
    </changeSet>
    <changeSet author="jason.shi (generated)" id="1453715108645-18">
        <setTableRemarks remarks="data type definition" tableName="T_PUB_DATA_TYPE"/>
    </changeSet>
    <changeSet author="jason.shi (generated)" id="1453715108645-19">
        <setTableRemarks remarks="fee type category" tableName="T_PUB_FEE_TYPE_CATEGORY"/>
    </changeSet>
    <changeSet author="jason.shi (generated)" id="1453715108645-20">
        <setTableRemarks remarks="Fee type definition" tableName="T_PUB_FEE_TYPE_DEFINITION"/>
    </changeSet>
    <changeSet author="jason.shi (generated)" id="1453715108645-21">
        <setTableRemarks remarks="Fee type mapping" tableName="T_PUB_FEE_TYPE_MAPPING"/>
    </changeSet>
    <changeSet author="jason.shi (generated)" id="1453715108645-22">
        <setTableRemarks remarks="fee type transaciton definition" tableName="T_PUB_FEE_TYPE_TRANS"/>
    </changeSet>
    <changeSet author="jason.shi (generated)" id="1453715108645-23">
        <setTableRemarks remarks="file upload task status" tableName="T_PUB_FILE_UPLOAD_TASK_STATUS"/>
    </changeSet>
    <changeSet author="jason.shi (generated)" id="1453715108645-24">
        <setTableRemarks remarks="file upload task type" tableName="T_PUB_FILE_UPLOAD_TASK_TYPE"/>
    </changeSet>
    <changeSet author="jason.shi (generated)" id="1453715108645-25">
        <setTableRemarks remarks="lock manage table" tableName="T_PUB_LOCK"/>
    </changeSet>
    <changeSet author="jason.shi (generated)" id="1453715108645-26">
        <setTableRemarks remarks="business numbering sequence table" tableName="T_PUB_NUMBERING_SEQ"/>
    </changeSet>
    <changeSet author="jason.shi (generated)" id="1453715108645-27">
        <setTableRemarks remarks="system parameter definition" tableName="T_PUB_PARA_DEF"/>
    </changeSet>
    <changeSet author="jason.shi (generated)" id="1453715108645-28">
        <setTableRemarks remarks="pay mode definition" tableName="T_PUB_PAY_MODE"/>
    </changeSet>
    <changeSet author="jason.shi (generated)" id="1453715108645-29">
        <setTableRemarks remarks="permission  definition" tableName="T_PUB_PERMISSION"/>
    </changeSet>
    <changeSet author="jason.shi (generated)" id="1453715108645-30">
        <setTableRemarks remarks="permission type definition" tableName="T_PUB_PERMISSION_TYPE"/>
    </changeSet>
    <changeSet author="jason.shi (generated)" id="1453715108645-31">
        <setTableRemarks remarks="record usage" tableName="T_PUB_RECORD_USAGE"/>
    </changeSet>
    <changeSet author="jason.shi (generated)" id="1453715108645-32">
        <setTableRemarks remarks="reinsurance lob definition" tableName="T_PUB_REINSURANCE_LOB"/>
    </changeSet>
    <changeSet author="jason.shi (generated)" id="1453715108645-33">
        <setTableRemarks remarks="reserve category definition" tableName="T_PUB_RESERVE_CATEGORY"/>
    </changeSet>
    <changeSet author="jason.shi (generated)" id="1453715108645-34">
        <setTableRemarks remarks="resource boundle tab;e" tableName="T_PUB_RESOURCE_BUNDLE"/>
    </changeSet>
    <changeSet author="jason.shi (generated)" id="1453715108645-35">
        <setTableRemarks remarks="user role type definition" tableName="T_PUB_ROLE_TYPE"/>
    </changeSet>
    <changeSet author="jason.shi (generated)" id="1453715108645-36">
        <setTableRemarks remarks="sequence table" tableName="T_PUB_SEQUENCE"/>
    </changeSet>
    <changeSet author="jason.shi (generated)" id="1453715108645-37">
        <setTableRemarks remarks="entity revision info" tableName="T_PUB_SUB_REVISION_INFO"/>
    </changeSet>
    <changeSet author="jason.shi (generated)" id="1453715108645-38">
        <setTableRemarks remarks="transaction implementation type" tableName="T_PUB_TRANSACTION_IMPL_TYPE"/>
    </changeSet>
    <changeSet author="jason.shi (generated)" id="1453715108645-39">
        <setTableRemarks remarks="transaction operation type" tableName="T_PUB_TRANSACTION_OP_TYPE"/>
    </changeSet>
    <changeSet author="jason.shi (generated)" id="1453715108645-40">
        <setTableRemarks remarks="role definition" tableName="T_PUB_UG_ROLE"/>
    </changeSet>
    <changeSet author="jason.shi (generated)" id="1453715108645-41">
        <setTableRemarks remarks="user group mapping" tableName="T_PUB_USER_GROUP"/>
    </changeSet>
    <changeSet author="jason.shi (generated)" id="1453715108645-42">
        <setColumnRemarks columnName="ACCOUNT_HOLDER_TYPE" remarks="account holder type" tableName="T_PUB_ACCOUNT_HOLDER_TYPE"/>
    </changeSet>
    <changeSet author="jason.shi (generated)" id="1453715108645-43">
        <setColumnRemarks columnName="ACCOUNT_PURPOSE" remarks="account purpose" tableName="T_PUB_ACCOUNT_PURPOSE"/>
    </changeSet>
    <changeSet author="jason.shi (generated)" id="1453715108645-44">
        <setColumnRemarks columnName="ACCOUNT_STATUS" remarks="account status" tableName="T_PUB_ACCOUNT_STATUS"/>
    </changeSet>
    <changeSet author="jason.shi (generated)" id="1453715108645-45">
        <setColumnRemarks columnName="ACCOUNT_TYPE" remarks="account type" tableName="T_PUB_ACCOUNT_TYPE"/>
    </changeSet>
    <changeSet author="jason.shi (generated)" id="1453715108645-46">
        <setColumnRemarks columnName="APPLICABLE_CONDITION" remarks="Application condition" tableName="T_PUB_FEE_TYPE_MAPPING"/>
    </changeSet>
    <changeSet author="jason.shi (generated)" id="1453715108645-47">
        <setColumnRemarks columnName="APPLICABLE_LEVEL" remarks="Application level" tableName="T_PUB_FEE_TYPE_MAPPING"/>
    </changeSet>
    <changeSet author="jason.shi (generated)" id="1453715108645-48">
        <setColumnRemarks columnName="ARCHIEVE_TIME" remarks="archive time" tableName="T_PUB_TX_IN_MESSAGE_HIS"/>
    </changeSet>
    <changeSet author="jason.shi (generated)" id="1453715108645-49">
        <setColumnRemarks columnName="BANK_CODE" remarks="bank code" tableName="T_PUB_BANK"/>
    </changeSet>
    <changeSet author="jason.shi (generated)" id="1453715108645-50">
        <setColumnRemarks columnName="BANK_ID" remarks="bank id" tableName="T_PUB_BANK"/>
    </changeSet>
    <changeSet author="jason.shi (generated)" id="1453715108645-51">
        <setColumnRemarks columnName="BANK_NAME" remarks="bank name" tableName="T_PUB_BANK"/>
    </changeSet>
    <changeSet author="jason.shi (generated)" id="1453715108645-52">
        <setColumnRemarks columnName="CATEGORY_ID" remarks="category id" tableName="T_PUB_FEE_TYPE_CATEGORY"/>
    </changeSet>
    <changeSet author="jason.shi (generated)" id="1453715108645-53">
        <setColumnRemarks columnName="CATEGORY_NAME" remarks="category name" tableName="T_PUB_FEE_TYPE_CATEGORY"/>
    </changeSet>
    <changeSet author="jason.shi (generated)" id="1453715108645-54">
        <setColumnRemarks columnName="CODE" remarks="category code" tableName="T_PUB_COMMISSION_CATEGORY"/>
    </changeSet>
    <changeSet author="jason.shi (generated)" id="1453715108645-55">
        <setColumnRemarks columnName="COMMISSION_CATEGORY_ID" remarks="category id" tableName="T_PUB_COMMISSION_CATEGORY"/>
    </changeSet>
    <changeSet author="jason.shi (generated)" id="1453715108645-56">
        <setColumnRemarks columnName="CREDIT_CARD_TYPE" remarks="card type" tableName="T_PUB_CREDIT_CARD_TYPE"/>
    </changeSet>
    <changeSet author="jason.shi (generated)" id="1453715108645-57">
        <setColumnRemarks columnName="CURRENCY_CODE" remarks="currency code" tableName="T_PUB_CURRENCY"/>
    </changeSet>
    <changeSet author="jason.shi (generated)" id="1453715108645-58">
        <setColumnRemarks columnName="CURRENCY_NAME" remarks="currency name" tableName="T_PUB_CURRENCY"/>
    </changeSet>
    <changeSet author="jason.shi (generated)" id="1453715108645-59">
        <setColumnRemarks columnName="CURRENCY_SIGN" remarks="currency sign" tableName="T_PUB_CURRENCY"/>
    </changeSet>
    <changeSet author="jason.shi (generated)" id="1453715108645-60">
        <setColumnRemarks columnName="DATA_TYPE" remarks="data type desc" tableName="T_PUB_DATA_TYPE"/>
    </changeSet>
    <changeSet author="jason.shi (generated)" id="1453715108645-61">
        <setColumnRemarks columnName="DESCRIPTION" remarks="category desc" tableName="T_PUB_COMMISSION_CATEGORY"/>
    </changeSet>
    <changeSet author="jason.shi (generated)" id="1453715108645-62">
        <setColumnRemarks columnName="DESCRIPTION" remarks="data type desc" tableName="T_PUB_DATA_TYPE"/>
    </changeSet>
    <changeSet author="jason.shi (generated)" id="1453715108645-63">
        <setColumnRemarks columnName="DESCRIPTION" remarks="description" tableName="T_PUB_LANGUAGE"/>
    </changeSet>
    <changeSet author="jason.shi (generated)" id="1453715108645-64">
        <setColumnRemarks columnName="END_EFFECTIVE_DATE" remarks="end effective date" tableName="T_PUB_SUB_REVISION_INFO"/>
    </changeSet>
    <changeSet author="jason.shi (generated)" id="1453715108645-65">
        <setColumnRemarks columnName="END_TIME" remarks="end time for this revision" tableName="T_PUB_SUB_REVISION_INFO"/>
    </changeSet>
    <changeSet author="jason.shi (generated)" id="1453715108645-66">
        <setColumnRemarks columnName="FEE_TYPE_CATEGORY_ID" remarks="fee type category id" tableName="T_PUB_FEE_TYPE_DEFINITION"/>
    </changeSet>
    <changeSet author="jason.shi (generated)" id="1453715108645-67">
        <setColumnRemarks columnName="FEE_TYPE_DESCRIPTION" remarks="type description name" tableName="T_PUB_FEE_TYPE_DEFINITION"/>
    </changeSet>
    <changeSet author="jason.shi (generated)" id="1453715108645-68">
        <setColumnRemarks columnName="FEE_TYPE_ID" remarks="fee type id" tableName="T_PUB_FEE_TYPE_DEFINITION"/>
    </changeSet>
    <changeSet author="jason.shi (generated)" id="1453715108645-69">
        <setColumnRemarks columnName="FEE_TYPE_ID" remarks="Fee type ID" tableName="T_PUB_FEE_TYPE_MAPPING"/>
    </changeSet>
    <changeSet author="jason.shi (generated)" id="1453715108645-70">
        <setColumnRemarks columnName="FEE_TYPE_NAME" remarks="type name" tableName="T_PUB_FEE_TYPE_DEFINITION"/>
    </changeSet>
    <changeSet author="jason.shi (generated)" id="1453715108645-71">
        <setColumnRemarks columnName="FEE_TYPE_TRANS_ID" remarks="Fee type transaction ID" tableName="T_PUB_FEE_TYPE_MAPPING"/>
    </changeSet>
    <changeSet author="jason.shi (generated)" id="1453715108645-72">
        <setColumnRemarks columnName="ID" remarks="T_PUB_PAYMENT_MODEL" tableName="T_PUB_PERMISSION"/>
    </changeSet>
    <changeSet author="jason.shi (generated)" id="1453715108645-73">
        <setColumnRemarks columnName="INDEX_NUM" remarks="index number under this mater entity" tableName="T_PUB_SUB_REVISION_INFO"/>
    </changeSet>
    <changeSet author="jason.shi (generated)" id="1453715108645-74">
        <setColumnRemarks columnName="INSERT_BY" remarks="User Id who insert this record,Refer T_PUB_USER" tableName="T_PUB_LANGUAGE"/>
    </changeSet>
    <changeSet author="jason.shi (generated)" id="1453715108645-75">
        <setColumnRemarks columnName="INSERT_TIME" remarks="Record Insert Time" tableName="T_PUB_LANGUAGE"/>
    </changeSet>
    <changeSet author="jason.shi (generated)" id="1453715108645-76">
        <setColumnRemarks columnName="INSTALLMENT_INDICATOR" remarks="Can be installment (N: No, Y: Yes)" tableName="T_PUB_FEE_TYPE_MAPPING"/>
    </changeSet>
    <changeSet author="jason.shi (generated)" id="1453715108645-77">
        <setColumnRemarks columnName="ISSUE_TIME" remarks="issue time" tableName="T_PUB_SUB_REVISION_INFO"/>
    </changeSet>
    <changeSet author="jason.shi (generated)" id="1453715108645-78">
        <setColumnRemarks columnName="IS_ACTIVE" remarks="is active, Y/N" tableName="T_PUB_LANGUAGE"/>
    </changeSet>
    <changeSet author="jason.shi (generated)" id="1453715108645-79">
        <setColumnRemarks columnName="IS_FIRST_EFFECTIVE_VERSION" remarks="is first effective version, NB Issue" tableName="T_PUB_SUB_REVISION_INFO"/>
    </changeSet>
    <changeSet author="jason.shi (generated)" id="1453715108645-80">
        <setColumnRemarks columnName="IS_ROLLBACKED" remarks="is revision rollbacked" tableName="T_PUB_SUB_REVISION_INFO"/>
    </changeSet>
    <changeSet author="jason.shi (generated)" id="1453715108645-81">
        <setColumnRemarks columnName="LANGUAGE_ID" remarks="language id" tableName="T_PUB_LANGUAGE"/>
    </changeSet>
    <changeSet author="jason.shi (generated)" id="1453715108645-82">
        <setColumnRemarks columnName="MASTER_ENTITY_ID" remarks="master entity Id for this revision" tableName="T_PUB_SUB_REVISION_INFO"/>
    </changeSet>
    <changeSet author="jason.shi (generated)" id="1453715108645-83">
        <setColumnRemarks columnName="MASTER_ENTITY_TYPE" remarks="master entity type" tableName="T_PUB_SUB_REVISION_INFO"/>
    </changeSet>
    <changeSet author="jason.shi (generated)" id="1453715108645-84">
        <setColumnRemarks columnName="MODE_NAME" remarks="pay mode name" tableName="T_PUB_PAY_MODE"/>
    </changeSet>
    <changeSet author="jason.shi (generated)" id="1453715108645-85">
        <setColumnRemarks columnName="NAME" remarks="commission category name" tableName="T_PUB_COMMISSION_CATEGORY"/>
    </changeSet>
    <changeSet author="jason.shi (generated)" id="1453715108645-86">
        <setColumnRemarks columnName="NAME" remarks="type name" tableName="T_PUB_DATA_TYPE"/>
    </changeSet>
    <changeSet author="jason.shi (generated)" id="1453715108645-87">
        <setColumnRemarks columnName="NEED_POST_FN" remarks="Need post fee to Finance (N: No, Y: Yes)" tableName="T_PUB_FEE_TYPE_MAPPING"/>
    </changeSet>
    <changeSet author="jason.shi (generated)" id="1453715108645-88">
        <setColumnRemarks columnName="NEED_POST_GL" remarks="Need post fee to GL(N: No, Y: Yes)" tableName="T_PUB_FEE_TYPE_MAPPING"/>
    </changeSet>
    <changeSet author="jason.shi (generated)" id="1453715108645-89">
        <setColumnRemarks columnName="NUMBERING" remarks="number format" tableName="T_PUB_NUMBERING_SEQ"/>
    </changeSet>
    <changeSet author="jason.shi (generated)" id="1453715108645-90">
        <setColumnRemarks columnName="NUMBERING_TYPE" remarks="numbering type" tableName="T_PUB_NUMBERING_SEQ"/>
    </changeSet>
    <changeSet author="jason.shi (generated)" id="1453715108645-91">
        <setColumnRemarks columnName="OPERATION_TYPE" remarks="operation type" tableName="T_PUB_TRANSACTION_OP_TYPE"/>
    </changeSet>
    <changeSet author="jason.shi (generated)" id="1453715108645-92">
        <setColumnRemarks columnName="ORG_ID" remarks="org id" tableName="T_PUB_PARA_VALUE"/>
    </changeSet>
    <changeSet author="jason.shi (generated)" id="1453715108645-93">
        <setColumnRemarks columnName="PARA_VALUE" remarks="parameter value" tableName="T_PUB_PARA_VALUE"/>
    </changeSet>
    <changeSet author="jason.shi (generated)" id="1453715108645-94">
        <setColumnRemarks columnName="PAY_MODE" remarks="pay mode" tableName="T_PUB_PAY_MODE"/>
    </changeSet>
    <changeSet author="jason.shi (generated)" id="1453715108645-96">
        <setColumnRemarks columnName="RECORD_USAGE" remarks="Record usage for definition data,ref T_PUB_RECORD_USAGE" tableName="T_PUB_LANGUAGE"/>
    </changeSet>
    <changeSet author="jason.shi (generated)" id="1453715108645-97">
        <setColumnRemarks columnName="RESULT_MESSAGE" remarks="result message" tableName="T_PUB_FILE_UPLOAD_TASK"/>
    </changeSet>
    <changeSet author="jason.shi (generated)" id="1453715108645-98">
        <setColumnRemarks columnName="REVISION_COMMENTS" remarks="revision comments" tableName="T_PUB_REVISION_INFO"/>
    </changeSet>
    <changeSet author="jason.shi (generated)" id="1453715108645-99">
        <setColumnRemarks columnName="REVISION_ID" remarks="reivison id,PK" tableName="T_PUB_REVISION_INFO"/>
    </changeSet>
    <changeSet author="jason.shi (generated)" id="1453715108645-100">
        <setColumnRemarks columnName="REVISION_ID" remarks="revision id" tableName="T_PUB_SUB_REVISION_INFO"/>
    </changeSet>
    <changeSet author="jason.shi (generated)" id="1453715108645-101">
        <setColumnRemarks columnName="REVISION_TIMESTAMP" remarks="revision create time" tableName="T_PUB_REVISION_INFO"/>
    </changeSet>
    <changeSet author="jason.shi (generated)" id="1453715108645-102">
        <setColumnRemarks columnName="ROLLBACK_TIME" remarks="rollback time" tableName="T_PUB_SUB_REVISION_INFO"/>
    </changeSet>
    <changeSet author="jason.shi (generated)" id="1453715108645-103">
        <setColumnRemarks columnName="SEQ_NUM" remarks="sequence number" tableName="T_PUB_NUMBERING_SEQ"/>
    </changeSet>
    <changeSet author="jason.shi (generated)" id="1453715108645-104">
        <setColumnRemarks columnName="SERVICE_IMPL_TYPE" remarks="service impl type" tableName="T_PUB_TRANSACTION_IMPL_TYPE"/>
    </changeSet>
    <changeSet author="jason.shi (generated)" id="1453715108645-105">
        <setColumnRemarks columnName="START_EFFECTIVE_DATE" remarks="revision effective date" tableName="T_PUB_SUB_REVISION_INFO"/>
    </changeSet>
    <changeSet author="jason.shi (generated)" id="1453715108645-106">
        <setColumnRemarks columnName="START_TIME" remarks="start time for this revision" tableName="T_PUB_SUB_REVISION_INFO"/>
    </changeSet>
    <changeSet author="jason.shi (generated)" id="1453715108645-107">
        <setColumnRemarks columnName="STATUS_NAME" remarks="status name" tableName="T_PUB_FILE_UPLOAD_TASK_STATUS"/>
    </changeSet>
    <changeSet author="jason.shi (generated)" id="1453715108645-108">
        <setColumnRemarks columnName="SUB_REVISION_COMMENTS" remarks="revision comments" tableName="T_PUB_SUB_REVISION_INFO"/>
    </changeSet>
    <changeSet author="jason.shi (generated)" id="1453715108645-109">
        <setColumnRemarks columnName="SUB_REVISION_ID" remarks="pk" tableName="T_PUB_SUB_REVISION_INFO"/>
    </changeSet>
    <changeSet author="jason.shi (generated)" id="1453715108645-110">
        <setColumnRemarks columnName="SUB_SYSTEM_ID" remarks="sub system id" tableName="T_PUB_SUB_SYSTEM"/>
    </changeSet>
    <changeSet author="jason.shi (generated)" id="1453715108645-111">
        <setColumnRemarks columnName="SUB_SYSTEM_NAME" remarks="sub system name" tableName="T_PUB_SUB_SYSTEM"/>
    </changeSet>
    <changeSet author="jason.shi (generated)" id="1453715108645-112">
        <setColumnRemarks columnName="TASK_STATUS" remarks="task status" tableName="T_PUB_FILE_UPLOAD_TASK_STATUS"/>
    </changeSet>
    <changeSet author="jason.shi (generated)" id="1453715108645-113">
        <setColumnRemarks columnName="TASK_TYPE" remarks="task type" tableName="T_PUB_FILE_UPLOAD_TASK_TYPE"/>
    </changeSet>
    <changeSet author="jason.shi (generated)" id="1453715108645-114">
        <setColumnRemarks columnName="THIRDPARTY_PAYMENT_PLATFORM" remarks="PK" tableName="T_PUB_3RD_PAYMENT_PLATFORM"/>
    </changeSet>
    <changeSet author="jason.shi (generated)" id="1453715108645-115">
        <setColumnRemarks columnName="TRANSACTION_ID" remarks="transaction id,auto generated" tableName="T_PUB_REVISION_INFO"/>
    </changeSet>
    <changeSet author="jason.shi (generated)" id="1453715108645-116">
        <setColumnRemarks columnName="TRANSACTION_TYPE" remarks="transaction type" tableName="T_PUB_REVISION_INFO"/>
    </changeSet>
    <changeSet author="jason.shi (generated)" id="1453715108645-117">
        <setColumnRemarks columnName="TRANS_CODE" remarks="Transaction code" tableName="T_PUB_FEE_TYPE_TRANS"/>
    </changeSet>
    <changeSet author="jason.shi (generated)" id="1453715108645-118">
        <setColumnRemarks columnName="TRANS_NAME" remarks="Transactin name" tableName="T_PUB_FEE_TYPE_TRANS"/>
    </changeSet>
    <changeSet author="jason.shi (generated)" id="1453715108645-119">
        <setColumnRemarks columnName="TYPE_NAME" remarks="type name" tableName="T_PUB_ACCOUNT_HOLDER_TYPE"/>
    </changeSet>
    <changeSet author="jason.shi (generated)" id="1453715108645-120">
        <setColumnRemarks columnName="TYPE_NAME" remarks="type name" tableName="T_PUB_ACCOUNT_TYPE"/>
    </changeSet>
    <changeSet author="jason.shi (generated)" id="1453715108645-121">
        <setColumnRemarks columnName="TYPE_NAME" remarks="credit card type name" tableName="T_PUB_CREDIT_CARD_TYPE"/>
    </changeSet>
    <changeSet author="jason.shi (generated)" id="1453715108645-122">
        <setColumnRemarks columnName="TYPE_NAME" remarks="task name" tableName="T_PUB_FILE_UPLOAD_TASK_TYPE"/>
    </changeSet>
    <changeSet author="jason.shi (generated)" id="1453715108645-123">
        <setColumnRemarks columnName="TYPE_NAME" remarks="transaction type name" tableName="T_PUB_TRANSACTION_IMPL_TYPE"/>
    </changeSet>
    <changeSet author="jason.shi (generated)" id="1453715108645-124">
        <setColumnRemarks columnName="TYPE_NAME" remarks="type name" tableName="T_PUB_TRANSACTION_OP_TYPE"/>
    </changeSet>
    <changeSet author="jason.shi (generated)" id="1453715108645-125">
        <setColumnRemarks columnName="TYPE_NAME" remarks="type name" tableName="T_PUB_YES_NO"/>
    </changeSet>
    <changeSet author="jason.shi (generated)" id="1453715108645-126">
        <setColumnRemarks columnName="UPDATE_BY" remarks="User Id who update this record,Refer T_PUB_USER" tableName="T_PUB_LANGUAGE"/>
    </changeSet>
    <changeSet author="jason.shi (generated)" id="1453715108645-127">
        <setColumnRemarks columnName="UPDATE_TIME" remarks="Record Update Time" tableName="T_PUB_LANGUAGE"/>
    </changeSet>
    <changeSet author="jason.shi (generated)" id="1453715108645-128">
        <setColumnRemarks columnName="UPLOAD_TASK_ID" remarks="upload task id" tableName="T_PUB_FILE_UPLOAD_TASK"/>
    </changeSet>
    <changeSet author="jason.shi (generated)" id="1453715108645-129">
        <setColumnRemarks columnName="USAGE_NAME" remarks="usage name" tableName="T_PUB_RECORD_USAGE"/>
    </changeSet>
    <changeSet author="jason.shi (generated)" id="1453715108645-130">
        <setColumnRemarks columnName="YES_NO" remarks="Yes/No" tableName="T_PUB_YES_NO"/>
    </changeSet>
	
	<changeSet author="jason.shi (generated)" id="1453811978785-2">
        <createTable tableName="T_PUB_PAYMENT_MODE">
            <column name="MODE_ID" remarks="mode id" type="NUMBER(19, 0)">
                <constraints nullable="false"/>
            </column>
            <column name="MODE_NAME" remarks="payment mode name" type="VARCHAR2(100)">
                <constraints nullable="false"/>
            </column>
            <column name="USED_TYPE" remarks="1-for collection,2-for payment,9-for both" type="NUMBER(3, 0)">
                <constraints nullable="false"/>
            </column>
        </createTable>
    </changeSet>
	
	<changeSet author="jason.shi (generated)" id="1453811978785-16">
       	 	<addPrimaryKey columnNames="MODE_ID" constraintName="PK_T_PUB_PAYMENT_MODEL"  tableName="T_PUB_PAYMENT_MODE"/>
	</changeSet>

	<changeSet author="generated" id="T_PUB_PAYMENT_MODE.DATA">
		<insert tableName="T_PUB_PAYMENT_MODE">
			<column name="MODE_ID" valueNumeric="1" />
			<column name="MODE_NAME" value="Cash" />
			<column name="USED_TYPE" valueNumeric="1" />
		</insert>
		<insert tableName="T_PUB_PAYMENT_MODE">
			<column name="MODE_ID" valueNumeric="2" />
			<column name="MODE_NAME" value="Check" />
			<column name="USED_TYPE" valueNumeric="9" />
		</insert>
		<insert tableName="T_PUB_PAYMENT_MODE">
			<column name="MODE_ID" valueNumeric="3" />
			<column name="MODE_NAME" value="Bank Transfer" />
			<column name="USED_TYPE" valueNumeric="9" />
		</insert>
		<insert tableName="T_PUB_PAYMENT_MODE">
			<column name="MODE_ID" valueNumeric="4" />
			<column name="MODE_NAME" value="Credit Card" />
			<column name="USED_TYPE" valueNumeric="1" />
		</insert>
	</changeSet>
</databaseChangeLog>
